{"(0, 1)": 0.8520241534130991, "(0, 2)": 0.46769606874681224, "(0, 3)": 0.5946228566890454, "(0, 4)": 0.642341945361496, "(0, 5)": 0.27840289459825274, "(0, 6)": 0.5128627480392287, "(0, 7)": 0.5079677629338315, "(0, 8)": 0.4297535702790476, "(1, 0)": 0.829309405947612, "(1, 2)": 0.41691513444234474, "(1, 3)": 0.5319106292936908, "(1, 4)": 0.6129498614820197, "(1, 5)": 0.19064712813201634, "(1, 6)": 0.49005520204113595, "(1, 7)": 0.4652907259924257, "(1, 8)": 0.3700586694641449, "(2, 0)": 0.4848242483865568, "(2, 1)": 0.5020760980299405, "(2, 3)": 0.5518272167346092, "(2, 4)": 0.5087508716836683, "(2, 5)": 0.36182521806288415, "(2, 6)": 0.4958136052102806, "(2, 7)": 0.5010201878287188, "(2, 8)": 0.4825358509598362, "(3, 0)": 0.7231566147282593, "(3, 1)": 0.7551573737693636, "(3, 2)": 0.648824479889218, "(3, 4)": 0.7686270484857148, "(3, 5)": 0.532593118214384, "(3, 6)": 0.7143377024918772, "(3, 7)": 0.7016608619923519, "(3, 8)": 0.6795693807115719, "(4, 0)": 0.9536481990765721, "(4, 1)": 0.9528587489215707, "(4, 2)": 0.9239629438183694, "(4, 3)": 0.9581264475515411, "(4, 5)": 0.9350662379352064, "(4, 6)": 0.9574073210447945, "(4, 7)": 0.95294641791079, "(4, 8)": 0.9431270937873618, "(5, 0)": 0.4667535567723283, "(5, 1)": 0.4807734846994949, "(5, 2)": 0.3736029308060548, "(5, 3)": 0.5543752427744607, "(5, 4)": 0.5806458058016111, "(5, 6)": 0.6970351828498271, "(5, 7)": 0.671290659924831, "(5, 8)": 0.6916000722756028, "(6, 0)": 0.5902674118309645, "(6, 1)": 0.6091842699652578, "(6, 2)": 0.4370854307833911, "(6, 3)": 0.7388961798344766, "(6, 4)": 0.7359182360712135, "(6, 5)": 0.6357475298407759, "(6, 7)": 0.8253428599150884, "(6, 8)": 0.8187947747699171, "(7, 0)": 0.7619499750995073, "(7, 1)": 0.7578846801978208, "(7, 2)": 0.6045038127508466, "(7, 3)": 0.8639432632965722, "(7, 4)": 0.8669420763851307, "(7, 5)": 0.896414058161023, "(7, 6)": 0.9327358669735674, "(7, 8)": 0.9671153029913228, "(8, 0)": 0.6733768497406156, "(8, 1)": 0.6687093090529181, "(8, 2)": 0.5305955709307109, "(8, 3)": 0.7689786319993082, "(8, 4)": 0.7852779307340696, "(8, 5)": 0.7595380824997081, "(8, 6)": 0.8687270067426228, "(8, 7)": 0.895358566738022}