{"(0, 1)": 0.8523466425422529, "(0, 2)": 0.4597987877184744, "(0, 3)": 0.5959325801341815, "(0, 4)": 0.6423212060547794, "(0, 5)": 0.2761579420852991, "(0, 6)": 0.5125436262668086, "(0, 7)": 0.5121730866599329, "(0, 8)": 0.43948562916264955, "(1, 0)": 0.8284193500944443, "(1, 2)": 0.41901843770353786, "(1, 3)": 0.5292954834248396, "(1, 4)": 0.607978267479824, "(1, 5)": 0.1927083892914746, "(1, 6)": 0.49035827660340137, "(1, 7)": 0.4681038332562597, "(1, 8)": 0.3732708611630896, "(2, 0)": 0.4838682398825632, "(2, 1)": 0.499435551568444, "(2, 3)": 0.5489664161061871, "(2, 4)": 0.5033836914529743, "(2, 5)": 0.36071929982947526, "(2, 6)": 0.49266066672155606, "(2, 7)": 0.4984430833821105, "(2, 8)": 0.48389459797934664, "(3, 0)": 0.7253986619271837, "(3, 1)": 0.757180349021574, "(3, 2)": 0.6482825299104502, "(3, 4)": 0.7659221576432317, "(3, 5)": 0.528353418809427, "(3, 6)": 0.7131197803041156, "(3, 7)": 0.7040750524094117, "(3, 8)": 0.6796032956178677, "(4, 0)": 0.9539752907030148, "(4, 1)": 0.9523179808937395, "(4, 2)": 0.9216242523315196, "(4, 3)": 0.9573892798234601, "(4, 5)": 0.9343507956634364, "(4, 6)": 0.9583189991700414, "(4, 7)": 0.953395771178368, "(4, 8)": 0.9430131378848166, "(5, 0)": 0.46700440655836295, "(5, 1)": 0.47402427016383364, "(5, 2)": 0.37091331166924013, "(5, 3)": 0.5575535250531083, "(5, 4)": 0.5795350572034765, "(5, 6)": 0.6964554523389725, "(5, 7)": 0.6699862298796968, "(5, 8)": 0.6864348308736545, "(6, 0)": 0.5957219020658855, "(6, 1)": 0.6176742022786238, "(6, 2)": 0.44133188625382935, "(6, 3)": 0.7368521576088893, "(6, 4)": 0.7299034540589109, "(6, 5)": 0.6387013599763258, "(6, 7)": 0.8239799212924892, "(6, 8)": 0.8158663039751548, "(7, 0)": 0.7617052198992962, "(7, 1)": 0.7602550721641707, "(7, 2)": 0.6048372529003707, "(7, 3)": 0.8625672797773178, "(7, 4)": 0.8650152258965891, "(7, 5)": 0.8993155265858513, "(7, 6)": 0.9345797053464246, "(7, 8)": 0.9684203609062175, "(8, 0)": 0.6769318296663892, "(8, 1)": 0.6701031437896623, "(8, 2)": 0.5282685826886229, "(8, 3)": 0.7653556843536256, "(8, 4)": 0.7823003656899706, "(8, 5)": 0.757371553597148, "(8, 6)": 0.8676854724001377, "(8, 7)": 0.8935281883128248}