{"(0, 1)": 0.8528848803421412, "(0, 2)": 0.4581340374908969, "(0, 3)": 0.591984902086538, "(0, 4)": 0.6391116543007115, "(0, 5)": 0.2800199644120034, "(0, 6)": 0.5151770377877005, "(0, 7)": 0.5122280062650869, "(0, 8)": 0.43784146805403734, "(1, 0)": 0.8294260373069079, "(1, 2)": 0.4146837878940821, "(1, 3)": 0.5337865427916006, "(1, 4)": 0.6106886777204401, "(1, 5)": 0.19083706330169914, "(1, 6)": 0.48997752266547, "(1, 7)": 0.46640294349621103, "(1, 8)": 0.3771756569739416, "(2, 0)": 0.4842587114538345, "(2, 1)": 0.5033007401183917, "(2, 3)": 0.545855595913971, "(2, 4)": 0.5033866128591237, "(2, 5)": 0.3610233839810737, "(2, 6)": 0.49366586290240744, "(2, 7)": 0.49576045958627, "(2, 8)": 0.4808261709891949, "(3, 0)": 0.7229638016123527, "(3, 1)": 0.7556452236872504, "(3, 2)": 0.6502516123928018, "(3, 4)": 0.7657783404567603, "(3, 5)": 0.5291825355346502, "(3, 6)": 0.7101000472705657, "(3, 7)": 0.7031024293424808, "(3, 8)": 0.6776347995943623, "(4, 0)": 0.9543478064665755, "(4, 1)": 0.9533421919123538, "(4, 2)": 0.9248408419218965, "(4, 3)": 0.9586416067532469, "(4, 5)": 0.9356639432871376, "(4, 6)": 0.9584686475560966, "(4, 7)": 0.9548679568692171, "(4, 8)": 0.9437542039717092, "(5, 0)": 0.46674469427585885, "(5, 1)": 0.4732651015345879, "(5, 2)": 0.37524155993101593, "(5, 3)": 0.5555463754534631, "(5, 4)": 0.5801052137041001, "(5, 6)": 0.6974490006764846, "(5, 7)": 0.6690932543800753, "(5, 8)": 0.6920764032188198, "(6, 0)": 0.5935613028624066, "(6, 1)": 0.6156469007148542, "(6, 2)": 0.4411391405391074, "(6, 3)": 0.7392209662738627, "(6, 4)": 0.7337141190367151, "(6, 5)": 0.640176465951501, "(6, 7)": 0.8270386107565597, "(6, 8)": 0.8184921858595081, "(7, 0)": 0.7592502503944195, "(7, 1)": 0.7582457102903802, "(7, 2)": 0.6006686507884849, "(7, 3)": 0.8625628770864974, "(7, 4)": 0.8653224790860432, "(7, 5)": 0.8992690407422321, "(7, 6)": 0.9323098536719205, "(7, 8)": 0.967889801401608, "(8, 0)": 0.6770008545434819, "(8, 1)": 0.6670272563232014, "(8, 2)": 0.5279610084707659, "(8, 3)": 0.767714167391551, "(8, 4)": 0.7835369484614723, "(8, 5)": 0.7594445472158339, "(8, 6)": 0.8695459935756971, "(8, 7)": 0.8958327523621661}