{"(0, 1)": 0.8501041378783716, "(0, 2)": 0.46422585962437957, "(0, 3)": 0.5971312734288009, "(0, 4)": 0.6413297010540516, "(0, 5)": 0.2790829054289974, "(0, 6)": 0.51043246038188, "(0, 7)": 0.5090416704216032, "(0, 8)": 0.4281372295814976, "(1, 0)": 0.8288588279867634, "(1, 2)": 0.4170642584827995, "(1, 3)": 0.5304924058277981, "(1, 4)": 0.6115521053111334, "(1, 5)": 0.1929103947430839, "(1, 6)": 0.4901924716911644, "(1, 7)": 0.46427211281627956, "(1, 8)": 0.36972702746824493, "(2, 0)": 0.48500496465504483, "(2, 1)": 0.5017652685961467, "(2, 3)": 0.550444823411796, "(2, 4)": 0.5081648602464776, "(2, 5)": 0.35961589689859064, "(2, 6)": 0.49325157347692306, "(2, 7)": 0.49816257202060343, "(2, 8)": 0.4811897920624584, "(3, 0)": 0.725933873263042, "(3, 1)": 0.7579227736219851, "(3, 2)": 0.6445998805184321, "(3, 4)": 0.7688097777261946, "(3, 5)": 0.5303580790869833, "(3, 6)": 0.7084230404022429, "(3, 7)": 0.7021024500931894, "(3, 8)": 0.6770398135836826, "(4, 0)": 0.9529689253325626, "(4, 1)": 0.9504559922515721, "(4, 2)": 0.9193701024349265, "(4, 3)": 0.9564419144987502, "(4, 5)": 0.9341028451541908, "(4, 6)": 0.9603642919519684, "(4, 7)": 0.9546760647950111, "(4, 8)": 0.9435086497878875, "(5, 0)": 0.4674642333107826, "(5, 1)": 0.47147214807102633, "(5, 2)": 0.3669409858520495, "(5, 3)": 0.552239598091167, "(5, 4)": 0.5800151189590224, "(5, 6)": 0.701735271485963, "(5, 7)": 0.6682609908307551, "(5, 8)": 0.6876400149293045, "(6, 0)": 0.5930621480331046, "(6, 1)": 0.6114928382970157, "(6, 2)": 0.4355277017467283, "(6, 3)": 0.7366565957639858, "(6, 4)": 0.7355603311116146, "(6, 5)": 0.6424312004607791, "(6, 7)": 0.8256693753375067, "(6, 8)": 0.8188872850761904, "(7, 0)": 0.7588303135660772, "(7, 1)": 0.7569421245148493, "(7, 2)": 0.6016254146589571, "(7, 3)": 0.8595910907434272, "(7, 4)": 0.8661920481252303, "(7, 5)": 0.8981844693713339, "(7, 6)": 0.934389012120002, "(7, 8)": 0.9671170222007103, "(8, 0)": 0.6738562240768932, "(8, 1)": 0.6670138102232765, "(8, 2)": 0.5256916897393202, "(8, 3)": 0.7636757352925713, "(8, 4)": 0.7850353005375774, "(8, 5)": 0.7572663733956664, "(8, 6)": 0.8692313157341732, "(8, 7)": 0.8960583203339771}