{"(0, 1)": 0.8525117469696958, "(0, 2)": 0.4583402412437988, "(0, 3)": 0.5917754855590406, "(0, 4)": 0.6389247354677472, "(0, 5)": 0.28147136560991104, "(0, 6)": 0.512213930329559, "(0, 7)": 0.5100617211731897, "(0, 8)": 0.43080509087054353, "(1, 0)": 0.8306823117467478, "(1, 2)": 0.4094286171507435, "(1, 3)": 0.5287828478699197, "(1, 4)": 0.609554506818464, "(1, 5)": 0.19015771329676556, "(1, 6)": 0.4882725739150605, "(1, 7)": 0.46161974157421015, "(1, 8)": 0.3688254256211114, "(2, 0)": 0.4749034116002725, "(2, 1)": 0.4968022402756185, "(2, 3)": 0.5464687516137197, "(2, 4)": 0.5048123050894624, "(2, 5)": 0.3596331105769499, "(2, 6)": 0.4900124548708441, "(2, 7)": 0.4944736191673471, "(2, 8)": 0.4826978057445853, "(3, 0)": 0.7233581395650992, "(3, 1)": 0.7529077189107776, "(3, 2)": 0.6483715732743653, "(3, 4)": 0.7671786231878442, "(3, 5)": 0.5356692551079026, "(3, 6)": 0.7111176024266225, "(3, 7)": 0.7051030799727487, "(3, 8)": 0.6770196558529269, "(4, 0)": 0.9547827702761708, "(4, 1)": 0.9535602413667064, "(4, 2)": 0.9222443350367603, "(4, 3)": 0.9578971278698069, "(4, 5)": 0.9329181635821842, "(4, 6)": 0.9597075656868739, "(4, 7)": 0.9529969589983615, "(4, 8)": 0.9449257023815132, "(5, 0)": 0.4713121199002921, "(5, 1)": 0.4804177691380287, "(5, 2)": 0.37445230305988464, "(5, 3)": 0.5589747387065487, "(5, 4)": 0.5846333113005788, "(5, 6)": 0.7043436851875344, "(5, 7)": 0.6723698944464531, "(5, 8)": 0.6929753006064885, "(6, 0)": 0.592936553265694, "(6, 1)": 0.6111388637004773, "(6, 2)": 0.4388978708557937, "(6, 3)": 0.7396665882849247, "(6, 4)": 0.7333066427932267, "(6, 5)": 0.6401652360533717, "(6, 7)": 0.8245714099624053, "(6, 8)": 0.8182937933535682, "(7, 0)": 0.7580368774345636, "(7, 1)": 0.7575253331121014, "(7, 2)": 0.5978056772529942, "(7, 3)": 0.8595160849044365, "(7, 4)": 0.8657911953768382, "(7, 5)": 0.8991413996064656, "(7, 6)": 0.9340335812564797, "(7, 8)": 0.9677182692128816, "(8, 0)": 0.6760186991435617, "(8, 1)": 0.664923986090455, "(8, 2)": 0.5268887287189563, "(8, 3)": 0.7633849084658096, "(8, 4)": 0.7792663764586532, "(8, 5)": 0.7545520386784847, "(8, 6)": 0.8672566486343454, "(8, 7)": 0.8919110110989239}