{"(0, 1)": 0.1467896608757706, "(0, 2)": 0.10694754795971029, "(0, 3)": 0.18724316173463773, "(1, 0)": 0.18851061319651274, "(1, 2)": 0.16864328662916928, "(1, 3)": 0.22682430544598453, "(2, 0)": 0.13460672497256254, "(2, 1)": 0.19232796413933428, "(2, 3)": 0.5830181744977123, "(3, 0)": 0.147294465366967, "(3, 1)": 0.14038418499165561, "(3, 2)": 0.5243378697711908}