{"(0, 1)": 0.13936480559426268, "(0, 2)": 0.0944588532462356, "(0, 3)": 0.18612562823991907, "(1, 0)": 0.18144415903592837, "(1, 2)": 0.16866659153838348, "(1, 3)": 0.22444412512521172, "(2, 0)": 0.14537383546303384, "(2, 1)": 0.18866730894813044, "(2, 3)": 0.5831435402280883, "(3, 0)": 0.14243839604456499, "(3, 1)": 0.14538676999477285, "(3, 2)": 0.5152662296054886}