{"(0, 1)": 0.1459292719020705, "(0, 2)": 0.10764979308145972, "(0, 3)": 0.18471591067160065, "(1, 0)": 0.18637811978062524, "(1, 2)": 0.1650199614173209, "(1, 3)": 0.22231605734451143, "(2, 0)": 0.1421362957339487, "(2, 1)": 0.20021561618341444, "(2, 3)": 0.5789401579152254, "(3, 0)": 0.14834159966758487, "(3, 1)": 0.15002145891831464, "(3, 2)": 0.5107494553742772}