{"(0, 1)": 0.14614809969821374, "(0, 2)": 0.10591992640708181, "(0, 3)": 0.18910252427564966, "(1, 0)": 0.18544279369726957, "(1, 2)": 0.16139744701877723, "(1, 3)": 0.21951165435589837, "(2, 0)": 0.14701948118698638, "(2, 1)": 0.19278454365695075, "(2, 3)": 0.5763482914200109, "(3, 0)": 0.147789179647974, "(3, 1)": 0.14245908281553987, "(3, 2)": 0.5134570897077169}