{"(0, 1)": 0.14069896037393204, "(0, 2)": 0.10148382583770865, "(0, 3)": 0.1851555917883113, "(1, 0)": 0.17712832764192266, "(1, 2)": 0.17391365490557054, "(1, 3)": 0.21973354054478222, "(2, 0)": 0.1382881882928807, "(2, 1)": 0.1891961034429035, "(2, 3)": 0.5807638105087097, "(3, 0)": 0.14726168345522506, "(3, 1)": 0.1488781987804516, "(3, 2)": 0.5161157865866739}