{"(0, 1)": 0.17486543162106105, "(0, 2)": 0.18216113538645318, "(0, 3)": 0.19832824211226074, "(0, 4)": 0.11374056896393758, "(1, 0)": 0.19311296101581532, "(1, 2)": 0.10370082494690014, "(1, 3)": 0.19969935401679673, "(1, 4)": 0.13731382009638893, "(2, 0)": 0.28350982870988706, "(2, 1)": 0.0851838340716411, "(2, 3)": 0.050243774353932236, "(2, 4)": 0.025816969224703, "(3, 0)": 0.295750097766017, "(3, 1)": 0.24158897109319344, "(3, 2)": 0.15064478361566913, "(3, 4)": 0.6692035934739966, "(4, 0)": 0.2036920713321405, "(4, 1)": 0.22528857896032428, "(4, 2)": 0.12878308505518976, "(4, 3)": 0.6444556478063588}