{"(0, 1)": 0.1750687051683224, "(0, 2)": 0.1804230543013864, "(0, 3)": 0.18850368868151235, "(0, 4)": 0.1121012770384463, "(1, 0)": 0.19329694124355257, "(1, 2)": 0.10261086785886475, "(1, 3)": 0.193058863920617, "(1, 4)": 0.1311475174594544, "(2, 0)": 0.2787507662067238, "(2, 1)": 0.08391752328792068, "(2, 3)": 0.04856149292888379, "(2, 4)": 0.026056758035499228, "(3, 0)": 0.29737627542145595, "(3, 1)": 0.24268263472135676, "(3, 2)": 0.14641879791635926, "(3, 4)": 0.6694144090246956, "(4, 0)": 0.20052730708155986, "(4, 1)": 0.21994942293436304, "(4, 2)": 0.12815628306600302, "(4, 3)": 0.6466556477048735}