{"(0, 1)": 0.1804246003078297, "(0, 2)": 0.1761732587964595, "(0, 3)": 0.18950169567520003, "(0, 4)": 0.1141957343802068, "(1, 0)": 0.19707081827027417, "(1, 2)": 0.10405752028349369, "(1, 3)": 0.19283253295638858, "(1, 4)": 0.13044534921829154, "(2, 0)": 0.2787852509835347, "(2, 1)": 0.08497785934809632, "(2, 3)": 0.058542835302208385, "(2, 4)": 0.027330364836761767, "(3, 0)": 0.2976802537245439, "(3, 1)": 0.2465520365644076, "(3, 2)": 0.1491442088049335, "(3, 4)": 0.6709349691843258, "(4, 0)": 0.19879372477376278, "(4, 1)": 0.224243146305233, "(4, 2)": 0.12377685594619936, "(4, 3)": 0.644149156004693}