{"(0, 1)": 0.17536458597787263, "(0, 2)": 0.17569834387704375, "(0, 3)": 0.188531307992029, "(0, 4)": 0.11557695488780662, "(1, 0)": 0.19388250321629785, "(1, 2)": 0.09880067816769289, "(1, 3)": 0.19056313131114755, "(1, 4)": 0.1308351536993827, "(2, 0)": 0.2826360510098451, "(2, 1)": 0.08404200515295746, "(2, 3)": 0.052403568568756054, "(2, 4)": 0.024364116562854532, "(3, 0)": 0.2989147025772295, "(3, 1)": 0.246319308409649, "(3, 2)": 0.15114038271911023, "(3, 4)": 0.6709638292710041, "(4, 0)": 0.20096296921845247, "(4, 1)": 0.22032342478357336, "(4, 2)": 0.12934830073972192, "(4, 3)": 0.6463399608757602}