{"(0, 1)": 0.1737331541167595, "(0, 2)": 0.17568600275665325, "(0, 3)": 0.1886931290957814, "(0, 4)": 0.11400362858674462, "(1, 0)": 0.19966932194886255, "(1, 2)": 0.09649965674238181, "(1, 3)": 0.20139045102157527, "(1, 4)": 0.1319704074792858, "(2, 0)": 0.28389870267597184, "(2, 1)": 0.08436655220479139, "(2, 3)": 0.04630449977956963, "(2, 4)": 0.027834023190744683, "(3, 0)": 0.3040106825844424, "(3, 1)": 0.24641343386366343, "(3, 2)": 0.1548082203323491, "(3, 4)": 0.6716667103406728, "(4, 0)": 0.20117555261698472, "(4, 1)": 0.2157997732445286, "(4, 2)": 0.12650521007985993, "(4, 3)": 0.6479562693625249}