{"(0, 1)": 0.9907772484254748, "(0, 2)": 0.9898324660534465, "(0, 3)": 0.9898324660534465, "(0, 4)": 0.9898324660534465, "(0, 5)": 0.9898324660534465, "(0, 6)": 0.9807842769440821, "(0, 7)": 0.9797455638753494, "(0, 8)": 0.9792981914216081, "(0, 9)": 0.9789066442166772, "(0, 10)": 0.9775172530228791, "(0, 11)": 0.9765823137367604, "(1, 0)": 0.9903627739448827, "(1, 2)": 0.9919179177246656, "(1, 3)": 0.9919179177246656, "(1, 4)": 0.9919179177246656, "(1, 5)": 0.9919179177246656, "(1, 6)": 0.9812404226778734, "(1, 7)": 0.9803187917882048, "(1, 8)": 0.9792378805673873, "(1, 9)": 0.9789576870209963, "(1, 10)": 0.9781863141698559, "(1, 11)": 0.9770881014842889, "(2, 0)": 0.9888514544091841, "(2, 1)": 0.9901330648326149, "(2, 3)": 0.9999406563372479, "(2, 4)": 0.9999406563372479, "(2, 5)": 0.9999406563372479, "(2, 6)": 0.9831577220263451, "(2, 7)": 0.9809926595846132, "(2, 8)": 0.9790007764402137, "(2, 9)": 0.9786381201005765, "(2, 10)": 0.9682466496312292, "(2, 11)": 0.96827024335824, "(3, 0)": 0.9888502915796881, "(3, 1)": 0.9900852403719561, "(3, 2)": 0.9999406563372479, "(3, 4)": 0.9999406563372479, "(3, 5)": 0.9999406563372479, "(3, 6)": 0.9831577220263451, "(3, 7)": 0.9809926595846132, "(3, 8)": 0.9790007764402137, "(3, 9)": 0.9786381201005765, "(3, 10)": 0.9682504763622912, "(3, 11)": 0.9684726129386461, "(4, 0)": 0.9888928878601732, "(4, 1)": 0.9900730301522185, "(4, 2)": 0.9999406563372479, "(4, 3)": 0.9999406563372479, "(4, 5)": 0.9999406563372479, "(4, 6)": 0.9831577220263451, "(4, 7)": 0.9809926595846132, "(4, 8)": 0.9790007764402137, "(4, 9)": 0.9786381201005765, "(4, 10)": 0.9680785470595685, "(4, 11)": 0.9684026319472209, "(5, 0)": 0.9889354061386796, "(5, 1)": 0.9900532045954338, "(5, 2)": 0.9999406563372479, "(5, 3)": 0.9999406563372479, "(5, 4)": 0.9999406563372479, "(5, 6)": 0.9831577220263451, "(5, 7)": 0.9809926595846132, "(5, 8)": 0.9790007764402137, "(5, 9)": 0.9786381201005765, "(5, 10)": 0.9687356840213575, "(5, 11)": 0.9687011851898074, "(6, 0)": 0.7392727068661213, "(6, 1)": 0.7485401486770408, "(6, 2)": 0.7715271024790593, "(6, 3)": 0.772064603487897, "(6, 4)": 0.7711272701246514, "(6, 5)": 0.7703844953828931, "(6, 7)": 0.9914251494250084, "(6, 8)": 0.9841699179219404, "(6, 9)": 0.9830161624415441, "(6, 10)": 0.6988062875537195, "(6, 11)": 0.6761609689291527, "(7, 0)": 0.537154367590188, "(7, 1)": 0.5373666675558464, "(7, 2)": 0.5557426351301414, "(7, 3)": 0.5574358352142285, "(7, 4)": 0.5542501891291267, "(7, 5)": 0.5498882600548439, "(7, 6)": 0.7732646151788336, "(7, 8)": 0.9840547334160836, "(7, 9)": 0.9823935565709889, "(7, 10)": 0.5081169067906188, "(7, 11)": 0.4860649955119366, "(8, 0)": 0.39752176810964257, "(8, 1)": 0.3860873659025664, "(8, 2)": 0.39434654165952665, "(8, 3)": 0.3967057172506552, "(8, 4)": 0.3898861082273103, "(8, 5)": 0.38957881765426294, "(8, 6)": 0.537190538645177, "(8, 7)": 0.7363509762368304, "(8, 9)": 0.9901534524696795, "(8, 10)": 0.356554364364152, "(8, 11)": 0.3506756889164082, "(9, 0)": 0.32715554122007506, "(9, 1)": 0.3248207181354317, "(9, 2)": 0.3277763525434162, "(9, 3)": 0.32718063388286445, "(9, 4)": 0.32437825770623174, "(9, 5)": 0.3275407941554148, "(9, 6)": 0.44481873661424176, "(9, 7)": 0.6085338473772631, "(9, 8)": 0.8741135430078852, "(9, 10)": 0.3098080616908777, "(9, 11)": 0.28983904917514347, "(10, 0)": 0.9687464600316522, "(10, 1)": 0.9664185368611151, "(10, 2)": 0.9675293337400466, "(10, 3)": 0.9680935973182662, "(10, 4)": 0.9665381607232272, "(10, 5)": 0.9679033710782673, "(10, 6)": 0.9681368761014204, "(10, 7)": 0.9683595812232865, "(10, 8)": 0.973189213687653, "(10, 9)": 0.9730873998009384, "(10, 11)": 0.9692277910702539, "(11, 0)": 0.9590004500171522, "(11, 1)": 0.957494978270928, "(11, 2)": 0.9562933353622921, "(11, 3)": 0.9556546590205108, "(11, 4)": 0.9552257832641281, "(11, 5)": 0.9569985784035155, "(11, 6)": 0.9529785197143432, "(11, 7)": 0.9504186628259774, "(11, 8)": 0.9570840126666698, "(11, 9)": 0.9551190492237208, "(11, 10)": 0.953266924688437}