{"(0, 1)": 0.9907698605434772, "(0, 2)": 0.9898044358045474, "(0, 3)": 0.9898044358045474, "(0, 4)": 0.9898044358045474, "(0, 5)": 0.9898044358045474, "(0, 6)": 0.9807595895517552, "(0, 7)": 0.9797509937667955, "(0, 8)": 0.9792916783676789, "(0, 9)": 0.9788787938014171, "(0, 10)": 0.9773924066861475, "(0, 11)": 0.9766581100848153, "(1, 0)": 0.9903417446476458, "(1, 2)": 0.9919109436223341, "(1, 3)": 0.9919109436223341, "(1, 4)": 0.9919109436223341, "(1, 5)": 0.9919109436223341, "(1, 6)": 0.9812179736733438, "(1, 7)": 0.9803278735758258, "(1, 8)": 0.9792306794501153, "(1, 9)": 0.9789267861232637, "(1, 10)": 0.9780675835173048, "(1, 11)": 0.9771714470716903, "(2, 0)": 0.989063681349048, "(2, 1)": 0.9905429750037706, "(2, 3)": 0.9999406228827593, "(2, 4)": 0.9999406228827593, "(2, 5)": 0.9999406228827593, "(2, 6)": 0.9831373229571574, "(2, 7)": 0.9809954434835947, "(2, 8)": 0.9789996889229936, "(2, 9)": 0.9786106091887466, "(2, 10)": 0.9693823865162992, "(2, 11)": 0.9691266631121591, "(3, 0)": 0.9890475374800145, "(3, 1)": 0.9905549775487048, "(3, 2)": 0.9999406228827593, "(3, 4)": 0.9999406228827593, "(3, 5)": 0.9999406228827593, "(3, 6)": 0.9831373229571574, "(3, 7)": 0.9809954434835947, "(3, 8)": 0.9789996889229936, "(3, 9)": 0.9786106091887466, "(3, 10)": 0.9692933950921327, "(3, 11)": 0.9692644153292377, "(4, 0)": 0.989096524696374, "(4, 1)": 0.9904811670574224, "(4, 2)": 0.9999406228827593, "(4, 3)": 0.9999406228827593, "(4, 5)": 0.9999406228827593, "(4, 6)": 0.9831373229571574, "(4, 7)": 0.9809954434835947, "(4, 8)": 0.9789996889229936, "(4, 9)": 0.9786106091887466, "(4, 10)": 0.9691956713244705, "(4, 11)": 0.969132224130845, "(5, 0)": 0.9891017267830654, "(5, 1)": 0.9905073105731127, "(5, 2)": 0.9999406228827593, "(5, 3)": 0.9999406228827593, "(5, 4)": 0.9999406228827593, "(5, 6)": 0.9831373229571574, "(5, 7)": 0.9809954434835947, "(5, 8)": 0.9789996889229936, "(5, 9)": 0.9786106091887466, "(5, 10)": 0.9693916660562544, "(5, 11)": 0.9696135198577038, "(6, 0)": 0.7343514938356168, "(6, 1)": 0.7457694240944894, "(6, 2)": 0.7687534587467583, "(6, 3)": 0.7707199618882055, "(6, 4)": 0.7710887530253432, "(6, 5)": 0.7692675530661589, "(6, 7)": 0.9913417873846119, "(6, 8)": 0.984085659142206, "(6, 9)": 0.9826020610076378, "(6, 10)": 0.6955874925511505, "(6, 11)": 0.6779287258111136, "(7, 0)": 0.538627032137543, "(7, 1)": 0.538387194295898, "(7, 2)": 0.553464808545586, "(7, 3)": 0.5584847575839392, "(7, 4)": 0.5542196559786055, "(7, 5)": 0.5594169489151499, "(7, 6)": 0.7760488008097483, "(7, 8)": 0.9832528814095272, "(7, 9)": 0.982471094969728, "(7, 10)": 0.5091492841302137, "(7, 11)": 0.48823011635097524, "(8, 0)": 0.3945460994656663, "(8, 1)": 0.3902865551391409, "(8, 2)": 0.39607851076528533, "(8, 3)": 0.39445870684819506, "(8, 4)": 0.3973330982961758, "(8, 5)": 0.3956581882369412, "(8, 6)": 0.5443362275672019, "(8, 7)": 0.7402960473878315, "(8, 9)": 0.989503635792433, "(8, 10)": 0.3579338489945344, "(8, 11)": 0.35452779693382064, "(9, 0)": 0.3325873377387556, "(9, 1)": 0.32444916413417846, "(9, 2)": 0.330683482779363, "(9, 3)": 0.33001310174140597, "(9, 4)": 0.3299710738099628, "(9, 5)": 0.32944708350441976, "(9, 6)": 0.4476002308623943, "(9, 7)": 0.6099361595357566, "(9, 8)": 0.8740825375724974, "(9, 10)": 0.3095573260227755, "(9, 11)": 0.2905011198974635, "(10, 0)": 0.9688573882163432, "(10, 1)": 0.9671670431328369, "(10, 2)": 0.9666812229832699, "(10, 3)": 0.967355079140087, "(10, 4)": 0.9671449778952389, "(10, 5)": 0.9669143428392614, "(10, 6)": 0.9680637945588426, "(10, 7)": 0.9690630818225663, "(10, 8)": 0.972817166717554, "(10, 9)": 0.9730712397902568, "(10, 11)": 0.9687314887720067, "(11, 0)": 0.9581779314459287, "(11, 1)": 0.9560926578065279, "(11, 2)": 0.9539668386206683, "(11, 3)": 0.954759741906268, "(11, 4)": 0.9543493513756607, "(11, 5)": 0.9549242188617785, "(11, 6)": 0.9496804809947986, "(11, 7)": 0.9482692246871643, "(11, 8)": 0.9552619729201881, "(11, 9)": 0.953629186086496, "(11, 10)": 0.9531433547936223}