{"(0, 1)": 0.9907700152403666, "(0, 2)": 0.9898186971064744, "(0, 3)": 0.9898186971064744, "(0, 4)": 0.9898186971064744, "(0, 5)": 0.9898186971064744, "(0, 6)": 0.9807951011368845, "(0, 7)": 0.9797788106983752, "(0, 8)": 0.9793069567136439, "(0, 9)": 0.9788541195476949, "(0, 10)": 0.9773675076995758, "(0, 11)": 0.9766260630555873, "(1, 0)": 0.9903363619043575, "(1, 2)": 0.9919142825381707, "(1, 3)": 0.9919142825381707, "(1, 4)": 0.9919142825381707, "(1, 5)": 0.9919142825381707, "(1, 6)": 0.9812551498420219, "(1, 7)": 0.980359115929879, "(1, 8)": 0.9792486422607676, "(1, 9)": 0.9789035464196066, "(1, 10)": 0.9780434610398123, "(1, 11)": 0.977139491030094, "(2, 0)": 0.9888900538099146, "(2, 1)": 0.9901267472436657, "(2, 3)": 0.9999406091264731, "(2, 4)": 0.9999406091264731, "(2, 5)": 0.9999406091264731, "(2, 6)": 0.9831672872079738, "(2, 7)": 0.9810239759821714, "(2, 8)": 0.9790130295945658, "(2, 9)": 0.9785853750892346, "(2, 10)": 0.9684716433154623, "(2, 11)": 0.9689958818094591, "(3, 0)": 0.9889343433029657, "(3, 1)": 0.9901717838875475, "(3, 2)": 0.9999406091264731, "(3, 4)": 0.9999406091264731, "(3, 5)": 0.9999406091264731, "(3, 6)": 0.9831672872079738, "(3, 7)": 0.9810239759821714, "(3, 8)": 0.9790130295945658, "(3, 9)": 0.9785853750892346, "(3, 10)": 0.9687597344313145, "(3, 11)": 0.9693152046324593, "(4, 0)": 0.9889394122280653, "(4, 1)": 0.9901922633803395, "(4, 2)": 0.9999406091264731, "(4, 3)": 0.9999406091264731, "(4, 5)": 0.9999406091264731, "(4, 6)": 0.9831672872079738, "(4, 7)": 0.9810239759821714, "(4, 8)": 0.9790130295945658, "(4, 9)": 0.9785853750892346, "(4, 10)": 0.9684966220919851, "(4, 11)": 0.9693574702767707, "(5, 0)": 0.9888349664503753, "(5, 1)": 0.9902064103825969, "(5, 2)": 0.9999406091264731, "(5, 3)": 0.9999406091264731, "(5, 4)": 0.9999406091264731, "(5, 6)": 0.9831672872079738, "(5, 7)": 0.9810239759821714, "(5, 8)": 0.9790130295945658, "(5, 9)": 0.9785853750892346, "(5, 10)": 0.9683989593477088, "(5, 11)": 0.9691969124303954, "(6, 0)": 0.7376242490464429, "(6, 1)": 0.7507053902743612, "(6, 2)": 0.7708921532208981, "(6, 3)": 0.7694825571661477, "(6, 4)": 0.7686157267386061, "(6, 5)": 0.7711626477582043, "(6, 7)": 0.9912783595957738, "(6, 8)": 0.9840099246909118, "(6, 9)": 0.9826022530244338, "(6, 10)": 0.6997191296066627, "(6, 11)": 0.6738526482968744, "(7, 0)": 0.5436186290468772, "(7, 1)": 0.5421871679222889, "(7, 2)": 0.5616175307647815, "(7, 3)": 0.5560152741832787, "(7, 4)": 0.5578232081410048, "(7, 5)": 0.5574335849487393, "(7, 6)": 0.777380732784153, "(7, 8)": 0.983456551025906, "(7, 9)": 0.9824054334989222, "(7, 10)": 0.5077629067332439, "(7, 11)": 0.48505333640991766, "(8, 0)": 0.3956629671462407, "(8, 1)": 0.39220327802631727, "(8, 2)": 0.3922987897826956, "(8, 3)": 0.39791808806501827, "(8, 4)": 0.3981484205099085, "(8, 5)": 0.40059259196926345, "(8, 6)": 0.5433000618255128, "(8, 7)": 0.7408122242135295, "(8, 9)": 0.9899950859804217, "(8, 10)": 0.3666071974141768, "(8, 11)": 0.35290113273361834, "(9, 0)": 0.3279112006532956, "(9, 1)": 0.3251013258803117, "(9, 2)": 0.3295759354434086, "(9, 3)": 0.33380898373277157, "(9, 4)": 0.3274469964370852, "(9, 5)": 0.33009572712457325, "(9, 6)": 0.44663919566268695, "(9, 7)": 0.6100693163012066, "(9, 8)": 0.8724233438227769, "(9, 10)": 0.3103039443504263, "(9, 11)": 0.29459678164924585, "(10, 0)": 0.9683961724271688, "(10, 1)": 0.966713085302241, "(10, 2)": 0.9671048383623616, "(10, 3)": 0.96673481126546, "(10, 4)": 0.9664713917288322, "(10, 5)": 0.9667484451062651, "(10, 6)": 0.9667801207679313, "(10, 7)": 0.9680438023719822, "(10, 8)": 0.9732636776356359, "(10, 9)": 0.9726634287580589, "(10, 11)": 0.9689171179452136, "(11, 0)": 0.9583544217998242, "(11, 1)": 0.9562326634653062, "(11, 2)": 0.9551742673591175, "(11, 3)": 0.955116145280249, "(11, 4)": 0.9535558447488821, "(11, 5)": 0.9542175673776577, "(11, 6)": 0.9529398850434541, "(11, 7)": 0.9490260800863675, "(11, 8)": 0.9575015419479567, "(11, 9)": 0.9536355826407609, "(11, 10)": 0.953815880181695}