{"(0, 1)": 0.9907998464986918, "(0, 2)": 0.9898662477910135, "(0, 3)": 0.9898662477910135, "(0, 4)": 0.9898662477910135, "(0, 5)": 0.9898662477910135, "(0, 6)": 0.9807595949710558, "(0, 7)": 0.979658774633685, "(0, 8)": 0.9790853607249745, "(0, 9)": 0.9786002383287346, "(0, 10)": 0.977415382391696, "(0, 11)": 0.9765074535928013, "(1, 0)": 0.9903714207972311, "(1, 2)": 0.9919403011342999, "(1, 3)": 0.9919403011342999, "(1, 4)": 0.9919403011342999, "(1, 5)": 0.9919403011342999, "(1, 6)": 0.9812178366374322, "(1, 7)": 0.9802389859476226, "(1, 8)": 0.9790253673648363, "(1, 9)": 0.9786492350987067, "(1, 10)": 0.9780875462085845, "(1, 11)": 0.9770218705648018, "(2, 0)": 0.9888428441800506, "(2, 1)": 0.9901252171524827, "(2, 3)": 0.9999406390913221, "(2, 4)": 0.9999406390913221, "(2, 5)": 0.9999406390913221, "(2, 6)": 0.9831362556006402, "(2, 7)": 0.9809145987948308, "(2, 8)": 0.9787888723073895, "(2, 9)": 0.9783242439237222, "(2, 10)": 0.9682307611450433, "(2, 11)": 0.9688466906826746, "(3, 0)": 0.9888524300799183, "(3, 1)": 0.9901467960945304, "(3, 2)": 0.9999406390913221, "(3, 4)": 0.9999406390913221, "(3, 5)": 0.9999406390913221, "(3, 6)": 0.9831362556006402, "(3, 7)": 0.9809145987948308, "(3, 8)": 0.9787888723073895, "(3, 9)": 0.9783242439237222, "(3, 10)": 0.9684237696547354, "(3, 11)": 0.9684102046940593, "(4, 0)": 0.9888729243210225, "(4, 1)": 0.990066845286223, "(4, 2)": 0.9999406390913221, "(4, 3)": 0.9999406390913221, "(4, 5)": 0.9999406390913221, "(4, 6)": 0.9831362556006402, "(4, 7)": 0.9809145987948308, "(4, 8)": 0.9787888723073895, "(4, 9)": 0.9783242439237222, "(4, 10)": 0.968363163048311, "(4, 11)": 0.9685279777891976, "(5, 0)": 0.9889357210854409, "(5, 1)": 0.9902193151161566, "(5, 2)": 0.9999406390913221, "(5, 3)": 0.9999406390913221, "(5, 4)": 0.9999406390913221, "(5, 6)": 0.9831362556006402, "(5, 7)": 0.9809145987948308, "(5, 8)": 0.9787888723073895, "(5, 9)": 0.9783242439237222, "(5, 10)": 0.9688481154987307, "(5, 11)": 0.968490724136679, "(6, 0)": 0.73515925840917, "(6, 1)": 0.7498477655539031, "(6, 2)": 0.7701920424010139, "(6, 3)": 0.7682942771516383, "(6, 4)": 0.7714257397459188, "(6, 5)": 0.7694145501451125, "(6, 7)": 0.9912802859963415, "(6, 8)": 0.9841025014317839, "(6, 9)": 0.9824576571119507, "(6, 10)": 0.6945373444735367, "(6, 11)": 0.6731580352960752, "(7, 0)": 0.5438966249005941, "(7, 1)": 0.5397009780161608, "(7, 2)": 0.5585141355452317, "(7, 3)": 0.5591916337802643, "(7, 4)": 0.5578009259315893, "(7, 5)": 0.5605454910490688, "(7, 6)": 0.7780474449014876, "(7, 8)": 0.9838307746227115, "(7, 9)": 0.9816337353002598, "(7, 10)": 0.5089954856536696, "(7, 11)": 0.48344906236552143, "(8, 0)": 0.3937011456613674, "(8, 1)": 0.39114541720619955, "(8, 2)": 0.39437750534134264, "(8, 3)": 0.3956289857499715, "(8, 4)": 0.3941902297773179, "(8, 5)": 0.39380357118465925, "(8, 6)": 0.5361937933555221, "(8, 7)": 0.7300822358405596, "(8, 9)": 0.9900053087502257, "(8, 10)": 0.35436827965849726, "(8, 11)": 0.3485898262251388, "(9, 0)": 0.3291891027852284, "(9, 1)": 0.329412754925658, "(9, 2)": 0.32359512087990316, "(9, 3)": 0.330321270029723, "(9, 4)": 0.32877669318380986, "(9, 5)": 0.33013784902338816, "(9, 6)": 0.4406666399945145, "(9, 7)": 0.5998916553458917, "(9, 8)": 0.8692286578831796, "(9, 10)": 0.3091243079738515, "(9, 11)": 0.28838143400663774, "(10, 0)": 0.9690317160451423, "(10, 1)": 0.965973286873183, "(10, 2)": 0.966955449526315, "(10, 3)": 0.966614195726575, "(10, 4)": 0.9670528590368422, "(10, 5)": 0.9670234630827128, "(10, 6)": 0.9676141758730951, "(10, 7)": 0.9682956579469991, "(10, 8)": 0.9720720830343667, "(10, 9)": 0.972356088292512, "(10, 11)": 0.9685114822117102, "(11, 0)": 0.959592509966374, "(11, 1)": 0.9567727121612942, "(11, 2)": 0.9555489034014482, "(11, 3)": 0.955525816869685, "(11, 4)": 0.9541612530297074, "(11, 5)": 0.9559595488429886, "(11, 6)": 0.9525076501843612, "(11, 7)": 0.9495206972819688, "(11, 8)": 0.9560864455976367, "(11, 9)": 0.9535826435388657, "(11, 10)": 0.953258098585942}