{"(0, 1)": 0.990759091788589, "(0, 2)": 0.9897982624438404, "(0, 3)": 0.9897982624438404, "(0, 4)": 0.9897982624438404, "(0, 5)": 0.9897982624438404, "(0, 6)": 0.9807197242871536, "(0, 7)": 0.9796329232391158, "(0, 8)": 0.9791000969062675, "(0, 9)": 0.9786504361652418, "(0, 10)": 0.9773873196573866, "(0, 11)": 0.9766313914363496, "(1, 0)": 0.9903366986470281, "(1, 2)": 0.9918953841722181, "(1, 3)": 0.9918953841722181, "(1, 4)": 0.9918953841722181, "(1, 5)": 0.9918953841722181, "(1, 6)": 0.9811711158372799, "(1, 7)": 0.9802119473095303, "(1, 8)": 0.979039143084601, "(1, 9)": 0.9786932375324471, "(1, 10)": 0.9780685245855623, "(1, 11)": 0.9771422785467991, "(2, 0)": 0.9890503531370989, "(2, 1)": 0.990442777082086, "(2, 3)": 0.9999406137631383, "(2, 4)": 0.9999406137631383, "(2, 5)": 0.9999406137631383, "(2, 6)": 0.9831007537055128, "(2, 7)": 0.9808874111764071, "(2, 8)": 0.9788027950951345, "(2, 9)": 0.9783766554817404, "(2, 10)": 0.9684353881990997, "(2, 11)": 0.9689380430440224, "(3, 0)": 0.9890554604113844, "(3, 1)": 0.9904710386668565, "(3, 2)": 0.9999406137631383, "(3, 4)": 0.9999406137631383, "(3, 5)": 0.9999406137631383, "(3, 6)": 0.9831007537055128, "(3, 7)": 0.9808874111764071, "(3, 8)": 0.9788027950951345, "(3, 9)": 0.9783766554817404, "(3, 10)": 0.9683848083083836, "(3, 11)": 0.9688143527919629, "(4, 0)": 0.9890519743606796, "(4, 1)": 0.9904300041081868, "(4, 2)": 0.9999406137631383, "(4, 3)": 0.9999406137631383, "(4, 5)": 0.9999406137631383, "(4, 6)": 0.9831007537055128, "(4, 7)": 0.9808874111764071, "(4, 8)": 0.9788027950951345, "(4, 9)": 0.9783766554817404, "(4, 10)": 0.9682595969789176, "(4, 11)": 0.9685816403446482, "(5, 0)": 0.9890399225853862, "(5, 1)": 0.9905263006192268, "(5, 2)": 0.9999406137631383, "(5, 3)": 0.9999406137631383, "(5, 4)": 0.9999406137631383, "(5, 6)": 0.9831007537055128, "(5, 7)": 0.9808874111764071, "(5, 8)": 0.9788027950951345, "(5, 9)": 0.9783766554817404, "(5, 10)": 0.9684754249125956, "(5, 11)": 0.9687818305791305, "(6, 0)": 0.7398943519565199, "(6, 1)": 0.7504717887693786, "(6, 2)": 0.7736756002368459, "(6, 3)": 0.771555368856091, "(6, 4)": 0.7725665854007139, "(6, 5)": 0.7739969686901708, "(6, 7)": 0.9911550394574836, "(6, 8)": 0.983375145508825, "(6, 9)": 0.9820497052982523, "(6, 10)": 0.7011586012824016, "(6, 11)": 0.6726974388853346, "(7, 0)": 0.5404534958840318, "(7, 1)": 0.5424292775506065, "(7, 2)": 0.5549254154486409, "(7, 3)": 0.5544354768938722, "(7, 4)": 0.5548998018104512, "(7, 5)": 0.5602797269632849, "(7, 6)": 0.771221627014297, "(7, 8)": 0.9840734181280375, "(7, 9)": 0.9820413547092058, "(7, 10)": 0.5082924151927463, "(7, 11)": 0.48310676610297787, "(8, 0)": 0.38938552939649274, "(8, 1)": 0.3866214014863014, "(8, 2)": 0.39610968676686575, "(8, 3)": 0.3915433145269458, "(8, 4)": 0.39178818777419344, "(8, 5)": 0.39074900845416394, "(8, 6)": 0.5351782652926855, "(8, 7)": 0.7318149134237484, "(8, 9)": 0.9901661329757887, "(8, 10)": 0.35580157346735497, "(8, 11)": 0.3493458028134949, "(9, 0)": 0.3253899473790721, "(9, 1)": 0.32383395345934607, "(9, 2)": 0.32813672077832556, "(9, 3)": 0.32725741963199917, "(9, 4)": 0.3243707177139381, "(9, 5)": 0.32740123436459945, "(9, 6)": 0.4423222749323067, "(9, 7)": 0.6064033436291651, "(9, 8)": 0.8736164943507998, "(9, 10)": 0.31126997208317864, "(9, 11)": 0.28735582987283514, "(10, 0)": 0.969009131637006, "(10, 1)": 0.9657653771087767, "(10, 2)": 0.9670197783953032, "(10, 3)": 0.9672922663087123, "(10, 4)": 0.9670981701965785, "(10, 5)": 0.9670644516148582, "(10, 6)": 0.9677930247887652, "(10, 7)": 0.9687364383923572, "(10, 8)": 0.9728410000114034, "(10, 9)": 0.9729110983856328, "(10, 11)": 0.9693238310585371, "(11, 0)": 0.9577584447954705, "(11, 1)": 0.9565318297975816, "(11, 2)": 0.9545525242643215, "(11, 3)": 0.9546904307427663, "(11, 4)": 0.9539508786531311, "(11, 5)": 0.9539206315608496, "(11, 6)": 0.9516164293428281, "(11, 7)": 0.9487083923007797, "(11, 8)": 0.9548597273994476, "(11, 9)": 0.9542683485609048, "(11, 10)": 0.9525148509973148}