{"(0, 1)": 0.02078032744909719, "(0, 2)": 0.030648481013939466, "(0, 3)": 0.014157690634484466, "(0, 4)": 0.003549738573685013, "(0, 5)": 0.01591111252623878, "(0, 6)": 0.09136661758332743, "(0, 7)": 0.05930752960103991, "(1, 0)": 0.07893465986673565, "(1, 2)": 0.1142033438822112, "(1, 3)": 0.08276324890666997, "(1, 4)": 0.010148746927501673, "(1, 5)": 0.1496985285572483, "(1, 6)": 0.07683136779863775, "(1, 7)": 0.0791798431023808, "(2, 0)": 0.03378720168837235, "(2, 1)": 0.08524414756874377, "(2, 3)": 0.08511268970020236, "(2, 4)": -0.003049269780131647, "(2, 5)": 0.02426060179819145, "(2, 6)": 0.09704810591469981, "(2, 7)": 0.01727617941921722, "(3, 0)": 0.0393676573325662, "(3, 1)": 0.014587977506848593, "(3, 2)": 0.0635087991848059, "(3, 4)": 0.05634180540421829, "(3, 5)": 0.1162874173815126, "(3, 6)": 0.24665228756748736, "(3, 7)": 0.059860527071727954, "(4, 0)": 0.005169448985329894, "(4, 1)": 0.002740278823058828, "(4, 2)": 0.004036373494680445, "(4, 3)": 0.0021175658719682078, "(4, 5)": 0.001815600136216844, "(4, 6)": 0.006580263194420843, "(4, 7)": -0.0004815003073701529, "(5, 0)": 0.014213057847044297, "(5, 1)": 0.022813048256677626, "(5, 2)": 0.02020361756651934, "(5, 3)": 0.10098260257808911, "(5, 4)": 0.016747755281318333, "(5, 6)": 0.05756506542392503, "(5, 7)": 0.03601745563502401, "(6, 0)": 0.1697419492099792, "(6, 1)": 0.08281103603327944, "(6, 2)": 0.13314130800257218, "(6, 3)": 0.32411847686824, "(6, 4)": 0.04314378869658497, "(6, 5)": 0.1810478952069876, "(6, 7)": 0.10573422983098857, "(7, 0)": 0.13634826168860514, "(7, 1)": 0.136406699887335, "(7, 2)": 0.1331851918617596, "(7, 3)": 0.19614088618865066, "(7, 4)": 0.029945771988951653, "(7, 5)": 0.25078978077070324, "(7, 6)": 0.24313778363724814}