{"(0, 1)": 0.026780118154594912, "(0, 2)": 0.023665283268137438, "(0, 3)": 0.018576194012728586, "(0, 4)": 0.009528337394267172, "(0, 5)": 0.011779628224454997, "(0, 6)": 0.09252772004424004, "(0, 7)": 0.06516594036266876, "(1, 0)": 0.07952820669008309, "(1, 2)": 0.11559536140837212, "(1, 3)": 0.08464204576791223, "(1, 4)": 0.0031791600698714007, "(1, 5)": 0.15856627145633673, "(1, 6)": 0.07580315697206186, "(1, 7)": 0.08709424039382085, "(2, 0)": 0.030817462100001913, "(2, 1)": 0.08156908627907145, "(2, 3)": 0.0774404072428575, "(2, 4)": -0.003170017254524371, "(2, 5)": 0.021310748878292984, "(2, 6)": 0.08857385938750595, "(2, 7)": 0.012299356581590315, "(3, 0)": 0.04155276070230429, "(3, 1)": 0.010226106489514053, "(3, 2)": 0.06422154941842217, "(3, 4)": 0.0603217559894329, "(3, 5)": 0.10763307613753781, "(3, 6)": 0.2419054076966357, "(3, 7)": 0.0630707087390785, "(4, 0)": -0.002319403392021524, "(4, 1)": 0.0013658270993233135, "(4, 2)": -0.0022532949633784494, "(4, 3)": 0.006058757020234284, "(4, 5)": -0.00402291585111092, "(4, 6)": 0.0026605613362196134, "(4, 7)": 0.0019038792593135678, "(5, 0)": 0.014388584756609868, "(5, 1)": 0.017733049437868575, "(5, 2)": 0.014275036497226834, "(5, 3)": 0.0904421934052454, "(5, 4)": 0.0031791600698714007, "(5, 6)": 0.057291495879926546, "(5, 7)": 0.03306545654948434, "(6, 0)": 0.17284059599334567, "(6, 1)": 0.08767873637476331, "(6, 2)": 0.1286252278864719, "(6, 3)": 0.3201446277782998, "(6, 4)": 0.04762340134064147, "(6, 5)": 0.1583031513619939, "(6, 7)": 0.11091945590912122, "(7, 0)": 0.14063053629737265, "(7, 1)": 0.13737627799618757, "(7, 2)": 0.1354117111542379, "(7, 3)": 0.1959226385208378, "(7, 4)": 0.05397257866503724, "(7, 5)": 0.2508773029571343, "(7, 6)": 0.2520235467074592}