{"(0, 1)": 0.02108646536173031, "(0, 2)": 0.029175187586562457, "(0, 3)": 0.020519629104261417, "(0, 4)": -0.003069392340562027, "(0, 5)": 0.02181167634847747, "(0, 6)": 0.08231117993218506, "(0, 7)": 0.06090411806347029, "(1, 0)": 0.08466303402503839, "(1, 2)": 0.12047199564637356, "(1, 3)": 0.08259498265136411, "(1, 4)": -0.003069392340562027, "(1, 5)": 0.16351382740537646, "(1, 6)": 0.07534482198642145, "(1, 7)": 0.08080010446490271, "(2, 0)": 0.03496907376381808, "(2, 1)": 0.07751071453707936, "(2, 3)": 0.07645114568304656, "(2, 4)": 0.010042625859968068, "(2, 5)": 0.026259116331854293, "(2, 6)": 0.09449070104518775, "(2, 7)": 0.016171234947817803, "(3, 0)": 0.04240651205295687, "(3, 1)": 0.008620502402556296, "(3, 2)": 0.059895023985801266, "(3, 4)": 0.042822671361293696, "(3, 5)": 0.11614503407281118, "(3, 6)": 0.24458440797245096, "(3, 7)": 0.06022922437173228, "(4, 0)": 0.0028429830800260625, "(4, 1)": -0.0001990812393100061, "(4, 2)": -0.0005395111626871341, "(4, 3)": -0.004281277140351314, "(4, 5)": -3.157085353300282e-05, "(4, 6)": 0.0006348828256429462, "(4, 7)": -0.00040497386473425934, "(5, 0)": 0.013332681029931903, "(5, 1)": 0.017081274433042748, "(5, 2)": 0.016671777753100137, "(5, 3)": 0.08844114828215743, "(5, 4)": 0.010042625859968068, "(5, 6)": 0.05524153258706632, "(5, 7)": 0.03990582234749529, "(6, 0)": 0.17058393814960426, "(6, 1)": 0.0879827378373067, "(6, 2)": 0.136325389562438, "(6, 3)": 0.32500676177141385, "(6, 4)": 0.07560271686261921, "(6, 5)": 0.16522548720667118, "(6, 7)": 0.11035422294300501, "(7, 0)": 0.1399193655620109, "(7, 1)": 0.13270091024808484, "(7, 2)": 0.1402606495672999, "(7, 3)": 0.19956328293350434, "(7, 4)": 0.03626666226102859, "(7, 5)": 0.23667926568959874, "(7, 6)": 0.2469578500446562}