{"(0, 1)": 0.030860580837924645, "(0, 2)": 0.025415744183767353, "(0, 3)": 0.022568343406254243, "(0, 4)": -0.0027676386827644173, "(0, 5)": 0.014027789084545828, "(0, 6)": 0.08616854049546219, "(0, 7)": 0.0569358186007447, "(1, 0)": 0.08267257868018651, "(1, 2)": 0.1175346189789851, "(1, 3)": 0.0853842389148699, "(1, 4)": 0.040830954303442746, "(1, 5)": 0.14577560639680742, "(1, 6)": 0.07331958551556472, "(1, 7)": 0.08012451672684917, "(2, 0)": 0.03502060934663043, "(2, 1)": 0.09081141117298142, "(2, 3)": 0.07823468727110283, "(2, 4)": 0.004498793481603425, "(2, 5)": 0.021735771865412534, "(2, 6)": 0.09446754056137463, "(2, 7)": 0.018041177629653515, "(3, 0)": 0.038013997569539826, "(3, 1)": 0.009899134793262543, "(3, 2)": 0.06669133261839622, "(3, 4)": 0.08442954728964991, "(3, 5)": 0.10561936790118276, "(3, 6)": 0.25321750141122945, "(3, 7)": 0.05715871831870001, "(4, 0)": 0.0018899603415718502, "(4, 1)": 0.0039043986722918644, "(4, 2)": -4.029732941712716e-05, "(4, 3)": 0.0009353659166070338, "(4, 5)": 0.005566664233557228, "(4, 6)": 0.002647397453372946, "(4, 7)": 0.0025208953550375224, "(5, 0)": 0.019576121721367357, "(5, 1)": 0.009036607312643441, "(5, 2)": 0.021273127864494867, "(5, 3)": 0.09286708900492335, "(5, 4)": 0.011765225645971267, "(5, 6)": 0.06132760495164047, "(5, 7)": 0.03660690140329459, "(6, 0)": 0.17440268568771178, "(6, 1)": 0.0788960122836242, "(6, 2)": 0.13782627801050928, "(6, 3)": 0.3303184809014085, "(6, 4)": 0.05536381863217843, "(6, 5)": 0.1620862834225042, "(6, 7)": 0.10981023164099768, "(7, 0)": 0.14006187548631244, "(7, 1)": 0.1350745101118327, "(7, 2)": 0.1346267686673257, "(7, 3)": 0.19464802951283222, "(7, 4)": 0.033564522139074904, "(7, 5)": 0.25392991615364646, "(7, 6)": 0.25047620717200625}