{"(0, 1)": 0.022842321206435034, "(0, 2)": 0.0237994859942412, "(0, 3)": 0.01654480809814729, "(0, 4)": 0.013809436148140342, "(0, 5)": 0.025070088871803398, "(0, 6)": 0.08410151315122338, "(0, 7)": 0.06278740371167169, "(1, 0)": 0.0791889305763035, "(1, 2)": 0.1164275619658236, "(1, 3)": 0.08850978949624899, "(1, 4)": 0.008042239868304879, "(1, 5)": 0.1518093794614651, "(1, 6)": 0.07974942102480576, "(1, 7)": 0.08562417915498532, "(2, 0)": 0.03476604836172248, "(2, 1)": 0.0831340356710275, "(2, 3)": 0.07847162726099144, "(2, 4)": -0.003492152691366046, "(2, 5)": 0.022693532788105597, "(2, 6)": 0.09783135865350279, "(2, 7)": 0.014643770170642778, "(3, 0)": 0.037933947542114654, "(3, 1)": 0.012221416560982523, "(3, 2)": 0.06007930008829643, "(3, 4)": 0.06571420266665928, "(3, 5)": 0.09555260397683307, "(3, 6)": 0.2428880552031497, "(3, 7)": 0.06250557742000618, "(4, 0)": 0.006177641550609292, "(4, 1)": 0.002260161922780668, "(4, 2)": -0.007205290840725631, "(4, 3)": 0.0001225336834019819, "(4, 5)": 0.004745401251701642, "(4, 6)": 0.009123402790723545, "(4, 7)": -0.0015211284818212878, "(5, 0)": 0.015026872343845477, "(5, 1)": 0.020195503955500405, "(5, 2)": 0.01696188880063998, "(5, 3)": 0.09056258162300046, "(5, 4)": 0.008042239868304879, "(5, 6)": 0.0637332287556035, "(5, 7)": 0.03403068737264503, "(6, 0)": 0.17877571180539753, "(6, 1)": 0.08326638301071976, "(6, 2)": 0.13064395447460142, "(6, 3)": 0.31915262285170887, "(6, 4)": 0.07724859522633021, "(6, 5)": 0.1556004801198042, "(6, 7)": 0.10655727296689232, "(7, 0)": 0.1449733507038905, "(7, 1)": 0.14025486178757574, "(7, 2)": 0.13890344981273617, "(7, 3)": 0.2018957577943754, "(7, 4)": 0.03111102498764662, "(7, 5)": 0.24661995810334902, "(7, 6)": 0.24974911588827187}