{"(0, 1)": 0.16423549184446562, "(0, 2)": 0.11587988930466098, "(0, 3)": 0.0995222883991832, "(0, 4)": 0.2821454899716861, "(0, 5)": 0.1815352603226823, "(0, 6)": 0.2142913240074934, "(0, 7)": 0.21606899926924183, "(0, 8)": 0.1574767183508201, "(1, 0)": 0.07952097243521683, "(1, 2)": 0.0853285779305516, "(1, 3)": 0.11873991372849124, "(1, 4)": 0.06569107084891712, "(1, 5)": 0.08214441964540742, "(1, 6)": 0.09102046415254794, "(1, 7)": 0.06599158181817011, "(1, 8)": 0.057498146221495516, "(2, 0)": 0.1109395399240074, "(2, 1)": 0.14264573642445033, "(2, 3)": 0.13571367381044508, "(2, 4)": 0.2989036490931456, "(2, 5)": 0.20686988965527264, "(2, 6)": 0.2121640875021934, "(2, 7)": 0.2757539625508896, "(2, 8)": 0.202439800054115, "(3, 0)": 0.17449271832317104, "(3, 1)": 0.1945664621284201, "(3, 2)": 0.263715128564623, "(3, 4)": 0.3121641845105271, "(3, 5)": 0.2754511429686707, "(3, 6)": 0.24941034885479063, "(3, 7)": 0.20557421902101392, "(3, 8)": 0.17465993854461936, "(4, 0)": 0.2638288754162834, "(4, 1)": 0.08676462661381745, "(4, 2)": 0.29471337519575613, "(4, 3)": 0.20285985133159057, "(4, 5)": 0.22467661564089214, "(4, 6)": 0.2645948519717243, "(4, 7)": 0.34365529941396455, "(4, 8)": 0.23819035685810996, "(5, 0)": 0.1887770725146648, "(5, 1)": 0.09968609560107056, "(5, 2)": 0.19783470540905213, "(5, 3)": 0.13988781501203063, "(5, 4)": 0.20073044270141616, "(5, 6)": 0.7770548747398904, "(5, 7)": 0.6955101750285027, "(5, 8)": 0.4436361916573395, "(6, 0)": 0.22911957798114602, "(6, 1)": 0.10083388625108558, "(6, 2)": 0.1930576528179483, "(6, 3)": 0.113076397815148, "(6, 4)": 0.2247645568471921, "(6, 5)": 0.7753564628211586, "(6, 7)": 0.7473317825525573, "(6, 8)": 0.4558380764486455, "(7, 0)": 0.21952434509578578, "(7, 1)": 0.0891948299724713, "(7, 2)": 0.25057193442609194, "(7, 3)": 0.07101508193795936, "(7, 4)": 0.31486206677318607, "(7, 5)": 0.6933318207480015, "(7, 6)": 0.7486659718778446, "(7, 8)": 0.4408155234480964, "(8, 0)": 0.1597653153245261, "(8, 1)": 0.05390571269857847, "(8, 2)": 0.19387403806380465, "(8, 3)": 0.06946478530719924, "(8, 4)": 0.20974709364497368, "(8, 5)": 0.44772211653889504, "(8, 6)": 0.46476223402293815, "(8, 7)": 0.43947761628112114}