{"(0, 1)": 0.17253290670362897, "(0, 2)": 0.1180828429844688, "(0, 3)": 0.10092318901752595, "(0, 4)": 0.29115064346037756, "(0, 5)": 0.1821456314553458, "(0, 6)": 0.22156070203665512, "(0, 7)": 0.21635787410408214, "(0, 8)": 0.1530008435783904, "(1, 0)": 0.07993360526603832, "(1, 2)": 0.0787544626466149, "(1, 3)": 0.1113804943533595, "(1, 4)": 0.06787439857343269, "(1, 5)": 0.07987964293729555, "(1, 6)": 0.09065985134292864, "(1, 7)": 0.06734358931416096, "(1, 8)": 0.05419912801392213, "(2, 0)": 0.11201472795143907, "(2, 1)": 0.1471632605841895, "(2, 3)": 0.13492344895062558, "(2, 4)": 0.3003247055015812, "(2, 5)": 0.19960561096236495, "(2, 6)": 0.20370369964349477, "(2, 7)": 0.26728492095973344, "(2, 8)": 0.2007783906281364, "(3, 0)": 0.18466922703045507, "(3, 1)": 0.1908587374275682, "(3, 2)": 0.26968631868850457, "(3, 4)": 0.320147695807682, "(3, 5)": 0.27942475847171366, "(3, 6)": 0.2557070327258425, "(3, 7)": 0.2085435198895712, "(3, 8)": 0.17643988769172803, "(4, 0)": 0.2602986869707553, "(4, 1)": 0.08543141692677281, "(4, 2)": 0.29780177025180876, "(4, 3)": 0.20117207244321056, "(4, 5)": 0.23166577725530701, "(4, 6)": 0.2621765667121615, "(4, 7)": 0.3434763745283348, "(4, 8)": 0.2358942218073169, "(5, 0)": 0.19135689025049019, "(5, 1)": 0.0920538786548456, "(5, 2)": 0.18949700022970972, "(5, 3)": 0.1293464068512622, "(5, 4)": 0.2012707956791595, "(5, 6)": 0.7771608847235696, "(5, 7)": 0.6955621871198714, "(5, 8)": 0.4409704578893642, "(6, 0)": 0.2360598084947123, "(6, 1)": 0.09355404530166334, "(6, 2)": 0.18779396343299692, "(6, 3)": 0.10181713369660017, "(6, 4)": 0.219509480664979, "(6, 5)": 0.7767091122357404, "(6, 7)": 0.7448080361090513, "(6, 8)": 0.4536116872427236, "(7, 0)": 0.22228541191945494, "(7, 1)": 0.08228345685909888, "(7, 2)": 0.24492729831901416, "(7, 3)": 0.06612301498924322, "(7, 4)": 0.32010179468660904, "(7, 5)": 0.6930953906838019, "(7, 6)": 0.7468171902273362, "(7, 8)": 0.4371889141860993, "(8, 0)": 0.15820860177871499, "(8, 1)": 0.050659913178103366, "(8, 2)": 0.19694178420329245, "(8, 3)": 0.06324859526972215, "(8, 4)": 0.2089585719420063, "(8, 5)": 0.44611816801301163, "(8, 6)": 0.4610299283127417, "(8, 7)": 0.4359861517566235}