{"(0, 1)": 0.17177513450901127, "(0, 2)": 0.12070194284406288, "(0, 3)": 0.09457559280058492, "(0, 4)": 0.28945251041133735, "(0, 5)": 0.18572251802152528, "(0, 6)": 0.2215676426298444, "(0, 7)": 0.2237111831313613, "(0, 8)": 0.15631889695022316, "(1, 0)": 0.07940397561320345, "(1, 2)": 0.08389741485929492, "(1, 3)": 0.1117240738122478, "(1, 4)": 0.0644180978277199, "(1, 5)": 0.08258022063128456, "(1, 6)": 0.09007138244674207, "(1, 7)": 0.07073901754424894, "(1, 8)": 0.06269609691871758, "(2, 0)": 0.1121663636892043, "(2, 1)": 0.14902960268483245, "(2, 3)": 0.13851285272007696, "(2, 4)": 0.3061645054729094, "(2, 5)": 0.20281371408302074, "(2, 6)": 0.21159127968300773, "(2, 7)": 0.27426064848531195, "(2, 8)": 0.21083169346051545, "(3, 0)": 0.1760115856532981, "(3, 1)": 0.19984417399607024, "(3, 2)": 0.27423508761201265, "(3, 4)": 0.318750468587615, "(3, 5)": 0.28573944283533825, "(3, 6)": 0.2572640958654989, "(3, 7)": 0.20674089587161726, "(3, 8)": 0.1795211586180897, "(4, 0)": 0.2562499806681441, "(4, 1)": 0.0955924437085035, "(4, 2)": 0.3013427622362116, "(4, 3)": 0.20445720423360847, "(4, 5)": 0.2318767769743426, "(4, 6)": 0.2639071084789396, "(4, 7)": 0.34802991243465786, "(4, 8)": 0.2443910492723833, "(5, 0)": 0.19714764375291494, "(5, 1)": 0.09538889747436197, "(5, 2)": 0.19299712543373115, "(5, 3)": 0.13677318555503581, "(5, 4)": 0.19920849567917065, "(5, 6)": 0.7781920383165837, "(5, 7)": 0.69542977534612, "(5, 8)": 0.4436296945158624, "(6, 0)": 0.23293533344938988, "(6, 1)": 0.09668234088952776, "(6, 2)": 0.19125723760150792, "(6, 3)": 0.10625620811152958, "(6, 4)": 0.2252017655482571, "(6, 5)": 0.7767808028387819, "(6, 7)": 0.7455111784992274, "(6, 8)": 0.4612990002350762, "(7, 0)": 0.2232292659171511, "(7, 1)": 0.08377321157786044, "(7, 2)": 0.24541742446040393, "(7, 3)": 0.07233679663027992, "(7, 4)": 0.32487395989791057, "(7, 5)": 0.6912868818068507, "(7, 6)": 0.7480103992700775, "(7, 8)": 0.44111817100852435, "(8, 0)": 0.15794376881986505, "(8, 1)": 0.056969507683084286, "(8, 2)": 0.19505720611381738, "(8, 3)": 0.06931437522096306, "(8, 4)": 0.22002809936572088, "(8, 5)": 0.4491617184591403, "(8, 6)": 0.46411390240102657, "(8, 7)": 0.4455875252391327}