{"(0, 1)": 0.16621578526872083, "(0, 2)": 0.12064245775187721, "(0, 3)": 0.09333746853712377, "(0, 4)": 0.2866714565283497, "(0, 5)": 0.18609200085875643, "(0, 6)": 0.22179651833030656, "(0, 7)": 0.22399418651046987, "(0, 8)": 0.1585383671985091, "(1, 0)": 0.07756891956767131, "(1, 2)": 0.08317714506996654, "(1, 3)": 0.1225893799465011, "(1, 4)": 0.06787175080618435, "(1, 5)": 0.08575082774237452, "(1, 6)": 0.09044952258586458, "(1, 7)": 0.07197107051467855, "(1, 8)": 0.05975827067047468, "(2, 0)": 0.11194595308323196, "(2, 1)": 0.143519384694189, "(2, 3)": 0.1328429849641849, "(2, 4)": 0.305276892298351, "(2, 5)": 0.2054985904701695, "(2, 6)": 0.21206768328970216, "(2, 7)": 0.2708026016114934, "(2, 8)": 0.20634950119784456, "(3, 0)": 0.17741693197687403, "(3, 1)": 0.1982502888121601, "(3, 2)": 0.2664485301515944, "(3, 4)": 0.31378365528251606, "(3, 5)": 0.280097106398012, "(3, 6)": 0.25533969063684747, "(3, 7)": 0.20977342405678068, "(3, 8)": 0.17785746117791024, "(4, 0)": 0.26384806902673363, "(4, 1)": 0.090892600641588, "(4, 2)": 0.3033936469451656, "(4, 3)": 0.19559319650558415, "(4, 5)": 0.23374133971900934, "(4, 6)": 0.2609661430383925, "(4, 7)": 0.343183005841325, "(4, 8)": 0.24112414108774338, "(5, 0)": 0.19639899145784778, "(5, 1)": 0.09845727915219438, "(5, 2)": 0.1971894075952796, "(5, 3)": 0.1383282802301491, "(5, 4)": 0.20089886778183164, "(5, 6)": 0.7793660653890535, "(5, 7)": 0.6976323843805281, "(5, 8)": 0.4425361040194371, "(6, 0)": 0.23563505479196167, "(6, 1)": 0.09756076957461712, "(6, 2)": 0.19109383809686464, "(6, 3)": 0.11281230442244439, "(6, 4)": 0.2305398163573289, "(6, 5)": 0.778422597095191, "(6, 7)": 0.7476136912679198, "(6, 8)": 0.45698083002307055, "(7, 0)": 0.23020614176748233, "(7, 1)": 0.08631511626745825, "(7, 2)": 0.25505218454046563, "(7, 3)": 0.07918042607748743, "(7, 4)": 0.32421321322943897, "(7, 5)": 0.6957114367778972, "(7, 6)": 0.7478650115085312, "(7, 8)": 0.4411579829543967, "(8, 0)": 0.15964373264154197, "(8, 1)": 0.05419509921110022, "(8, 2)": 0.19529335283163396, "(8, 3)": 0.07218424026781611, "(8, 4)": 0.21873985832761222, "(8, 5)": 0.4518344343623383, "(8, 6)": 0.46563678277879894, "(8, 7)": 0.4417732573474915}