{"(0, 1)": 0.17477250589337578, "(0, 2)": 0.12436974751272667, "(0, 3)": 0.10155939716151863, "(0, 4)": 0.28377664510555534, "(0, 5)": 0.18722336839226716, "(0, 6)": 0.2236493644032035, "(0, 7)": 0.22140302131706768, "(0, 8)": 0.15766752764213077, "(1, 0)": 0.0775417972659368, "(1, 2)": 0.08663801189013776, "(1, 3)": 0.1173410108483448, "(1, 4)": 0.06331570155438893, "(1, 5)": 0.07841481289504182, "(1, 6)": 0.09185263881926187, "(1, 7)": 0.07272143321928026, "(1, 8)": 0.05540873246626965, "(2, 0)": 0.1136052057908844, "(2, 1)": 0.14593281020710247, "(2, 3)": 0.1371187687987684, "(2, 4)": 0.3020068262520804, "(2, 5)": 0.20329635564140036, "(2, 6)": 0.20566910512453151, "(2, 7)": 0.27277064774621174, "(2, 8)": 0.19938109320753772, "(3, 0)": 0.1811407413471181, "(3, 1)": 0.19505386575535655, "(3, 2)": 0.2638528612648108, "(3, 4)": 0.3128576113944217, "(3, 5)": 0.27902097640961243, "(3, 6)": 0.25621009388205107, "(3, 7)": 0.20082096057611065, "(3, 8)": 0.17248851445861813, "(4, 0)": 0.2592105660749129, "(4, 1)": 0.09299540549103824, "(4, 2)": 0.29737628677599326, "(4, 3)": 0.2023720804675716, "(4, 5)": 0.23375537909264277, "(4, 6)": 0.26460563766128087, "(4, 7)": 0.34236125621891833, "(4, 8)": 0.23532153994697635, "(5, 0)": 0.192712648107623, "(5, 1)": 0.09860189131222441, "(5, 2)": 0.19987746167668563, "(5, 3)": 0.1369393338751711, "(5, 4)": 0.20408338987827346, "(5, 6)": 0.7785075925190229, "(5, 7)": 0.6963916750909026, "(5, 8)": 0.43835771257013734, "(6, 0)": 0.2344554905743551, "(6, 1)": 0.09566894604875775, "(6, 2)": 0.18746222676498947, "(6, 3)": 0.10493876577422767, "(6, 4)": 0.21961837813171214, "(6, 5)": 0.7771226570009254, "(6, 7)": 0.7472294948723261, "(6, 8)": 0.4564056816061044, "(7, 0)": 0.2254511309746423, "(7, 1)": 0.09115121244154822, "(7, 2)": 0.25086178044679497, "(7, 3)": 0.07433886817207735, "(7, 4)": 0.31928157214814756, "(7, 5)": 0.6947438966897904, "(7, 6)": 0.7484955369938342, "(7, 8)": 0.44040442883566777, "(8, 0)": 0.16466062573897922, "(8, 1)": 0.05589694240854415, "(8, 2)": 0.19518935908034307, "(8, 3)": 0.073283493976394, "(8, 4)": 0.2090539746630553, "(8, 5)": 0.4462973653465704, "(8, 6)": 0.4635022025246631, "(8, 7)": 0.440039448637471}