{"(0, 1)": 0.7645279963666857, "(0, 2)": 0.7920356510191463, "(0, 3)": 0.8284326783792417, "(0, 4)": 0.7786442143705621, "(0, 5)": 0.8299144800396647, "(0, 6)": 0.7902381800086814, "(0, 7)": 0.833780583635489, "(0, 8)": 0.8260325240623752, "(0, 9)": 0.8286162843920256, "(0, 10)": 0.7992423908503752, "(0, 11)": 0.7975740379294569, "(0, 12)": 0.8417078967228986, "(1, 0)": 0.689517868617545, "(1, 2)": 0.7097747427411788, "(1, 3)": 0.7669421760766493, "(1, 4)": 0.7168353750594258, "(1, 5)": 0.782311525209417, "(1, 6)": 0.6849256352488332, "(1, 7)": 0.7624004880198922, "(1, 8)": 0.7644750683809356, "(1, 9)": 0.7590820599408874, "(1, 10)": 0.7032428992943937, "(1, 11)": 0.6913796352184962, "(1, 12)": 0.7908003784500651, "(2, 0)": 0.448357802082875, "(2, 1)": 0.45456839732628185, "(2, 3)": 0.6024566032863928, "(2, 4)": 0.5366202735023187, "(2, 5)": 0.5325678373659242, "(2, 6)": 0.49082289352173636, "(2, 7)": 0.6562349836481409, "(2, 8)": 0.6269743268761125, "(2, 9)": 0.6782264572243853, "(2, 10)": 0.667778276032901, "(2, 11)": 0.39402232353084843, "(2, 12)": 0.7121112251434237, "(3, 0)": 0.3196638755838459, "(3, 1)": 0.410545527151285, "(3, 2)": 0.29819857339246303, "(3, 4)": 0.3237812113401548, "(3, 5)": 0.6329496179948702, "(3, 6)": 0.3914989790415676, "(3, 7)": 0.5785454707633972, "(3, 8)": 0.9592003059134052, "(3, 9)": 0.43763672994613734, "(3, 10)": 0.40900844939589276, "(3, 11)": 0.316050327635517, "(3, 12)": 0.6364511151731469, "(4, 0)": 0.43907355312562746, "(4, 1)": 0.49681571628494947, "(4, 2)": 0.5534016709511551, "(4, 3)": 0.641332808839868, "(4, 5)": 0.5758952654882576, "(4, 6)": 0.5792625004465639, "(4, 7)": 0.6443892942120153, "(4, 8)": 0.6767102355009416, "(4, 9)": 0.6970934466975871, "(4, 10)": 0.6345477474755757, "(4, 11)": 0.4281674984515801, "(4, 12)": 0.7013517560906077, "(5, 0)": 0.34864748750817887, "(5, 1)": 0.4762026514193296, "(5, 2)": 0.3968883457431267, "(5, 3)": 0.6154864750278382, "(5, 4)": 0.40283731341248197, "(5, 6)": 0.5411444322274744, "(5, 7)": 0.5282423059558845, "(5, 8)": 0.6089134480001954, "(5, 9)": 0.5299766343281849, "(5, 10)": 0.546034066412479, "(5, 11)": 0.3459096105306424, "(5, 12)": 0.5782156208160796, "(6, 0)": 0.012820459537869477, "(6, 1)": 0.029788650810250394, "(6, 2)": 0.09957552421978366, "(6, 3)": 0.12623336820734077, "(6, 4)": 0.11785383852975151, "(6, 5)": 0.18872881803356134, "(6, 7)": 0.03814872367512756, "(6, 8)": 0.12682440691876318, "(6, 9)": 0.07842094598225469, "(6, 10)": 0.5349897904705326, "(6, 11)": 0.016726324509148238, "(6, 12)": 0.04262858238740208, "(7, 0)": 0.4995972356137992, "(7, 1)": 0.4739766841866234, "(7, 2)": 0.5167169813692487, "(7, 3)": 0.6562926375283336, "(7, 4)": 0.578183258518315, "(7, 5)": 0.5772375000522311, "(7, 6)": 0.5094217407059173, "(7, 8)": 0.6614977387394101, "(7, 9)": 0.788199512444171, "(7, 10)": 0.5544386293903865, "(7, 11)": 0.4672584853238727, "(7, 12)": 0.9040171084741143, "(8, 0)": 0.21317985985364107, "(8, 1)": 0.27222511396939775, "(8, 2)": 0.14549674595340756, "(8, 3)": 0.8845924821017233, "(8, 4)": 0.14317935320738595, "(8, 5)": 0.5636768414753413, "(8, 6)": 0.25937277796211067, "(8, 7)": 0.5021710683331806, "(8, 9)": 0.31068795924543513, "(8, 10)": 0.2737546310130927, "(8, 11)": 0.1529367881838707, "(8, 12)": 0.5660503699317798, "(9, 0)": 0.25094273888486596, "(9, 1)": 0.20652912794848732, "(9, 2)": 0.35204032109895744, "(9, 3)": 0.3435828623268725, "(9, 4)": 0.4619664605504098, "(9, 5)": 0.28716540288096615, "(9, 6)": 0.3462082244231066, "(9, 7)": 0.6712583709924151, "(9, 8)": 0.3449993334914734, "(9, 10)": 0.3704558529323482, "(9, 11)": 0.2140027945423133, "(9, 12)": 0.6688140655041546, "(10, 0)": 0.5205931066576535, "(10, 1)": 0.5376599302809604, "(10, 2)": 0.9998803184001022, "(10, 3)": 0.717593107298517, "(10, 4)": 0.6657173519019198, "(10, 5)": 0.6884968971915533, "(10, 6)": 0.9999594698524092, "(10, 7)": 0.7119983314846411, "(10, 8)": 0.751687794539897, "(10, 9)": 0.8020608313652577, "(10, 11)": 0.49071993898531596, "(10, 12)": 0.7620602507512801, "(11, 0)": 0.7881749326467747, "(11, 1)": 0.7852249291498301, "(11, 2)": 0.7817046158045217, "(11, 3)": 0.770293631740032, "(11, 4)": 0.7679800103958894, "(11, 5)": 0.7794911228788419, "(11, 6)": 0.7932776634649614, "(11, 7)": 0.7840682100504494, "(11, 8)": 0.7715941579690638, "(11, 9)": 0.7900086503156429, "(11, 10)": 0.7856093782234732, "(11, 12)": 0.7837249645581978, "(12, 0)": 0.3148937130226944, "(12, 1)": 0.3645584116546172, "(12, 2)": 0.47347793372250646, "(12, 3)": 0.6357407904599253, "(12, 4)": 0.3808709625406411, "(12, 5)": 0.49170726173102586, "(12, 6)": 0.3381264637002718, "(12, 7)": 0.8361884545057778, "(12, 8)": 0.6685771176618842, "(12, 9)": 0.7330148507972225, "(12, 10)": 0.3807680483956595, "(12, 11)": 0.2552409767376853}