{"(0, 1)": 0.7646800728130825, "(0, 2)": 0.7936831420591888, "(0, 3)": 0.8331186934594076, "(0, 4)": 0.7795722448458532, "(0, 5)": 0.8332487732492188, "(0, 6)": 0.7951088298675043, "(0, 7)": 0.8381627576109014, "(0, 8)": 0.830259807345579, "(0, 9)": 0.8308439509510439, "(0, 10)": 0.8028149146739558, "(0, 11)": 0.7977756650247432, "(0, 12)": 0.8437071213863738, "(1, 0)": 0.6931935468294383, "(1, 2)": 0.7129940743400625, "(1, 3)": 0.7662573352808579, "(1, 4)": 0.7185998876521703, "(1, 5)": 0.7793528997406142, "(1, 6)": 0.6844888298061174, "(1, 7)": 0.7595418403246654, "(1, 8)": 0.7666519356628003, "(1, 9)": 0.7537626511583602, "(1, 10)": 0.702017736540731, "(1, 11)": 0.6860881944206441, "(1, 12)": 0.785074102097032, "(2, 0)": 0.4419391852159167, "(2, 1)": 0.45742163480488174, "(2, 3)": 0.6038952928551944, "(2, 4)": 0.5433767274595556, "(2, 5)": 0.5351014806334324, "(2, 6)": 0.4930746692164799, "(2, 7)": 0.6563256728137482, "(2, 8)": 0.6265607735022627, "(2, 9)": 0.6797920653175709, "(2, 10)": 0.6622433665016336, "(2, 11)": 0.3998514492888836, "(2, 12)": 0.712149328116124, "(3, 0)": 0.324757004819086, "(3, 1)": 0.40747066527899267, "(3, 2)": 0.301303574180107, "(3, 4)": 0.3232680904295825, "(3, 5)": 0.6316101739212051, "(3, 6)": 0.39731072637390363, "(3, 7)": 0.5782571619981489, "(3, 8)": 0.959381203016587, "(3, 9)": 0.43762968878765307, "(3, 10)": 0.41393872209168026, "(3, 11)": 0.31094403284774597, "(3, 12)": 0.635840466403052, "(4, 0)": 0.43629397770690537, "(4, 1)": 0.49384201627312385, "(4, 2)": 0.5550710206142443, "(4, 3)": 0.6421308861469084, "(4, 5)": 0.5735383701637164, "(4, 6)": 0.5817034037157223, "(4, 7)": 0.6456299939593619, "(4, 8)": 0.6803694321926625, "(4, 9)": 0.6994364478519459, "(4, 10)": 0.636110676234463, "(4, 11)": 0.42979694196527385, "(4, 12)": 0.7021517505207682, "(5, 0)": 0.34411698330443663, "(5, 1)": 0.47480759674865836, "(5, 2)": 0.3965363557423528, "(5, 3)": 0.6113754676425412, "(5, 4)": 0.398760812252991, "(5, 6)": 0.5436844039830051, "(5, 7)": 0.5279001950730395, "(5, 8)": 0.6069724561048015, "(5, 9)": 0.5296401752885764, "(5, 10)": 0.546870607780621, "(5, 11)": 0.34278712206052675, "(5, 12)": 0.5774175522432388, "(6, 0)": 0.01614365485536018, "(6, 1)": 0.03135832639778502, "(6, 2)": 0.10000600897909595, "(6, 3)": 0.13045923690965677, "(6, 4)": 0.1176519252335475, "(6, 5)": 0.1894367609050589, "(6, 7)": 0.03821610478118809, "(6, 8)": 0.13171131182982465, "(6, 9)": 0.07352456853246869, "(6, 10)": 0.5330116550664488, "(6, 11)": 0.019544372828387724, "(6, 12)": 0.0407984399804866, "(7, 0)": 0.4965652567490162, "(7, 1)": 0.47244373538604467, "(7, 2)": 0.5192023947702645, "(7, 3)": 0.6581345158190093, "(7, 4)": 0.5814260755795446, "(7, 5)": 0.5716279618508312, "(7, 6)": 0.5036319978130013, "(7, 8)": 0.6616238455989342, "(7, 9)": 0.7852281002162913, "(7, 10)": 0.549889818595114, "(7, 11)": 0.46595980089720335, "(7, 12)": 0.9049924864547513, "(8, 0)": 0.21192772461472686, "(8, 1)": 0.2692279075317193, "(8, 2)": 0.14587627619764498, "(8, 3)": 0.883941507300468, "(8, 4)": 0.14242621046562698, "(8, 5)": 0.5616989848706837, "(8, 6)": 0.2585913763839077, "(8, 7)": 0.5005943684972425, "(8, 9)": 0.3120146615364683, "(8, 10)": 0.2767477712027574, "(8, 11)": 0.1465216012706615, "(8, 12)": 0.5666754704689734, "(9, 0)": 0.24720619114200426, "(9, 1)": 0.2058300651887509, "(9, 2)": 0.35137584129819877, "(9, 3)": 0.3410732557567413, "(9, 4)": 0.46190866093788874, "(9, 5)": 0.2862403361240471, "(9, 6)": 0.34109512495887007, "(9, 7)": 0.6686551155515512, "(9, 8)": 0.3395826940199862, "(9, 10)": 0.361875946101622, "(9, 11)": 0.21779899745359, "(9, 12)": 0.6625275776700923, "(10, 0)": 0.5210088540503659, "(10, 1)": 0.5371497802994353, "(10, 2)": 0.9998804962312039, "(10, 3)": 0.7188917259124445, "(10, 4)": 0.6692912902725021, "(10, 5)": 0.6891351787262985, "(10, 6)": 0.9999594424765403, "(10, 7)": 0.7119836325208684, "(10, 8)": 0.7547438542766343, "(10, 9)": 0.8034166657226234, "(10, 11)": 0.4935457024791885, "(10, 12)": 0.7627976132541638, "(11, 0)": 0.7839333700811127, "(11, 1)": 0.7832893438277324, "(11, 2)": 0.7779955685245565, "(11, 3)": 0.7728455831615894, "(11, 4)": 0.7671029546599855, "(11, 5)": 0.7784018158338444, "(11, 6)": 0.7921851184353599, "(11, 7)": 0.7820939469080753, "(11, 8)": 0.7722678826357351, "(11, 9)": 0.7885745850371675, "(11, 10)": 0.781824263022921, "(11, 12)": 0.7821278074875018, "(12, 0)": 0.31056733422696914, "(12, 1)": 0.36688307365620587, "(12, 2)": 0.4699720713126567, "(12, 3)": 0.6284525658980538, "(12, 4)": 0.37768814666198025, "(12, 5)": 0.48597504806841074, "(12, 6)": 0.3222802551308419, "(12, 7)": 0.83804982264841, "(12, 8)": 0.6653276626050106, "(12, 9)": 0.7289054122280074, "(12, 10)": 0.3719276483798899, "(12, 11)": 0.25231626222630377}