{"(0, 1)": 0.7659592492419826, "(0, 2)": 0.7946822702061405, "(0, 3)": 0.8286800017647108, "(0, 4)": 0.7778246419915782, "(0, 5)": 0.8270364386818104, "(0, 6)": 0.7911960617222935, "(0, 7)": 0.8364246144827064, "(0, 8)": 0.8292541753280571, "(0, 9)": 0.8328723236974234, "(0, 10)": 0.8026997831240447, "(0, 11)": 0.7972776180147688, "(0, 12)": 0.8421050452115199, "(1, 0)": 0.6963096562643052, "(1, 2)": 0.7172919277324885, "(1, 3)": 0.7696136569349287, "(1, 4)": 0.7224463982768983, "(1, 5)": 0.7799766577874838, "(1, 6)": 0.6882925522481229, "(1, 7)": 0.7678579657597955, "(1, 8)": 0.7665835630559268, "(1, 9)": 0.7612572253396725, "(1, 10)": 0.7128066820964867, "(1, 11)": 0.6949927840404414, "(1, 12)": 0.7894354312456965, "(2, 0)": 0.44423753019438184, "(2, 1)": 0.45258487379224266, "(2, 3)": 0.6012779179972891, "(2, 4)": 0.5397207766253487, "(2, 5)": 0.5323497155616508, "(2, 6)": 0.48777007402824546, "(2, 7)": 0.6553707821896166, "(2, 8)": 0.6262423935439076, "(2, 9)": 0.677079672400797, "(2, 10)": 0.659682932260899, "(2, 11)": 0.3989230629562227, "(2, 12)": 0.7115719730454169, "(3, 0)": 0.32729860561683466, "(3, 1)": 0.4118978964474642, "(3, 2)": 0.3060701181264196, "(3, 4)": 0.32181198426845325, "(3, 5)": 0.6321690509807448, "(3, 6)": 0.3851757517412845, "(3, 7)": 0.5767093883487935, "(3, 8)": 0.9601747479182328, "(3, 9)": 0.4356821012652813, "(3, 10)": 0.41648630283014987, "(3, 11)": 0.31320865873140646, "(3, 12)": 0.6356925261645043, "(4, 0)": 0.4364725412967311, "(4, 1)": 0.48754862785853015, "(4, 2)": 0.5478213653602262, "(4, 3)": 0.6435409623698873, "(4, 5)": 0.5733443236461857, "(4, 6)": 0.5751598605631312, "(4, 7)": 0.6409043727363954, "(4, 8)": 0.679098878885327, "(4, 9)": 0.6966118841275688, "(4, 10)": 0.6335617708774351, "(4, 11)": 0.42554082004764004, "(4, 12)": 0.7014626939874857, "(5, 0)": 0.3449967468574683, "(5, 1)": 0.4739674898414167, "(5, 2)": 0.3956024836148797, "(5, 3)": 0.6117967632803675, "(5, 4)": 0.3986140315584632, "(5, 6)": 0.5335159936467873, "(5, 7)": 0.5295460245172274, "(5, 8)": 0.6057874944171361, "(5, 9)": 0.5277230057084676, "(5, 10)": 0.5447982393835696, "(5, 11)": 0.3481269829870314, "(5, 12)": 0.5737666625899951, "(6, 0)": 0.022392783837120067, "(6, 1)": 0.03193414448387033, "(6, 2)": 0.10600805329037377, "(6, 3)": 0.12679617470842175, "(6, 4)": 0.12434791603150508, "(6, 5)": 0.19789239155215632, "(6, 7)": 0.033286054021130385, "(6, 8)": 0.12600619330955443, "(6, 9)": 0.07783770526087286, "(6, 10)": 0.534368255906329, "(6, 11)": 0.018237037645393417, "(6, 12)": 0.041338480904059116, "(7, 0)": 0.4950597417667937, "(7, 1)": 0.4679737653058592, "(7, 2)": 0.5188490670061066, "(7, 3)": 0.6568246459516529, "(7, 4)": 0.5774817651254458, "(7, 5)": 0.5772052589872797, "(7, 6)": 0.5081359693438151, "(7, 8)": 0.6605792135861288, "(7, 9)": 0.7861315447886212, "(7, 10)": 0.5502049571521603, "(7, 11)": 0.46490692101874664, "(7, 12)": 0.9041519970763241, "(8, 0)": 0.21109791483934282, "(8, 1)": 0.269571674079088, "(8, 2)": 0.14865321738950243, "(8, 3)": 0.8840516949467871, "(8, 4)": 0.1437504566273763, "(8, 5)": 0.5622983526384757, "(8, 6)": 0.25379981151031283, "(8, 7)": 0.49429192270475153, "(8, 9)": 0.3145298997631607, "(8, 10)": 0.26598626656761404, "(8, 11)": 0.14519646578907652, "(8, 12)": 0.562872621108772, "(9, 0)": 0.24586025327907257, "(9, 1)": 0.20698706000388123, "(9, 2)": 0.35591279337765325, "(9, 3)": 0.3388043638479542, "(9, 4)": 0.4616540823330665, "(9, 5)": 0.28745854024911477, "(9, 6)": 0.3373483440864701, "(9, 7)": 0.669035905957392, "(9, 8)": 0.3434623239042621, "(9, 10)": 0.3625315412003718, "(9, 11)": 0.21465083767294757, "(9, 12)": 0.6653476302121093, "(10, 0)": 0.5211659109276366, "(10, 1)": 0.5377453884468562, "(10, 2)": 0.9998806734208177, "(10, 3)": 0.7173449335670257, "(10, 4)": 0.6666130111389259, "(10, 5)": 0.6862388382055524, "(10, 6)": 0.9999594976518487, "(10, 7)": 0.71241872281875, "(10, 8)": 0.7514784909716824, "(10, 9)": 0.7986010479096958, "(10, 11)": 0.4916559012747509, "(10, 12)": 0.7589943150722691, "(11, 0)": 0.7829374907538735, "(11, 1)": 0.7830834139349004, "(11, 2)": 0.7775568721176879, "(11, 3)": 0.7702054676179759, "(11, 4)": 0.7686802877985305, "(11, 5)": 0.7769201311007269, "(11, 6)": 0.7895491426202194, "(11, 7)": 0.7824621980847768, "(11, 8)": 0.7684154657585975, "(11, 9)": 0.786601793439911, "(11, 10)": 0.7858287393277738, "(11, 12)": 0.7786468303101205, "(12, 0)": 0.31233040139281487, "(12, 1)": 0.3671809051235362, "(12, 2)": 0.4788461266566336, "(12, 3)": 0.6308628423335161, "(12, 4)": 0.3838326871466601, "(12, 5)": 0.48753096365735016, "(12, 6)": 0.31705124740986446, "(12, 7)": 0.8391411184082384, "(12, 8)": 0.6654540151680244, "(12, 9)": 0.7326513896391135, "(12, 10)": 0.3768921227049674, "(12, 11)": 0.2632664797375672}