{"(0, 1)": 0.7598789205483509, "(0, 2)": 0.7926057574037186, "(0, 3)": 0.8305505784741506, "(0, 4)": 0.7809395975502482, "(0, 5)": 0.8316654427161961, "(0, 6)": 0.7909674871513334, "(0, 7)": 0.839744414521766, "(0, 8)": 0.8291318653705837, "(0, 9)": 0.8315956735831271, "(0, 10)": 0.8005357716108203, "(0, 11)": 0.7968014515042314, "(0, 12)": 0.8458123339980977, "(1, 0)": 0.6951264655077927, "(1, 2)": 0.7123632824799776, "(1, 3)": 0.7691659702899721, "(1, 4)": 0.7201902472611642, "(1, 5)": 0.7812223364485072, "(1, 6)": 0.6826832803280873, "(1, 7)": 0.7663032317410321, "(1, 8)": 0.7651487890818646, "(1, 9)": 0.759497793716447, "(1, 10)": 0.705908740501424, "(1, 11)": 0.6908998421025145, "(1, 12)": 0.7885060530715453, "(2, 0)": 0.4420468023287324, "(2, 1)": 0.4521941667230811, "(2, 3)": 0.60279528923509, "(2, 4)": 0.5435941961225492, "(2, 5)": 0.5288926557704832, "(2, 6)": 0.483919916046446, "(2, 7)": 0.657300459198237, "(2, 8)": 0.6226702016050478, "(2, 9)": 0.677590682482281, "(2, 10)": 0.6592509975816017, "(2, 11)": 0.39586174482108627, "(2, 12)": 0.7117358168414373, "(3, 0)": 0.32391268735134404, "(3, 1)": 0.4085563036214952, "(3, 2)": 0.303751522672302, "(3, 4)": 0.3267074933901397, "(3, 5)": 0.6337414950243929, "(3, 6)": 0.39526060770119453, "(3, 7)": 0.579610963388059, "(3, 8)": 0.9596539792631013, "(3, 9)": 0.4405401851617884, "(3, 10)": 0.41278786324212347, "(3, 11)": 0.3156914381011695, "(3, 12)": 0.6387039286691045, "(4, 0)": 0.4415386743718729, "(4, 1)": 0.49649911939692515, "(4, 2)": 0.5470818198590921, "(4, 3)": 0.6404502694623997, "(4, 5)": 0.5754640748850771, "(4, 6)": 0.5783427554359968, "(4, 7)": 0.6428486744515166, "(4, 8)": 0.6753352081947968, "(4, 9)": 0.699189494506724, "(4, 10)": 0.6356964397163354, "(4, 11)": 0.42836590480943004, "(4, 12)": 0.7019039849447319, "(5, 0)": 0.3487968622237264, "(5, 1)": 0.47245530592891516, "(5, 2)": 0.3987519677922041, "(5, 3)": 0.6169543033863303, "(5, 4)": 0.4019421548612989, "(5, 6)": 0.5429422607085088, "(5, 7)": 0.5286343593177404, "(5, 8)": 0.6060812031480134, "(5, 9)": 0.5262888913876441, "(5, 10)": 0.5493868076507804, "(5, 11)": 0.3449909144452188, "(5, 12)": 0.5784112111811455, "(6, 0)": 0.014015931007651972, "(6, 1)": 0.03233079585924048, "(6, 2)": 0.10221559461733609, "(6, 3)": 0.13043288520977292, "(6, 4)": 0.12401117292148878, "(6, 5)": 0.19077839585900758, "(6, 7)": 0.033393248849554524, "(6, 8)": 0.1277272976274373, "(6, 9)": 0.07609262100371639, "(6, 10)": 0.5352154864765508, "(6, 11)": 0.019456285939579043, "(6, 12)": 0.0428039349333007, "(7, 0)": 0.5001787608113466, "(7, 1)": 0.4687136141272896, "(7, 2)": 0.5200656889479423, "(7, 3)": 0.6555341854531245, "(7, 4)": 0.5772186020751892, "(7, 5)": 0.5717692586534624, "(7, 6)": 0.5095028951398556, "(7, 8)": 0.6578551230848291, "(7, 9)": 0.7856906608772511, "(7, 10)": 0.5491924652783055, "(7, 11)": 0.46903407488922266, "(7, 12)": 0.903622646203557, "(8, 0)": 0.21177871667458192, "(8, 1)": 0.2705703204465363, "(8, 2)": 0.1481542708872573, "(8, 3)": 0.8843563548600475, "(8, 4)": 0.14606917292878496, "(8, 5)": 0.5592423032858216, "(8, 6)": 0.2650235662372449, "(8, 7)": 0.4968091653099389, "(8, 9)": 0.317189083242542, "(8, 10)": 0.27520376420530435, "(8, 11)": 0.15130025085928211, "(8, 12)": 0.5626076852427797, "(9, 0)": 0.24613851792673058, "(9, 1)": 0.20155941232042518, "(9, 2)": 0.3591063590562166, "(9, 3)": 0.342446272910954, "(9, 4)": 0.464417475317776, "(9, 5)": 0.28532139525843325, "(9, 6)": 0.3439950586624949, "(9, 7)": 0.6685830604592689, "(9, 8)": 0.3444730538390828, "(9, 10)": 0.37090374110056046, "(9, 11)": 0.2228009667682379, "(9, 12)": 0.6668764359199381, "(10, 0)": 0.5173971717387336, "(10, 1)": 0.5349795370090544, "(10, 2)": 0.9998796649251968, "(10, 3)": 0.7199533990418818, "(10, 4)": 0.6645021756770786, "(10, 5)": 0.683970777274185, "(10, 6)": 0.9999594688393509, "(10, 7)": 0.7122329966304233, "(10, 8)": 0.7528229600407246, "(10, 9)": 0.8038414042213403, "(10, 11)": 0.48987901888955065, "(10, 12)": 0.7625061011013202, "(11, 0)": 0.7874192728280877, "(11, 1)": 0.7848833960917915, "(11, 2)": 0.7795102197163469, "(11, 3)": 0.7732028536450564, "(11, 4)": 0.7683445513700898, "(11, 5)": 0.7795929882660186, "(11, 6)": 0.7908117316911247, "(11, 7)": 0.7880800335924141, "(11, 8)": 0.7727058678833807, "(11, 9)": 0.7891891537156753, "(11, 10)": 0.7879408621527977, "(11, 12)": 0.7834745002507842, "(12, 0)": 0.30878109292252287, "(12, 1)": 0.36459158500728783, "(12, 2)": 0.475179567420015, "(12, 3)": 0.6312423931639963, "(12, 4)": 0.37782822289266405, "(12, 5)": 0.48026485963795074, "(12, 6)": 0.3150639161911809, "(12, 7)": 0.8379316675664604, "(12, 8)": 0.66151969334728, "(12, 9)": 0.730657081124028, "(12, 10)": 0.3693253055226352, "(12, 11)": 0.2558077794533943}