{"(0, 1)": 0.7656762545849801, "(0, 2)": 0.7949579303847306, "(0, 3)": 0.8307350499374428, "(0, 4)": 0.7823026731033444, "(0, 5)": 0.8296635182489407, "(0, 6)": 0.7944263118986121, "(0, 7)": 0.8390288977995728, "(0, 8)": 0.828565045187305, "(0, 9)": 0.8309445558749723, "(0, 10)": 0.8049603809838466, "(0, 11)": 0.7988550453487938, "(0, 12)": 0.8461702766319348, "(1, 0)": 0.6931384938018837, "(1, 2)": 0.7095249628516774, "(1, 3)": 0.7652213300608366, "(1, 4)": 0.7227966894474622, "(1, 5)": 0.7769378776347255, "(1, 6)": 0.678932456399491, "(1, 7)": 0.7588468051744104, "(1, 8)": 0.7631505486263596, "(1, 9)": 0.7566722702089758, "(1, 10)": 0.7043502148860835, "(1, 11)": 0.6898069431435145, "(1, 12)": 0.7856987235488468, "(2, 0)": 0.44017133265750585, "(2, 1)": 0.44996079633616615, "(2, 3)": 0.6028106417563357, "(2, 4)": 0.5391560019090909, "(2, 5)": 0.5272602512211775, "(2, 6)": 0.4882458277079601, "(2, 7)": 0.6484883809473305, "(2, 8)": 0.6188215788923697, "(2, 9)": 0.6768109112084986, "(2, 10)": 0.6632907059804525, "(2, 11)": 0.3928580746767151, "(2, 12)": 0.7125552943034225, "(3, 0)": 0.3213729371424313, "(3, 1)": 0.4056649248800195, "(3, 2)": 0.3003207411171471, "(3, 4)": 0.3187038770340358, "(3, 5)": 0.6286837135007093, "(3, 6)": 0.3892587686172041, "(3, 7)": 0.5773143559774443, "(3, 8)": 0.9593521964382471, "(3, 9)": 0.4371328078305934, "(3, 10)": 0.40745370039721174, "(3, 11)": 0.31016045040599305, "(3, 12)": 0.6352225224258399, "(4, 0)": 0.4307944745776576, "(4, 1)": 0.4911442727007399, "(4, 2)": 0.5470446593143072, "(4, 3)": 0.6342119240767863, "(4, 5)": 0.5707223473727134, "(4, 6)": 0.5723620831793554, "(4, 7)": 0.6364471204341464, "(4, 8)": 0.6744005669030968, "(4, 9)": 0.6915482664482888, "(4, 10)": 0.6274262191366387, "(4, 11)": 0.41173192214505194, "(4, 12)": 0.6934283248925421, "(5, 0)": 0.35210277472997, "(5, 1)": 0.47461167234100965, "(5, 2)": 0.40066393409664425, "(5, 3)": 0.6074516971601112, "(5, 4)": 0.40119820735516654, "(5, 6)": 0.5409226075767534, "(5, 7)": 0.528110574334661, "(5, 8)": 0.6035944353744175, "(5, 9)": 0.5287377207255766, "(5, 10)": 0.5487652762183239, "(5, 11)": 0.3434872773884142, "(5, 12)": 0.5746018484697313, "(6, 0)": 0.015947941557287404, "(6, 1)": 0.029116371413471454, "(6, 2)": 0.10749096202269981, "(6, 3)": 0.1254537732944806, "(6, 4)": 0.12036184424226282, "(6, 5)": 0.18303728172923783, "(6, 7)": 0.034913923029449845, "(6, 8)": 0.12478287624578122, "(6, 9)": 0.08211164880865363, "(6, 10)": 0.5365793413069369, "(6, 11)": 0.020137293836191228, "(6, 12)": 0.04534590615775713, "(7, 0)": 0.4958991652058242, "(7, 1)": 0.4673135778550753, "(7, 2)": 0.5143367328059836, "(7, 3)": 0.6580257253284718, "(7, 4)": 0.5769404335761547, "(7, 5)": 0.5684513970372549, "(7, 6)": 0.5038424940441286, "(7, 8)": 0.6638452307868007, "(7, 9)": 0.7857498949910375, "(7, 10)": 0.5503262382203572, "(7, 11)": 0.4615864094056852, "(7, 12)": 0.9022497587563086, "(8, 0)": 0.21009699268750937, "(8, 1)": 0.27100233380612704, "(8, 2)": 0.14957650552676593, "(8, 3)": 0.8826304431011947, "(8, 4)": 0.14297533860610334, "(8, 5)": 0.5599000211353937, "(8, 6)": 0.26049225841906, "(8, 7)": 0.4965923053464938, "(8, 9)": 0.3099915657947011, "(8, 10)": 0.27119252286869533, "(8, 11)": 0.14765159506504655, "(8, 12)": 0.5644568872188767, "(9, 0)": 0.24460952727116403, "(9, 1)": 0.20965077734313675, "(9, 2)": 0.348519630436966, "(9, 3)": 0.3355853386559151, "(9, 4)": 0.46088807680799637, "(9, 5)": 0.28237025340649236, "(9, 6)": 0.3485641893728946, "(9, 7)": 0.6664088356819188, "(9, 8)": 0.340901347990191, "(9, 10)": 0.3728485417845292, "(9, 11)": 0.2146442972574205, "(9, 12)": 0.6677254735571339, "(10, 0)": 0.5195093372507451, "(10, 1)": 0.5330606009021179, "(10, 2)": 0.9998804466387433, "(10, 3)": 0.7142845053898488, "(10, 4)": 0.6603776483900293, "(10, 5)": 0.6843218019878308, "(10, 6)": 0.9999594454843364, "(10, 7)": 0.708273036378843, "(10, 8)": 0.751328784192514, "(10, 9)": 0.8017273039626011, "(10, 11)": 0.48674119321005105, "(10, 12)": 0.757298260254576, "(11, 0)": 0.7899468410358622, "(11, 1)": 0.7870455987496661, "(11, 2)": 0.7784232039944255, "(11, 3)": 0.7761796794688997, "(11, 4)": 0.7674811483418755, "(11, 5)": 0.7839724656343124, "(11, 6)": 0.7929781952666695, "(11, 7)": 0.7835801359302957, "(11, 8)": 0.7787573038348832, "(11, 9)": 0.7921035943112136, "(11, 10)": 0.7926743099118976, "(11, 12)": 0.7848245825766402, "(12, 0)": 0.3163669811887577, "(12, 1)": 0.3681053991787814, "(12, 2)": 0.48067206662437856, "(12, 3)": 0.6341212447036739, "(12, 4)": 0.3826456505216639, "(12, 5)": 0.484001843363292, "(12, 6)": 0.3268959407831338, "(12, 7)": 0.8384495754815718, "(12, 8)": 0.6675291353456616, "(12, 9)": 0.7357505045139907, "(12, 10)": 0.37922361826771733, "(12, 11)": 0.25724819420363965}