{"(0, 1)": 0.9989619410772448, "(0, 2)": 0.9989158590254692, "(0, 3)": 0.9995208134029406, "(0, 4)": 0.9991709623643129, "(0, 5)": 0.9986580036881728, "(1, 0)": 0.9989682737154842, "(1, 2)": 0.999162348847038, "(1, 3)": 0.9990403674787017, "(1, 4)": 0.9990577175728562, "(1, 5)": 0.9989460865597227, "(2, 0)": 0.9990488894675522, "(2, 1)": 0.9989259899402373, "(2, 3)": 0.999103997715587, "(2, 4)": 0.9987663048817329, "(2, 5)": 0.9988010715324805, "(3, 0)": 0.9993612672535243, "(3, 1)": 0.9990173651966459, "(3, 2)": 0.9989305206386484, "(3, 4)": 0.9990073394689745, "(3, 5)": 0.9987480074122911, "(4, 0)": 0.9990736877578813, "(4, 1)": 0.9990548191490363, "(4, 2)": 0.9987921545142716, "(4, 3)": 0.9988362064128108, "(4, 5)": 0.9988936453214177, "(5, 0)": 0.7917688149300597, "(5, 1)": 0.7563022667791004, "(5, 2)": 0.7949924241193493, "(5, 3)": 0.7771672801825709, "(5, 4)": 0.7963942743167363}