{"(0, 1)": 0.9989617328916515, "(0, 2)": 0.9989165980698067, "(0, 3)": 0.9995199776775268, "(0, 4)": 0.9991696179133346, "(0, 5)": 0.9986547036554849, "(1, 0)": 0.9989669966356974, "(1, 2)": 0.9991649911477902, "(1, 3)": 0.9990369086079909, "(1, 4)": 0.999054762319748, "(1, 5)": 0.9989443490619668, "(2, 0)": 0.9990474337789782, "(2, 1)": 0.9989248713801262, "(2, 3)": 0.9990995649973473, "(2, 4)": 0.9987643020091278, "(2, 5)": 0.9987996939916775, "(3, 0)": 0.9993613624077501, "(3, 1)": 0.999017354065223, "(3, 2)": 0.9989309028143732, "(3, 4)": 0.999005087086435, "(3, 5)": 0.9987465719204549, "(4, 0)": 0.9990724230270013, "(4, 1)": 0.9990541459542501, "(4, 2)": 0.9987938769026738, "(4, 3)": 0.998834956575546, "(4, 5)": 0.9988921246381623, "(5, 0)": 0.7926614744534524, "(5, 1)": 0.7598387944800056, "(5, 2)": 0.7936171873350384, "(5, 3)": 0.7742500039158521, "(5, 4)": 0.7967744221864298}