{"(0, 1)": 0.9989634161893955, "(0, 2)": 0.998918788411547, "(0, 3)": 0.9995193164698701, "(0, 4)": 0.9991713412349646, "(0, 5)": 0.9986502054559416, "(1, 0)": 0.9989692846876019, "(1, 2)": 0.9991645985832989, "(1, 3)": 0.9990377770927341, "(1, 4)": 0.9990568805302753, "(1, 5)": 0.9989418417992121, "(2, 0)": 0.9990495145627218, "(2, 1)": 0.9989270613392643, "(2, 3)": 0.9991007940800742, "(2, 4)": 0.9987665700536258, "(2, 5)": 0.9987959090892204, "(3, 0)": 0.9993618174694467, "(3, 1)": 0.9990186255262576, "(3, 2)": 0.9989332632271969, "(3, 4)": 0.999007146429662, "(3, 5)": 0.9987438747883022, "(4, 0)": 0.999075125460989, "(4, 1)": 0.9990564869586406, "(4, 2)": 0.9987958100992858, "(4, 3)": 0.9988350325786162, "(4, 5)": 0.9988885956960374, "(5, 0)": 0.7888079460955132, "(5, 1)": 0.752309747055901, "(5, 2)": 0.7941100661406074, "(5, 3)": 0.7749067674158026, "(5, 4)": 0.7951746603213178}