{"(0, 1)": 0.9989586070350179, "(0, 2)": 0.9989179089752727, "(0, 3)": 0.9995207402922494, "(0, 4)": 0.9991698042946354, "(0, 5)": 0.9986535210218633, "(1, 0)": 0.9989697225604186, "(1, 2)": 0.9991654502727372, "(1, 3)": 0.9990370391711734, "(1, 4)": 0.9990561065823457, "(1, 5)": 0.9989426853209563, "(2, 0)": 0.9990489502915453, "(2, 1)": 0.9989212679396002, "(2, 3)": 0.9990998431563596, "(2, 4)": 0.998764321910832, "(2, 5)": 0.9987974828784073, "(3, 0)": 0.9993622452765694, "(3, 1)": 0.9990143744012789, "(3, 2)": 0.9989311165238881, "(3, 4)": 0.9990055675962836, "(3, 5)": 0.9987459547817323, "(4, 0)": 0.9990755752270848, "(4, 1)": 0.999050295845064, "(4, 2)": 0.9987947865792446, "(4, 3)": 0.9988361912583033, "(4, 5)": 0.9988897913673768, "(5, 0)": 0.7991185661320224, "(5, 1)": 0.7607083833337329, "(5, 2)": 0.795450308082194, "(5, 3)": 0.7800249185731466, "(5, 4)": 0.7993562204386747}