{"(0, 1)": 0.9989570204330246, "(0, 2)": 0.9989187280532784, "(0, 3)": 0.9995216555656475, "(0, 4)": 0.9991677629056327, "(0, 5)": 0.9986592575883075, "(1, 0)": 0.9989666411524476, "(1, 2)": 0.9991657379629215, "(1, 3)": 0.9990425607202242, "(1, 4)": 0.9990535972478851, "(1, 5)": 0.9989469561548291, "(2, 0)": 0.9990489663493604, "(2, 1)": 0.9989216122670092, "(2, 3)": 0.9991053118949598, "(2, 4)": 0.9987609091767709, "(2, 5)": 0.9988026184774843, "(3, 0)": 0.9993602763963811, "(3, 1)": 0.9990132739517179, "(3, 2)": 0.9989319488498343, "(3, 4)": 0.9990023766553776, "(3, 5)": 0.9987507460269839, "(4, 0)": 0.9990723236973053, "(4, 1)": 0.9990507422815988, "(4, 2)": 0.9987961811619922, "(4, 3)": 0.9988383912773681, "(4, 5)": 0.998894540593895, "(5, 0)": 0.7937659811665185, "(5, 1)": 0.7572573819749973, "(5, 2)": 0.7955107857450243, "(5, 3)": 0.7803319486945799, "(5, 4)": 0.7980578569170328}