{"(0, 1)": 0.5910063712930093, "(0, 2)": 0.6543946251152577, "(0, 3)": 0.5850296145835152, "(0, 4)": 0.611465000822703, "(0, 5)": 0.5824720117904709, "(0, 6)": 0.6402573277521402, "(0, 7)": 0.6304117736196837, "(0, 8)": 0.6367092114585018, "(0, 9)": 0.6473974070929225, "(0, 10)": 0.6491724164202753, "(0, 11)": 0.6347768347475469, "(0, 12)": 0.546492149783427, "(0, 13)": 0.6639737906054715, "(0, 14)": 0.6189631232597919, "(0, 15)": 0.764973205977635, "(0, 16)": 0.621882659249367, "(1, 0)": 0.2076442143873315, "(1, 2)": 0.6661291640936737, "(1, 3)": 0.7800323640467619, "(1, 4)": 0.7926650700359069, "(1, 5)": 0.778088056100362, "(1, 6)": 0.41295207397935196, "(1, 7)": 0.42141137463946243, "(1, 8)": 0.3857747653894201, "(1, 9)": 0.3902504960229447, "(1, 10)": 0.400638830657122, "(1, 11)": 0.38954753733552305, "(1, 12)": 0.5403250225994238, "(1, 13)": 0.4999343940004677, "(1, 14)": 0.33661900522013266, "(1, 15)": 0.3110043628991006, "(1, 16)": 0.5940548758526154, "(2, 0)": 0.2173577062671911, "(2, 1)": 0.6745164952076748, "(2, 3)": 0.5565956460209893, "(2, 4)": 0.6473302801282401, "(2, 5)": 0.5580828653978778, "(2, 6)": 0.39578344117632114, "(2, 7)": 0.4025584104412161, "(2, 8)": 0.3754002807810788, "(2, 9)": 0.3886471210307889, "(2, 10)": 0.3998142265476108, "(2, 11)": 0.37485977684588967, "(2, 12)": 0.47495322532566364, "(2, 13)": 0.4974247017525266, "(2, 14)": 0.38864465491565603, "(2, 15)": 0.3318781591660396, "(2, 16)": 0.5477646692457541, "(3, 0)": 0.13438196181742068, "(3, 1)": 0.7580239195292181, "(3, 2)": 0.5204108793806481, "(3, 4)": 0.7375046083973311, "(3, 5)": 0.9976688679101645, "(3, 6)": 0.3636498942584303, "(3, 7)": 0.3667340777094913, "(3, 8)": 0.34848824055092376, "(3, 9)": 0.34181853673089624, "(3, 10)": 0.3283451049916978, "(3, 11)": 0.35270730817350104, "(3, 12)": 0.43389939290515045, "(3, 13)": 0.43166517603738075, "(3, 14)": 0.23695796419687543, "(3, 15)": 0.2469914796815733, "(3, 16)": 0.47466812571925, "(4, 0)": 0.13395759013929642, "(4, 1)": 0.7740458846209037, "(4, 2)": 0.6170857964382773, "(4, 3)": 0.7376466477936869, "(4, 5)": 0.7386290964234432, "(4, 6)": 0.3838055853422856, "(4, 7)": 0.39608778838436765, "(4, 8)": 0.36120816848183657, "(4, 9)": 0.37017126245656407, "(4, 10)": 0.3702287581901311, "(4, 11)": 0.366207888044475, "(4, 12)": 0.4448951937933314, "(4, 13)": 0.49801023057109917, "(4, 14)": 0.2617381971981487, "(4, 15)": 0.2625704870811283, "(4, 16)": 0.5652856105045352, "(5, 0)": 0.26674676004023457, "(5, 1)": 0.7876873561830944, "(5, 2)": 0.5921812765261686, "(5, 3)": 0.9999399058371374, "(5, 4)": 0.7757668984957169, "(5, 6)": 0.45057921873314655, "(5, 7)": 0.46034809308240465, "(5, 8)": 0.44543549575492014, "(5, 9)": 0.43961890572822837, "(5, 10)": 0.4253418563877751, "(5, 11)": 0.44384210483772113, "(5, 12)": 0.5145903140205059, "(5, 13)": 0.5121199551952649, "(5, 14)": 0.3490970892957096, "(5, 15)": 0.36025918160247417, "(5, 16)": 0.5488380607383414, "(6, 0)": 0.5563732772737124, "(6, 1)": 0.6637673326507363, "(6, 2)": 0.6525621212112325, "(6, 3)": 0.6627298370450625, "(6, 4)": 0.6801323881167819, "(6, 5)": 0.6638289460385863, "(6, 7)": 0.9364822219197751, "(6, 8)": 0.9195846374731581, "(6, 9)": 0.9392112307785146, "(6, 10)": 0.8782515958857482, "(6, 11)": 0.9202013162958328, "(6, 12)": 0.6604574645971153, "(6, 13)": 0.7364891094921262, "(6, 14)": 0.6019775951162378, "(6, 15)": 0.5690449156354653, "(6, 16)": 0.6580654837439579, "(7, 0)": 0.13957582221707887, "(7, 1)": 0.3826388765981331, "(7, 2)": 0.34682413964047076, "(7, 3)": 0.373594900216465, "(7, 4)": 0.4023065897076573, "(7, 5)": 0.3733024999437373, "(7, 6)": 0.8852540044050894, "(7, 8)": 0.7903220442327283, "(7, 9)": 0.820434807493529, "(7, 10)": 0.748008389376573, "(7, 11)": 0.789778034966132, "(7, 12)": 0.3874499848074593, "(7, 13)": 0.4860266535749629, "(7, 14)": 0.2535943160337759, "(7, 15)": 0.18075667305001808, "(7, 16)": 0.36615855908687756, "(8, 0)": 0.42273099191962604, "(8, 1)": 0.5489696774055066, "(8, 2)": 0.5286955940135247, "(8, 3)": 0.5559368891824727, "(8, 4)": 0.5705539683618239, "(8, 5)": 0.5594887721381137, "(8, 6)": 0.8946907580544441, "(8, 7)": 0.8496494911173041, "(8, 9)": 0.8904748473262837, "(8, 10)": 0.7612903402887846, "(8, 11)": 0.9995760686407585, "(8, 12)": 0.5445000763721739, "(8, 13)": 0.6417885439929547, "(8, 14)": 0.48187504199135234, "(8, 15)": 0.4516241303169062, "(8, 16)": 0.5289371642388567, "(9, 0)": 0.44551992627862225, "(9, 1)": 0.5787674548438116, "(9, 2)": 0.5715171582992753, "(9, 3)": 0.5770500927341278, "(9, 4)": 0.6014557534945675, "(9, 5)": 0.5828130361394468, "(9, 6)": 0.9255326806133838, "(9, 7)": 0.8796685085833105, "(9, 8)": 0.8964261177117245, "(9, 10)": 0.8448747971149331, "(9, 11)": 0.8984141198435253, "(9, 12)": 0.5710456801834929, "(9, 13)": 0.6715985891060643, "(9, 14)": 0.5210188134443816, "(9, 15)": 0.48000926400184485, "(9, 16)": 0.5730743130265381, "(10, 0)": 0.5076727082148174, "(10, 1)": 0.6290462779338137, "(10, 2)": 0.6248744589648425, "(10, 3)": 0.6163424644780073, "(10, 4)": 0.646398400210034, "(10, 5)": 0.6164178639578402, "(10, 6)": 0.8711422104374452, "(10, 7)": 0.8522569925660813, "(10, 8)": 0.8100071180287797, "(10, 9)": 0.8645379640900114, "(10, 11)": 0.8097146741281822, "(10, 12)": 0.6210641783591253, "(10, 13)": 0.7122042901619519, "(10, 14)": 0.5862186642345089, "(10, 15)": 0.5374375951354922, "(10, 16)": 0.6388913661724221, "(11, 0)": 0.6511851384603341, "(11, 1)": 0.7320473188835925, "(11, 2)": 0.7197264164784207, "(11, 3)": 0.733308546623464, "(11, 4)": 0.7422835534155792, "(11, 5)": 0.7356878411072607, "(11, 6)": 0.9366790626502101, "(11, 7)": 0.9095415962820856, "(11, 8)": 0.9999399977525417, "(11, 9)": 0.9340057870821604, "(11, 10)": 0.8590265526599923, "(11, 12)": 0.7265642356890751, "(11, 13)": 0.7875279204420259, "(11, 14)": 0.6872513629484629, "(11, 15)": 0.670875371420892, "(11, 16)": 0.7228749447373171, "(12, 0)": 0.8315377699839674, "(12, 1)": 0.9052730426447976, "(12, 2)": 0.8946080665708422, "(12, 3)": 0.8940627088299354, "(12, 4)": 0.8944097913860362, "(12, 5)": 0.8938396644224829, "(12, 6)": 0.8825782414243847, "(12, 7)": 0.8867915488350362, "(12, 8)": 0.8769233107947147, "(12, 9)": 0.8768329830023784, "(12, 10)": 0.8755210315749015, "(12, 11)": 0.8776491302063606, "(12, 13)": 0.9019694071933673, "(12, 14)": 0.8704390926737414, "(12, 15)": 0.8372111926341015, "(12, 16)": 0.8891832196322288, "(13, 0)": 0.7276134417014757, "(13, 1)": 0.826649175076022, "(13, 2)": 0.8264616077815441, "(13, 3)": 0.8155450261777321, "(13, 4)": 0.8394992142993963, "(13, 5)": 0.817120415665628, "(13, 6)": 0.8393438338940078, "(13, 7)": 0.834438489020666, "(13, 8)": 0.8303271017834032, "(13, 9)": 0.8365954413234341, "(13, 10)": 0.8378556354257582, "(13, 11)": 0.8306820095333592, "(13, 12)": 0.8279997907230845, "(13, 14)": 0.788234978187994, "(13, 15)": 0.7552694762940129, "(13, 16)": 0.8241389168550122, "(14, 0)": 0.8164838211154868, "(14, 1)": 0.8485474578805305, "(14, 2)": 0.8600585943908097, "(14, 3)": 0.842414882966319, "(14, 4)": 0.843293762569319, "(14, 5)": 0.8399508102389305, "(14, 6)": 0.8483886081019758, "(14, 7)": 0.8476548576809444, "(14, 8)": 0.8440262786357426, "(14, 9)": 0.8446871911728705, "(14, 10)": 0.8477596915329528, "(14, 11)": 0.8436002247253909, "(14, 12)": 0.861448787953871, "(14, 13)": 0.8664296669257467, "(14, 15)": 0.8234921615783595, "(14, 16)": 0.8515436590567124, "(15, 0)": 0.7995123353186778, "(15, 1)": 0.8203291417659004, "(15, 2)": 0.8297565149264959, "(15, 3)": 0.8183893926707791, "(15, 4)": 0.8269580397664779, "(15, 5)": 0.8194566817729342, "(15, 6)": 0.8138218030930249, "(15, 7)": 0.8120663949123229, "(15, 8)": 0.812929031833543, "(15, 9)": 0.8139421825684297, "(15, 10)": 0.8127042589568171, "(15, 11)": 0.8136459705358106, "(15, 12)": 0.7982522837389163, "(15, 13)": 0.8138849623879352, "(15, 14)": 0.8036589239267622, "(15, 16)": 0.8185224231184078, "(16, 0)": 0.7277028591795468, "(16, 1)": 0.8712498543659268, "(16, 2)": 0.8586682728658678,