{"(0, 1)": 0.5853894040373689, "(0, 2)": 0.650855045022815, "(0, 3)": 0.5771894533420603, "(0, 4)": 0.6090200559773171, "(0, 5)": 0.5778059611364699, "(0, 6)": 0.6396685695123216, "(0, 7)": 0.6271699785802418, "(0, 8)": 0.6358932229537217, "(0, 9)": 0.6432004198459207, "(0, 10)": 0.648350300378483, "(0, 11)": 0.6319242713973112, "(0, 12)": 0.5467594800190618, "(0, 13)": 0.6612367050995204, "(0, 14)": 0.6266488146177043, "(0, 15)": 0.760464746333347, "(0, 16)": 0.6178476683656938, "(1, 0)": 0.20514207501898107, "(1, 2)": 0.6665815989521306, "(1, 3)": 0.7782931933966178, "(1, 4)": 0.79218401441232, "(1, 5)": 0.7764025674342203, "(1, 6)": 0.4111586471015335, "(1, 7)": 0.42944919632204304, "(1, 8)": 0.38926263769194713, "(1, 9)": 0.392412214308803, "(1, 10)": 0.3962511028529411, "(1, 11)": 0.38958033381246393, "(1, 12)": 0.5422133290646258, "(1, 13)": 0.49998759565419526, "(1, 14)": 0.3367321213048995, "(1, 15)": 0.3076646132682146, "(1, 16)": 0.5975020302867442, "(2, 0)": 0.21650117774038413, "(2, 1)": 0.6728462081800645, "(2, 3)": 0.5557740201268031, "(2, 4)": 0.6430160508582687, "(2, 5)": 0.555177758517835, "(2, 6)": 0.3937462830753934, "(2, 7)": 0.3975310479296933, "(2, 8)": 0.36825892801559756, "(2, 9)": 0.3782445932323104, "(2, 10)": 0.39891085663202175, "(2, 11)": 0.3687379189638208, "(2, 12)": 0.4761702164509747, "(2, 13)": 0.4983578027179335, "(2, 14)": 0.3876763191095908, "(2, 15)": 0.3348696990522655, "(2, 16)": 0.5476477298329183, "(3, 0)": 0.13544476680194284, "(3, 1)": 0.7583492828847888, "(3, 2)": 0.5222825805374046, "(3, 4)": 0.7369919399973952, "(3, 5)": 0.9976607751186104, "(3, 6)": 0.3578948667617168, "(3, 7)": 0.366175236503563, "(3, 8)": 0.3476253169794674, "(3, 9)": 0.3385247525339552, "(3, 10)": 0.3247980779277242, "(3, 11)": 0.3468946393294826, "(3, 12)": 0.43620018547052186, "(3, 13)": 0.4317987375563763, "(3, 14)": 0.2275398574683688, "(3, 15)": 0.24167535906721194, "(3, 16)": 0.4690848313571303, "(4, 0)": 0.1324263913953445, "(4, 1)": 0.7765275301564838, "(4, 2)": 0.6176374772339059, "(4, 3)": 0.7363247050286829, "(4, 5)": 0.735960057249295, "(4, 6)": 0.38722405479405275, "(4, 7)": 0.39607293109080544, "(4, 8)": 0.3640878558580998, "(4, 9)": 0.3685080105840055, "(4, 10)": 0.37699662675246504, "(4, 11)": 0.3631544626877634, "(4, 12)": 0.4473189903241468, "(4, 13)": 0.49805706938086824, "(4, 14)": 0.2611442208255398, "(4, 15)": 0.26445753849627907, "(4, 16)": 0.5645639365015189, "(5, 0)": 0.2587068013384909, "(5, 1)": 0.7895302550139028, "(5, 2)": 0.5909535455540822, "(5, 3)": 0.9999399065140894, "(5, 4)": 0.7726839353089877, "(5, 6)": 0.4500840073083432, "(5, 7)": 0.4659689394934926, "(5, 8)": 0.44760079172541745, "(5, 9)": 0.4371872308404977, "(5, 10)": 0.4271902021711892, "(5, 11)": 0.4439494538162587, "(5, 12)": 0.518880729446592, "(5, 13)": 0.5168874716873311, "(5, 14)": 0.3486229361481591, "(5, 15)": 0.3530895829107885, "(5, 16)": 0.5494566209198805, "(6, 0)": 0.5556709524107626, "(6, 1)": 0.6662995569100933, "(6, 2)": 0.6572807970921164, "(6, 3)": 0.6665753692913416, "(6, 4)": 0.683914715772142, "(6, 5)": 0.664837494245814, "(6, 7)": 0.9371079364220696, "(6, 8)": 0.9206275747026712, "(6, 9)": 0.9400607186244143, "(6, 10)": 0.880740857345931, "(6, 11)": 0.9203564282661231, "(6, 12)": 0.6650589292987557, "(6, 13)": 0.7417380297494549, "(6, 14)": 0.6074493663528895, "(6, 15)": 0.5677820821525728, "(6, 16)": 0.6638224964096174, "(7, 0)": 0.13966030269431162, "(7, 1)": 0.3796473102024992, "(7, 2)": 0.34565921158740054, "(7, 3)": 0.3687184605761398, "(7, 4)": 0.40117162655794225, "(7, 5)": 0.3770076896097111, "(7, 6)": 0.883550053656966, "(7, 8)": 0.7889307156854606, "(7, 9)": 0.8187087705996862, "(7, 10)": 0.7484127493659567, "(7, 11)": 0.7894277952424108, "(7, 12)": 0.38575401540088894, "(7, 13)": 0.4855305712392808, "(7, 14)": 0.25120766608848444, "(7, 15)": 0.18512993302344727, "(7, 16)": 0.35694861121772825, "(8, 0)": 0.42108019226484217, "(8, 1)": 0.5504009881917269, "(8, 2)": 0.5360377493715791, "(8, 3)": 0.5611358336417642, "(8, 4)": 0.5662792161441605, "(8, 5)": 0.5555789975834899, "(8, 6)": 0.8950337658123758, "(8, 7)": 0.8495894405537954, "(8, 9)": 0.8911028668120946, "(8, 10)": 0.7645873206879368, "(8, 11)": 0.9995749325180201, "(8, 12)": 0.539886433503676, "(8, 13)": 0.64268367350592, "(8, 14)": 0.48340826714505003, "(8, 15)": 0.44568268540198086, "(8, 16)": 0.530563531206871, "(9, 0)": 0.44516079169050005, "(9, 1)": 0.5756146853520094, "(9, 2)": 0.567991624656234, "(9, 3)": 0.5776656602022676, "(9, 4)": 0.6018126754093992, "(9, 5)": 0.578844495089168, "(9, 6)": 0.925661731315827, "(9, 7)": 0.8768455873122711, "(9, 8)": 0.8968128879375301, "(9, 10)": 0.8452945517628964, "(9, 11)": 0.8969097653884581, "(9, 12)": 0.5714284742146918, "(9, 13)": 0.6715877576107308, "(9, 14)": 0.519236195492331, "(9, 15)": 0.478307611156621, "(9, 16)": 0.572392899674957, "(10, 0)": 0.5112233683997431, "(10, 1)": 0.6250743414104376, "(10, 2)": 0.6225048106066212, "(10, 3)": 0.6151579879850338, "(10, 4)": 0.6466195825220646, "(10, 5)": 0.618055479583554, "(10, 6)": 0.8713878383276289, "(10, 7)": 0.8542663756773085, "(10, 8)": 0.8108293558325771, "(10, 9)": 0.8662627132315498, "(10, 11)": 0.8091913336009511, "(10, 12)": 0.6233237286935358, "(10, 13)": 0.711769986850638, "(10, 14)": 0.586175856122487, "(10, 15)": 0.5393716221388765, "(10, 16)": 0.6394130788323373, "(11, 0)": 0.6428804036247608, "(11, 1)": 0.7268881465431662, "(11, 2)": 0.7185937316751967, "(11, 3)": 0.7322120862343489, "(11, 4)": 0.7416462100749843, "(11, 5)": 0.7321957314186112, "(11, 6)": 0.9371694445652252, "(11, 7)": 0.9090554205943385, "(11, 8)": 0.9999399990889174, "(11, 9)": 0.9347446530700634, "(11, 10)": 0.8602277332731834, "(11, 12)": 0.7234225011512945, "(11, 13)": 0.7886269761231821, "(11, 14)": 0.6903990553914139, "(11, 15)": 0.6698064246189788, "(11, 16)": 0.7201698217081207, "(12, 0)": 0.8311862462991966, "(12, 1)": 0.9055967817603727, "(12, 2)": 0.8955135226202711, "(12, 3)": 0.892254448345573, "(12, 4)": 0.8951009231920418, "(12, 5)": 0.8940358306877395, "(12, 6)": 0.8808754606998328, "(12, 7)": 0.8865343519990163, "(12, 8)": 0.8764333838625644, "(12, 9)": 0.876553670333717, "(12, 10)": 0.8751927283662666, "(12, 11)": 0.8762000982466539, "(12, 13)": 0.9025264806611073, "(12, 14)": 0.8744518813610115, "(12, 15)": 0.8353786027836096, "(12, 16)": 0.8893309617935893, "(13, 0)": 0.7345042123779064, "(13, 1)": 0.8238402304718624, "(13, 2)": 0.8259949877086562, "(13, 3)": 0.8181796665241898, "(13, 4)": 0.8374435681937693, "(13, 5)": 0.8176776022748586, "(13, 6)": 0.837829795074534, "(13, 7)": 0.8326765702141526, "(13, 8)": 0.8279305697155239, "(13, 9)": 0.8319223721550322, "(13, 10)": 0.8347385342371826, "(13, 11)": 0.830387019481641, "(13, 12)": 0.8291009664936362, "(13, 14)": 0.7911230479675044, "(13, 15)": 0.7543366789218278, "(13, 16)": 0.8253669632662305, "(14, 0)": 0.8187775696760854, "(14, 1)": 0.8516913187517956, "(14, 2)": 0.8637051248720805, "(14, 3)": 0.8434128955359794, "(14, 4)": 0.8479422943144663, "(14, 5)": 0.8430374019641061, "(14, 6)": 0.8493910877238188, "(14, 7)": 0.8491094576734619, "(14, 8)": 0.845344751202548, "(14, 9)": 0.8457612273419545, "(14, 10)": 0.8506571447149911, "(14, 11)": 0.8452835323513053, "(14, 12)": 0.8635709364011508, "(14, 13)": 0.868157935274847, "(14, 15)": 0.8261175468692481, "(14, 16)": 0.8536232421956058, "(15, 0)": 0.7999155757746748, "(15, 1)": 0.8182730569695745, "(15, 2)": 0.8277540960121621, "(15, 3)": 0.8197170974696212, "(15, 4)": 0.8273174228111919, "(15, 5)": 0.8167370494078918, "(15, 6)": 0.8105114481728493, "(15, 7)": 0.8106100009581063, "(15, 8)": 0.8100557787018269, "(15, 9)": 0.8089984024689492, "(15, 10)": 0.8102283673678772, "(15, 11)": 0.8084540020854569, "(15, 12)": 0.7961377621281154, "(15, 13)": 0.8151036428936328, "(15, 14)": 0.8043730904153824, "(15, 16)": 0.8137539615370413, "(16, 0)": 0.7241576804573608, "(16, 1)": 0.8694144848595315, "(16, 2)": 0.8581694770814116,