{"(0, 1)": 0.5895259250972729, "(0, 2)": 0.6488722310516366, "(0, 3)": 0.5805074602712901, "(0, 4)": 0.6094836439945907, "(0, 5)": 0.579680960476419, "(0, 6)": 0.6409748898036189, "(0, 7)": 0.6285926595465731, "(0, 8)": 0.6333849674871614, "(0, 9)": 0.6474072394606567, "(0, 10)": 0.645250994007804, "(0, 11)": 0.6328598808135101, "(0, 12)": 0.5481615404849844, "(0, 13)": 0.6646348616650264, "(0, 14)": 0.6241375048780642, "(0, 15)": 0.7647474025202016, "(0, 16)": 0.6195478836612928, "(1, 0)": 0.20714662721421429, "(1, 2)": 0.666031169434923, "(1, 3)": 0.7776231952390725, "(1, 4)": 0.7899935026032917, "(1, 5)": 0.7768215100183269, "(1, 6)": 0.41127620767521067, "(1, 7)": 0.42286417366190965, "(1, 8)": 0.38442657368062505, "(1, 9)": 0.38748599632336833, "(1, 10)": 0.397410377065184, "(1, 11)": 0.3867154372648115, "(1, 12)": 0.5415226429707805, "(1, 13)": 0.5021721548578055, "(1, 14)": 0.3332896902168707, "(1, 15)": 0.31071590991724174, "(1, 16)": 0.5962763957829856, "(2, 0)": 0.21405250106769214, "(2, 1)": 0.6694616119702692, "(2, 3)": 0.5554516261875677, "(2, 4)": 0.6438663693759374, "(2, 5)": 0.5556288564866212, "(2, 6)": 0.39534436259732997, "(2, 7)": 0.3986748857330097, "(2, 8)": 0.3670895455500346, "(2, 9)": 0.38535895230301764, "(2, 10)": 0.4022077322225446, "(2, 11)": 0.3640382333352977, "(2, 12)": 0.47677762850899186, "(2, 13)": 0.4960981285113517, "(2, 14)": 0.38693604696045203, "(2, 15)": 0.32864283209983136, "(2, 16)": 0.545291803668196, "(3, 0)": 0.13617472646234496, "(3, 1)": 0.7585499077606342, "(3, 2)": 0.5196294845840931, "(3, 4)": 0.7351525937050027, "(3, 5)": 0.9976388657777998, "(3, 6)": 0.3595821616769044, "(3, 7)": 0.3702856929030245, "(3, 8)": 0.35363635130351756, "(3, 9)": 0.3402733632655591, "(3, 10)": 0.3281453757307239, "(3, 11)": 0.34932405543873757, "(3, 12)": 0.4381551078558723, "(3, 13)": 0.43296334414831705, "(3, 14)": 0.23059011529288265, "(3, 15)": 0.23547919229881853, "(3, 16)": 0.46837658553720785, "(4, 0)": 0.13870145932124978, "(4, 1)": 0.7724056173556954, "(4, 2)": 0.6164014207918957, "(4, 3)": 0.7347431368049777, "(4, 5)": 0.7352472503503524, "(4, 6)": 0.3844915110942325, "(4, 7)": 0.3918835761491851, "(4, 8)": 0.3643138184707402, "(4, 9)": 0.37113804028334707, "(4, 10)": 0.3755705844542362, "(4, 11)": 0.361464614690728, "(4, 12)": 0.4427684614896882, "(4, 13)": 0.49943082832583574, "(4, 14)": 0.26276406675165775, "(4, 15)": 0.2632005859686186, "(4, 16)": 0.5608182536428001, "(5, 0)": 0.26428810422659577, "(5, 1)": 0.7903439088183685, "(5, 2)": 0.5905565223396629, "(5, 3)": 0.9999399137152911, "(5, 4)": 0.7707276294750357, "(5, 6)": 0.4493063178979252, "(5, 7)": 0.46166317943069424, "(5, 8)": 0.4446164512676488, "(5, 9)": 0.43868718573933085, "(5, 10)": 0.4248079391113385, "(5, 11)": 0.44371566063417145, "(5, 12)": 0.5141289947715878, "(5, 13)": 0.5156632020374163, "(5, 14)": 0.3466256403899126, "(5, 15)": 0.35812483655073657, "(5, 16)": 0.5433410844226102, "(6, 0)": 0.556318612152054, "(6, 1)": 0.6699730983408578, "(6, 2)": 0.6566770974858074, "(6, 3)": 0.6660062372589959, "(6, 4)": 0.6852539342127052, "(6, 5)": 0.6724871180713644, "(6, 7)": 0.9370542494907831, "(6, 8)": 0.9212073920978432, "(6, 9)": 0.9405112327686809, "(6, 10)": 0.8788373947867429, "(6, 11)": 0.9228643938742669, "(6, 12)": 0.6657260473911112, "(6, 13)": 0.7404313270236678, "(6, 14)": 0.6016351651031743, "(6, 15)": 0.5641778025314914, "(6, 16)": 0.6604179596166577, "(7, 0)": 0.13927659955803517, "(7, 1)": 0.38465959013456574, "(7, 2)": 0.3551043417044294, "(7, 3)": 0.37609109627348725, "(7, 4)": 0.39992804969960427, "(7, 5)": 0.37281099688652664, "(7, 6)": 0.8851251559406936, "(7, 8)": 0.7913723054288095, "(7, 9)": 0.8198435287505029, "(7, 10)": 0.7477156799046718, "(7, 11)": 0.7916294031984781, "(7, 12)": 0.3874892513032593, "(7, 13)": 0.48503351957562835, "(7, 14)": 0.25274428718951425, "(7, 15)": 0.18714688078032826, "(7, 16)": 0.3620759048420896, "(8, 0)": 0.4261424719923308, "(8, 1)": 0.548893855006648, "(8, 2)": 0.5290739796494721, "(8, 3)": 0.5595694081513211, "(8, 4)": 0.5649566070105567, "(8, 5)": 0.560822279839154, "(8, 6)": 0.8962219262284967, "(8, 7)": 0.8481159734595816, "(8, 9)": 0.8901912949878608, "(8, 10)": 0.7651398888936082, "(8, 11)": 0.9995749824391807, "(8, 12)": 0.5446179607084197, "(8, 13)": 0.6451621598020973, "(8, 14)": 0.47908932752109246, "(8, 15)": 0.4462491955183726, "(8, 16)": 0.5225953783387909, "(9, 0)": 0.44591728376917084, "(9, 1)": 0.5806745024576072, "(9, 2)": 0.570485205135929, "(9, 3)": 0.5792725603131013, "(9, 4)": 0.6048136204447893, "(9, 5)": 0.578811721945643, "(9, 6)": 0.9251442585473799, "(9, 7)": 0.8790103310447163, "(9, 8)": 0.8977808225121976, "(9, 10)": 0.8447091788376542, "(9, 11)": 0.8983193477168067, "(9, 12)": 0.5733688679812923, "(9, 13)": 0.6746175424314758, "(9, 14)": 0.5187124055009213, "(9, 15)": 0.4796726095049323, "(9, 16)": 0.5693160301279115, "(10, 0)": 0.5134657274177785, "(10, 1)": 0.6268478210013858, "(10, 2)": 0.6293581769727608, "(10, 3)": 0.6173369223865937, "(10, 4)": 0.6391453873684328, "(10, 5)": 0.6148316538271767, "(10, 6)": 0.8712741821987626, "(10, 7)": 0.8539138223889072, "(10, 8)": 0.8102642272687378, "(10, 9)": 0.8643891042268859, "(10, 11)": 0.8090259971114688, "(10, 12)": 0.6243187681070397, "(10, 13)": 0.7150207905278603, "(10, 14)": 0.589390136788691, "(10, 15)": 0.5383747669856889, "(10, 16)": 0.6386952447941697, "(11, 0)": 0.6478841625525829, "(11, 1)": 0.73018499523809, "(11, 2)": 0.7195517915387097, "(11, 3)": 0.7351316855643548, "(11, 4)": 0.741451974495636, "(11, 5)": 0.733797582562016, "(11, 6)": 0.9369923911531104, "(11, 7)": 0.9092776377198121, "(11, 8)": 0.9999399956722813, "(11, 9)": 0.9350044761629717, "(11, 10)": 0.8586041466940094, "(11, 12)": 0.7258457980692598, "(11, 13)": 0.7915031692148538, "(11, 14)": 0.6899716141535636, "(11, 15)": 0.6758767395221195, "(11, 16)": 0.7189727905537023, "(12, 0)": 0.8326139977102431, "(12, 1)": 0.9055936122984796, "(12, 2)": 0.8953515184617094, "(12, 3)": 0.8949031899966532, "(12, 4)": 0.8968303118812904, "(12, 5)": 0.8942165069693799, "(12, 6)": 0.8826289156510773, "(12, 7)": 0.8872242161185038, "(12, 8)": 0.8781519536180862, "(12, 9)": 0.8782580480193383, "(12, 10)": 0.8758874771942002, "(12, 11)": 0.8780419360146994, "(12, 13)": 0.9024432214270963, "(12, 14)": 0.8741116243071181, "(12, 15)": 0.8392679269935671, "(12, 16)": 0.8902142429647457, "(13, 0)": 0.7358655999879842, "(13, 1)": 0.8246199418853232, "(13, 2)": 0.8275254907295555, "(13, 3)": 0.8189119635582697, "(13, 4)": 0.8392597206148484, "(13, 5)": 0.8182681506741888, "(13, 6)": 0.8391996319185039, "(13, 7)": 0.8357621609090604, "(13, 8)": 0.8286005209407548, "(13, 9)": 0.8373557820226203, "(13, 10)": 0.8358013711706367, "(13, 11)": 0.8295655315381216, "(13, 12)": 0.8274790149672615, "(13, 14)": 0.7917373322227307, "(13, 15)": 0.7564069632720398, "(13, 16)": 0.8267538275999349, "(14, 0)": 0.816291195655701, "(14, 1)": 0.8486871918081097, "(14, 2)": 0.8614348883435494, "(14, 3)": 0.8414435594795502, "(14, 4)": 0.8456075652335675, "(14, 5)": 0.8422444579131994, "(14, 6)": 0.8477575787138283, "(14, 7)": 0.8473913045270058, "(14, 8)": 0.8441700644171187, "(14, 9)": 0.8458400961157906, "(14, 10)": 0.8502163499197164, "(14, 11)": 0.8448055029943611, "(14, 12)": 0.8628335837110852, "(14, 13)": 0.8682530257681306, "(14, 15)": 0.8270823941623673, "(14, 16)": 0.8540332911758135, "(15, 0)": 0.7952503599831224, "(15, 1)": 0.8171440416160654, "(15, 2)": 0.8274067609227105, "(15, 3)": 0.8150408094100904, "(15, 4)": 0.8233470911269726, "(15, 5)": 0.8147326830923551, "(15, 6)": 0.8106626571226405, "(15, 7)": 0.8107320174643534, "(15, 8)": 0.8101874778542852, "(15, 9)": 0.8097124710157941, "(15, 10)": 0.8115093694595745, "(15, 11)": 0.8113449743659167, "(15, 12)": 0.798246619637496, "(15, 13)": 0.8142286635297016, "(15, 14)": 0.8021564306689491, "(15, 16)": 0.8161862234549175, "(16, 0)": 0.7275582332318222, "(16, 1)": 0.8707829329994016, "(16, 2)": 0.8611880067778203,