{"(0, 1)": 0.5912659189115814, "(0, 2)": 0.6544204046280953, "(0, 3)": 0.5843078932140551, "(0, 4)": 0.6095962986205617, "(0, 5)": 0.5839029654427239, "(0, 6)": 0.643370345476982, "(0, 7)": 0.6307946903500481, "(0, 8)": 0.6379579385216967, "(0, 9)": 0.6481430469451037, "(0, 10)": 0.6507849442383897, "(0, 11)": 0.6356126530597923, "(0, 12)": 0.5516246222180732, "(0, 13)": 0.662705154934253, "(0, 14)": 0.6250691243247958, "(0, 15)": 0.7622499738720377, "(0, 16)": 0.6214158722159304, "(1, 0)": 0.21208145956360624, "(1, 2)": 0.6662766623956813, "(1, 3)": 0.7773322007361632, "(1, 4)": 0.792032986665977, "(1, 5)": 0.7790354348362881, "(1, 6)": 0.4101425411252436, "(1, 7)": 0.42213701584328633, "(1, 8)": 0.38910181297290636, "(1, 9)": 0.3911536710369724, "(1, 10)": 0.40379776654286603, "(1, 11)": 0.3919352366165738, "(1, 12)": 0.539331630651225, "(1, 13)": 0.5007690124803588, "(1, 14)": 0.3370189357317346, "(1, 15)": 0.3094234605034988, "(1, 16)": 0.5960558331789516, "(2, 0)": 0.2148893173175438, "(2, 1)": 0.6693661164578378, "(2, 3)": 0.5585629534958951, "(2, 4)": 0.6445589748888534, "(2, 5)": 0.5584495508248297, "(2, 6)": 0.39478141604059847, "(2, 7)": 0.4011927285551167, "(2, 8)": 0.3724916999367306, "(2, 9)": 0.38524252709852913, "(2, 10)": 0.3985920906724866, "(2, 11)": 0.3701366388545476, "(2, 12)": 0.4710191093403733, "(2, 13)": 0.497735175781305, "(2, 14)": 0.39066834547642326, "(2, 15)": 0.3263315076060834, "(2, 16)": 0.5480155043792885, "(3, 0)": 0.1327079131048865, "(3, 1)": 0.7586685927466537, "(3, 2)": 0.5187070653536576, "(3, 4)": 0.7362689041301873, "(3, 5)": 0.997632690799951, "(3, 6)": 0.3622119674836136, "(3, 7)": 0.3729387890709873, "(3, 8)": 0.3482041236026401, "(3, 9)": 0.3451462871648675, "(3, 10)": 0.3261221809054672, "(3, 11)": 0.354115828637078, "(3, 12)": 0.43986784623300823, "(3, 13)": 0.43398148719151686, "(3, 14)": 0.23167503377926335, "(3, 15)": 0.24004150653606926, "(3, 16)": 0.47060532934957944, "(4, 0)": 0.13270383968150845, "(4, 1)": 0.7749229010947193, "(4, 2)": 0.612601276048633, "(4, 3)": 0.7369432976419343, "(4, 5)": 0.7372425450920466, "(4, 6)": 0.3877694849447689, "(4, 7)": 0.3991133735769926, "(4, 8)": 0.3687164327167668, "(4, 9)": 0.37240938327859385, "(4, 10)": 0.3761517673530719, "(4, 11)": 0.36603079369257774, "(4, 12)": 0.44212867149190416, "(4, 13)": 0.49661080896766197, "(4, 14)": 0.2666220432890887, "(4, 15)": 0.2664906761285315, "(4, 16)": 0.5628814330662641, "(5, 0)": 0.26720485871460076, "(5, 1)": 0.7880859252802372, "(5, 2)": 0.5899854619639444, "(5, 3)": 0.9999399166132505, "(5, 4)": 0.7723433373863677, "(5, 6)": 0.4571380402001455, "(5, 7)": 0.4659279035968622, "(5, 8)": 0.4448734750444463, "(5, 9)": 0.4439434647250058, "(5, 10)": 0.4302239344074037, "(5, 11)": 0.4521805453761041, "(5, 12)": 0.5144451981634195, "(5, 13)": 0.5194314618500286, "(5, 14)": 0.3471065924609492, "(5, 15)": 0.36101934234893074, "(5, 16)": 0.54996036804287, "(6, 0)": 0.5498880601467281, "(6, 1)": 0.6706592166223085, "(6, 2)": 0.6602399853532179, "(6, 3)": 0.6697077233384694, "(6, 4)": 0.6868580220139284, "(6, 5)": 0.6698503474456607, "(6, 7)": 0.9372402472742836, "(6, 8)": 0.9212007383691136, "(6, 9)": 0.9399299234218301, "(6, 10)": 0.8786300967610967, "(6, 11)": 0.9204561404576853, "(6, 12)": 0.6630873833379942, "(6, 13)": 0.7405982695297644, "(6, 14)": 0.6100532485304859, "(6, 15)": 0.5733428569849118, "(6, 16)": 0.662168277215804, "(7, 0)": 0.13697632583834018, "(7, 1)": 0.3826179651583743, "(7, 2)": 0.34801695732301796, "(7, 3)": 0.37562898770595843, "(7, 4)": 0.4062895253925206, "(7, 5)": 0.3765224839699072, "(7, 6)": 0.8851070713107101, "(7, 8)": 0.7909842754453142, "(7, 9)": 0.8203391335446191, "(7, 10)": 0.7456357637205231, "(7, 11)": 0.7911937598786319, "(7, 12)": 0.38834096380578875, "(7, 13)": 0.48221306309956535, "(7, 14)": 0.24726812147474742, "(7, 15)": 0.19270803212663212, "(7, 16)": 0.3647288974684827, "(8, 0)": 0.42474110254339736, "(8, 1)": 0.5513305862537091, "(8, 2)": 0.5331191088864758, "(8, 3)": 0.5640824900745168, "(8, 4)": 0.5690646841669702, "(8, 5)": 0.5657859460011954, "(8, 6)": 0.8963442727465293, "(8, 7)": 0.8497176951802385, "(8, 9)": 0.8905072194623376, "(8, 10)": 0.7654989203903957, "(8, 11)": 0.9995813747560022, "(8, 12)": 0.5450538785688619, "(8, 13)": 0.644645121513878, "(8, 14)": 0.4821770573232418, "(8, 15)": 0.44950882682497384, "(8, 16)": 0.5278470834838538, "(9, 0)": 0.4409378543364302, "(9, 1)": 0.5786644942074104, "(9, 2)": 0.5683916871533635, "(9, 3)": 0.5806559178229019, "(9, 4)": 0.6003026141330741, "(9, 5)": 0.5818630576680675, "(9, 6)": 0.9252088302897244, "(9, 7)": 0.8769879374615847, "(9, 8)": 0.8975824897383274, "(9, 10)": 0.8432848565514717, "(9, 11)": 0.8970232807613481, "(9, 12)": 0.5686727803313807, "(9, 13)": 0.6708837831264742, "(9, 14)": 0.5141902439339702, "(9, 15)": 0.47231791707531245, "(9, 16)": 0.5682259298832274, "(10, 0)": 0.5157166403981022, "(10, 1)": 0.6262662485753957, "(10, 2)": 0.6227793282761509, "(10, 3)": 0.6152404919460297, "(10, 4)": 0.6431190658120622, "(10, 5)": 0.6141647483371484, "(10, 6)": 0.8707456676536657, "(10, 7)": 0.8535161717299301, "(10, 8)": 0.8104378942512882, "(10, 9)": 0.8661377588425505, "(10, 11)": 0.8109321295074444, "(10, 12)": 0.6190997767512231, "(10, 13)": 0.7134179510257386, "(10, 14)": 0.5833463009483548, "(10, 15)": 0.5368635873430304, "(10, 16)": 0.6406571611320324, "(11, 0)": 0.6432809576709574, "(11, 1)": 0.7303886199109254, "(11, 2)": 0.7174722030317426, "(11, 3)": 0.7356485209108501, "(11, 4)": 0.7426021717897451, "(11, 5)": 0.7346624004122164, "(11, 6)": 0.9356011639230764, "(11, 7)": 0.9084615917385483, "(11, 8)": 0.9999400001914623, "(11, 9)": 0.9345175395333859, "(11, 10)": 0.8583470471494551, "(11, 12)": 0.7212827495658116, "(11, 13)": 0.7890643119714476, "(11, 14)": 0.6899277587432848, "(11, 15)": 0.6684226579732566, "(11, 16)": 0.7184381678293463, "(12, 0)": 0.8329085256812488, "(12, 1)": 0.9061227356186673, "(12, 2)": 0.8946692423569363, "(12, 3)": 0.8953704715492838, "(12, 4)": 0.8955336499520922, "(12, 5)": 0.8950473678907284, "(12, 6)": 0.8807849728989049, "(12, 7)": 0.8856282605764256, "(12, 8)": 0.876422749706268, "(12, 9)": 0.8764651048346728, "(12, 10)": 0.8759325859087944, "(12, 11)": 0.8776329698423897, "(12, 13)": 0.9027040048550399, "(12, 14)": 0.8747816724865164, "(12, 15)": 0.8387756987498831, "(12, 16)": 0.8904952266715437, "(13, 0)": 0.7329651135614015, "(13, 1)": 0.8262628829945267, "(13, 2)": 0.8268365761662484, "(13, 3)": 0.8184161597276928, "(13, 4)": 0.8404408376875966, "(13, 5)": 0.8204164310704108, "(13, 6)": 0.8386981058294949, "(13, 7)": 0.8363833130715111, "(13, 8)": 0.8349514048888173, "(13, 9)": 0.8382511943626978, "(13, 10)": 0.8367023920669953, "(13, 11)": 0.8312887306685491, "(13, 12)": 0.8276295279505128, "(13, 14)": 0.7954467999375554, "(13, 15)": 0.7556321878024727, "(13, 16)": 0.827694819069998, "(14, 0)": 0.8153511293328073, "(14, 1)": 0.8487286143271564, "(14, 2)": 0.8613787139180109, "(14, 3)": 0.8410731484790228, "(14, 4)": 0.8464213398387204, "(14, 5)": 0.8399212352848002, "(14, 6)": 0.8485826366604577, "(14, 7)": 0.8456747368544001, "(14, 8)": 0.84165438261908, "(14, 9)": 0.8451489962483528, "(14, 10)": 0.8484466116004596, "(14, 11)": 0.8429444077243974, "(14, 12)": 0.8599967042694843, "(14, 13)": 0.8675995416647933, "(14, 15)": 0.8242734489366035, "(14, 16)": 0.8514496704225826, "(15, 0)": 0.8009403002102994, "(15, 1)": 0.8212533031708399, "(15, 2)": 0.8297180706616893, "(15, 3)": 0.8205985363703217, "(15, 4)": 0.829224969151143, "(15, 5)": 0.82119019304219, "(15, 6)": 0.8148417675417959, "(15, 7)": 0.8135759185127913, "(15, 8)": 0.8150237602289149, "(15, 9)": 0.8141835431589695, "(15, 10)": 0.816629035693827, "(15, 11)": 0.8121675412925624, "(15, 12)": 0.8014847580645305, "(15, 13)": 0.8167853899259293, "(15, 14)": 0.807323992119637, "(15, 16)": 0.8192541720060211, "(16, 0)": 0.7276855550387886, "(16, 1)": 0.8731340673586412, "(16, 2)": 0.8621153036198788,