{"(0, 1)": 0.5886065806433004, "(0, 2)": 0.6528081929766159, "(0, 3)": 0.585699118168026, "(0, 4)": 0.613821784338404, "(0, 5)": 0.5841129359901392, "(0, 6)": 0.6447188760040923, "(0, 7)": 0.6286329693251564, "(0, 8)": 0.6366001635095694, "(0, 9)": 0.6488442368416922, "(0, 10)": 0.6486376522508428, "(0, 11)": 0.6334248777259166, "(0, 12)": 0.5525429921583593, "(0, 13)": 0.6629957853243362, "(0, 14)": 0.6273582149086239, "(0, 15)": 0.7632828867084633, "(0, 16)": 0.6215209977491833, "(1, 0)": 0.20454951251664044, "(1, 2)": 0.6611548125824882, "(1, 3)": 0.7778524180863047, "(1, 4)": 0.7909717538969235, "(1, 5)": 0.7762120254402795, "(1, 6)": 0.40777281180273783, "(1, 7)": 0.42197261043215395, "(1, 8)": 0.3837067088035593, "(1, 9)": 0.38995943548572154, "(1, 10)": 0.3983968699160676, "(1, 11)": 0.38281153939072166, "(1, 12)": 0.54125653616083, "(1, 13)": 0.5014393505618782, "(1, 14)": 0.3331137929582493, "(1, 15)": 0.3100827405426553, "(1, 16)": 0.595310406625523, "(2, 0)": 0.2160704165268924, "(2, 1)": 0.6717201928096719, "(2, 3)": 0.552940461791755, "(2, 4)": 0.6431765222755682, "(2, 5)": 0.5552543723841104, "(2, 6)": 0.38971003145529215, "(2, 7)": 0.3969347190490585, "(2, 8)": 0.36753971354597026, "(2, 9)": 0.3781160813738381, "(2, 10)": 0.39692812548831147, "(2, 11)": 0.3681596730141484, "(2, 12)": 0.4735083937254364, "(2, 13)": 0.49796439239142887, "(2, 14)": 0.38735351919237115, "(2, 15)": 0.33023981973938443, "(2, 16)": 0.5451214111046807, "(3, 0)": 0.13797029194194044, "(3, 1)": 0.7577277305143026, "(3, 2)": 0.515373824518376, "(3, 4)": 0.7355483015459684, "(3, 5)": 0.9976682499055943, "(3, 6)": 0.3577811564587676, "(3, 7)": 0.3681045895929731, "(3, 8)": 0.3464802316546035, "(3, 9)": 0.34102143101916027, "(3, 10)": 0.32735539661737634, "(3, 11)": 0.3492586843342972, "(3, 12)": 0.43630547694255717, "(3, 13)": 0.43073381295312496, "(3, 14)": 0.22855438228676306, "(3, 15)": 0.23797737537753438, "(3, 16)": 0.46865421295317, "(4, 0)": 0.1320110733297739, "(4, 1)": 0.7741732094562483, "(4, 2)": 0.6117748112372909, "(4, 3)": 0.7374162491582199, "(4, 5)": 0.7376534279784084, "(4, 6)": 0.3821931808256447, "(4, 7)": 0.3936977523717268, "(4, 8)": 0.3565616051644488, "(4, 9)": 0.36706902679291653, "(4, 10)": 0.37063329382258026, "(4, 11)": 0.3581314853990121, "(4, 12)": 0.4429808899442469, "(4, 13)": 0.4944462441718429, "(4, 14)": 0.26072116570237436, "(4, 15)": 0.2589656542316464, "(4, 16)": 0.5581122926864852, "(5, 0)": 0.26390768376162077, "(5, 1)": 0.7883956440868694, "(5, 2)": 0.5863373180784053, "(5, 3)": 0.9999399102351045, "(5, 4)": 0.7729664852889406, "(5, 6)": 0.44821711456732716, "(5, 7)": 0.45706794479065715, "(5, 8)": 0.44041868813145435, "(5, 9)": 0.43228216972250955, "(5, 10)": 0.4250980368605197, "(5, 11)": 0.443935312594528, "(5, 12)": 0.5143533206681005, "(5, 13)": 0.5147962716541316, "(5, 14)": 0.3505938095134645, "(5, 15)": 0.3541485037137526, "(5, 16)": 0.547486937680109, "(6, 0)": 0.5544181526140499, "(6, 1)": 0.6653197738300624, "(6, 2)": 0.657910578320205, "(6, 3)": 0.6660140866153439, "(6, 4)": 0.682213921446265, "(6, 5)": 0.6691267283890465, "(6, 7)": 0.9375533365044099, "(6, 8)": 0.9212109995324014, "(6, 9)": 0.939451973960987, "(6, 10)": 0.8789317119336882, "(6, 11)": 0.9211887750228279, "(6, 12)": 0.6626899185262274, "(6, 13)": 0.7390428635399654, "(6, 14)": 0.6032930906459083, "(6, 15)": 0.5662800718181908, "(6, 16)": 0.6578316104393126, "(7, 0)": 0.14104828177629647, "(7, 1)": 0.3797305447038295, "(7, 2)": 0.3447290708031798, "(7, 3)": 0.3720802407468409, "(7, 4)": 0.39785888730950936, "(7, 5)": 0.37103535717339853, "(7, 6)": 0.8836933778783002, "(7, 8)": 0.7890820482531358, "(7, 9)": 0.8183949870738163, "(7, 10)": 0.7469775729974317, "(7, 11)": 0.7882508349939891, "(7, 12)": 0.3840371227053103, "(7, 13)": 0.47677277814594654, "(7, 14)": 0.2512977627759331, "(7, 15)": 0.1845112124344277, "(7, 16)": 0.36145266631301665, "(8, 0)": 0.42482899759720283, "(8, 1)": 0.5488577421849324, "(8, 2)": 0.5306675542844121, "(8, 3)": 0.5569673017722068, "(8, 4)": 0.5725278529157511, "(8, 5)": 0.5589036590261235, "(8, 6)": 0.8954164542859182, "(8, 7)": 0.8471290780060501, "(8, 9)": 0.8914861572026609, "(8, 10)": 0.763389414675659, "(8, 11)": 0.9995762422561552, "(8, 12)": 0.5407334265519343, "(8, 13)": 0.6396648944577157, "(8, 14)": 0.4870835211989125, "(8, 15)": 0.44537814986995683, "(8, 16)": 0.5312771388865709, "(9, 0)": 0.44278316182650834, "(9, 1)": 0.5757551413840789, "(9, 2)": 0.5671965244919481, "(9, 3)": 0.5765693345336923, "(9, 4)": 0.598298708177512, "(9, 5)": 0.5761351835176509, "(9, 6)": 0.9253016327629315, "(9, 7)": 0.8762589723052199, "(9, 8)": 0.8960510236220419, "(9, 10)": 0.8440572000535461, "(9, 11)": 0.8971144904095201, "(9, 12)": 0.5688057059432279, "(9, 13)": 0.6708067294704951, "(9, 14)": 0.5145329025609057, "(9, 15)": 0.4749587530851106, "(9, 16)": 0.5716716836781894, "(10, 0)": 0.509621658577788, "(10, 1)": 0.6259947400228977, "(10, 2)": 0.6203770919530238, "(10, 3)": 0.6165876888479502, "(10, 4)": 0.6393738496020434, "(10, 5)": 0.6144505969377897, "(10, 6)": 0.8704129125792553, "(10, 7)": 0.8524713331688815, "(10, 8)": 0.8106035627450079, "(10, 9)": 0.865530853362382, "(10, 11)": 0.8102775322217904, "(10, 12)": 0.6221426441406739, "(10, 13)": 0.7085249094589585, "(10, 14)": 0.5809505934814573, "(10, 15)": 0.5403415002130487, "(10, 16)": 0.6336977699096469, "(11, 0)": 0.6463130436534628, "(11, 1)": 0.7294363391738146, "(11, 2)": 0.7160393374583922, "(11, 3)": 0.735141945188017, "(11, 4)": 0.7406540524303679, "(11, 5)": 0.7353210511488586, "(11, 6)": 0.937086679482582, "(11, 7)": 0.9079805288529728, "(11, 8)": 0.999939996904094, "(11, 9)": 0.9342019966247048, "(11, 10)": 0.858667130891233, "(11, 12)": 0.7238470692524355, "(11, 13)": 0.7878555090002144, "(11, 14)": 0.6907899748589243, "(11, 15)": 0.6731906318724643, "(11, 16)": 0.7191589116059379, "(12, 0)": 0.8341319706792328, "(12, 1)": 0.9053419204579378, "(12, 2)": 0.894377022592973, "(12, 3)": 0.893818867366449, "(12, 4)": 0.896012397575501, "(12, 5)": 0.8949980990368218, "(12, 6)": 0.8805834871509438, "(12, 7)": 0.885946951320396, "(12, 8)": 0.8761540541528396, "(12, 9)": 0.8769059556870846, "(12, 10)": 0.876247080881831, "(12, 11)": 0.8776741309252082, "(12, 13)": 0.9040353083892757, "(12, 14)": 0.8719449229065563, "(12, 15)": 0.8374641731948999, "(12, 16)": 0.8913467071277305, "(13, 0)": 0.7352182658477816, "(13, 1)": 0.8242432192257207, "(13, 2)": 0.824627989264521, "(13, 3)": 0.8154425156016971, "(13, 4)": 0.8390401285866487, "(13, 5)": 0.815668846023514, "(13, 6)": 0.8375753849058154, "(13, 7)": 0.8341604087466219, "(13, 8)": 0.831402515901441, "(13, 9)": 0.8354941360524007, "(13, 10)": 0.8372084124978536, "(13, 11)": 0.8293296830252507, "(13, 12)": 0.8291840807797026, "(13, 14)": 0.7936538675864812, "(13, 15)": 0.756695949317113, "(13, 16)": 0.8261265461004318, "(14, 0)": 0.8159749363810189, "(14, 1)": 0.8478746255638334, "(14, 2)": 0.8614538229647676, "(14, 3)": 0.8382048680681036, "(14, 4)": 0.8450453597446529, "(14, 5)": 0.8403424265259049, "(14, 6)": 0.8488625820492682, "(14, 7)": 0.845907541016904, "(14, 8)": 0.8424492141674526, "(14, 9)": 0.8444365480749407, "(14, 10)": 0.8476763561603735, "(14, 11)": 0.8442051729535445, "(14, 12)": 0.8630478432395706, "(14, 13)": 0.8672370265278273, "(14, 15)": 0.8225702180827763, "(14, 16)": 0.8521425915099168, "(15, 0)": 0.7975500987181459, "(15, 1)": 0.8195703776479406, "(15, 2)": 0.8283263853370642, "(15, 3)": 0.8181170005308726, "(15, 4)": 0.8237280685381897, "(15, 5)": 0.8183234043383755, "(15, 6)": 0.8135217862143106, "(15, 7)": 0.8124684282646539, "(15, 8)": 0.8131918685616516, "(15, 9)": 0.8129238931718189, "(15, 10)": 0.8122515019775336, "(15, 11)": 0.8126399355902754, "(15, 12)": 0.7985235873624196, "(15, 13)": 0.8148794646654494, "(15, 14)": 0.8048655651005712, "(15, 16)": 0.816228890964244, "(16, 0)": 0.7287533918196101, "(16, 1)": 0.8731426417674893, "(16, 2)": 0.8598086833746729,