{"(0, 1)": 0.08694743571605346, "(0, 2)": 0.6411052375666823, "(0, 3)": 0.15033254756098569, "(1, 0)": 0.022001433741929977, "(1, 2)": 0.03238917895397875, "(1, 3)": 0.1109479184456893, "(2, 0)": 0.6430971520455588, "(2, 1)": 0.0922404894786043, "(2, 3)": 0.07754633715991788, "(3, 0)": 0.11603284692092741, "(3, 1)": 0.1124080987290671, "(3, 2)": 0.055481642220210126}