{"(0, 1)": 0.08132213683895662, "(0, 2)": 0.6391160111221912, "(0, 3)": 0.14918986596496975, "(1, 0)": 0.024621023379963858, "(1, 2)": 0.029626113678700938, "(1, 3)": 0.10616458528590667, "(2, 0)": 0.6439239545227309, "(2, 1)": 0.09487617665985626, "(2, 3)": 0.08397150352413751, "(3, 0)": 0.11649889673257097, "(3, 1)": 0.112080054297096, "(3, 2)": 0.05257768935293994}