{"(0, 1)": 0.08436156237375902, "(0, 2)": 0.639437645635769, "(0, 3)": 0.1504913249305494, "(1, 0)": 0.029825286869496037, "(1, 2)": 0.03719575615603388, "(1, 3)": 0.10731961946695301, "(2, 0)": 0.6407945181228263, "(2, 1)": 0.09333249759748219, "(2, 3)": 0.07382454565979568, "(3, 0)": 0.11237171341387786, "(3, 1)": 0.11197661136619697, "(3, 2)": 0.05188265235792644}