{"(0, 1)": 0.08276228776405992, "(0, 2)": 0.6399436557039029, "(0, 3)": 0.15492147233309772, "(1, 0)": 0.02710696360856224, "(1, 2)": 0.02911199008572618, "(1, 3)": 0.10780595823168015, "(2, 0)": 0.6431432351432921, "(2, 1)": 0.09344100512631437, "(2, 3)": 0.07189797511999996, "(3, 0)": 0.12184373912509139, "(3, 1)": 0.11112913755021248, "(3, 2)": 0.05332882682879403}