{"(0, 1)": 0.0850397475953768, "(0, 2)": 0.6376540869696954, "(0, 3)": 0.1516360565009789, "(1, 0)": 0.022092126905485898, "(1, 2)": 0.028248351010689787, "(1, 3)": 0.10686955957800415, "(2, 0)": 0.6404102731210256, "(2, 1)": 0.08962192541758673, "(2, 3)": 0.07085551544371316, "(3, 0)": 0.1106179815333882, "(3, 1)": 0.11613646968195157, "(3, 2)": 0.055417395341687326}