{"(0, 1)": 0.16842420483748544, "(0, 2)": 0.13749729750999773, "(0, 3)": 0.14255887968604986, "(1, 0)": 0.1666910323895875, "(1, 2)": 0.3296932138850823, "(1, 3)": 0.4305908592264205, "(2, 0)": 0.16397768571909466, "(2, 1)": 0.3261661449634021, "(2, 3)": 0.16350295356775846, "(3, 0)": 0.664518988245903, "(3, 1)": 0.7690386913435118, "(3, 2)": 0.677478404500885}