{"(0, 1)": 0.17051311863223928, "(0, 2)": 0.13616664949071022, "(0, 3)": 0.1458810588687257, "(1, 0)": 0.16660920752702402, "(1, 2)": 0.3350235304326882, "(1, 3)": 0.432463359266936, "(2, 0)": 0.16230824900839225, "(2, 1)": 0.3311585175001692, "(2, 3)": 0.1638713694023809, "(3, 0)": 0.6645482238038642, "(3, 1)": 0.7718583338776176, "(3, 2)": 0.6749426211658701}