{"(0, 1)": 0.16674505655139993, "(0, 2)": 0.13538290570690892, "(0, 3)": 0.1382607386297705, "(1, 0)": 0.16734267674644887, "(1, 2)": 0.33211334673274906, "(1, 3)": 0.4299965511071764, "(2, 0)": 0.16475096125752942, "(2, 1)": 0.3228340495602662, "(2, 3)": 0.1670428176030121, "(3, 0)": 0.6638075103077447, "(3, 1)": 0.7692869044234631, "(3, 2)": 0.6747502785582249}