{"(0, 1)": 0.16605681979072517, "(0, 2)": 0.14278739372279914, "(0, 3)": 0.14374527381239277, "(1, 0)": 0.1688330243674303, "(1, 2)": 0.3358635315894202, "(1, 3)": 0.4278091717599981, "(2, 0)": 0.16915587154409661, "(2, 1)": 0.32990668536294876, "(2, 3)": 0.16696320224998928, "(3, 0)": 0.6670385052114789, "(3, 1)": 0.7700038201054782, "(3, 2)": 0.6739929548309971}