{"(0, 1)": 0.16596047203490039, "(0, 2)": 0.13600957757752052, "(0, 3)": 0.14276102667917911, "(1, 0)": 0.16605806464981998, "(1, 2)": 0.3306037710548383, "(1, 3)": 0.42987257898574616, "(2, 0)": 0.1675858744360944, "(2, 1)": 0.32516635233180946, "(2, 3)": 0.1707771017806573, "(3, 0)": 0.6671731643088635, "(3, 1)": 0.7710125031459487, "(3, 2)": 0.6785861062610151}