{"(0, 1)": 0.6364297476054814, "(0, 2)": 0.4038758102031247, "(0, 3)": 0.40541781814149513, "(1, 0)": 0.6992981246245362, "(1, 2)": 0.7782724021480268, "(1, 3)": 0.3636846032055302, "(2, 0)": 0.3788499476485693, "(2, 1)": 0.34206313224239615, "(2, 3)": 0.25136180814691833, "(3, 0)": 0.524396838842752, "(3, 1)": 0.4578087658371214, "(3, 2)": 0.4235750072200075}