{"(0, 1)": 0.6416114355285424, "(0, 2)": 0.39556027379601233, "(0, 3)": 0.4058697693305795, "(1, 0)": 0.6978957246469654, "(1, 2)": 0.7814460601423205, "(1, 3)": 0.36213968767484506, "(2, 0)": 0.37052198018802396, "(2, 1)": 0.34752324061905737, "(2, 3)": 0.2485468598598618, "(3, 0)": 0.5230656711689156, "(3, 1)": 0.4536838658011265, "(3, 2)": 0.427963780162673}