{"(0, 1)": 0.643476792344506, "(0, 2)": 0.39643006721446283, "(0, 3)": 0.40591140030992745, "(1, 0)": 0.6956993090840526, "(1, 2)": 0.7815459073066043, "(1, 3)": 0.362821116612127, "(2, 0)": 0.37089487571653523, "(2, 1)": 0.34513591405025557, "(2, 3)": 0.2511867846271413, "(3, 0)": 0.5245717846592092, "(3, 1)": 0.44671878688912714, "(3, 2)": 0.4289022189673165}