{"(0, 1)": 0.6385927490977844, "(0, 2)": 0.3959882666790122, "(0, 3)": 0.4091323052746223, "(1, 0)": 0.6984544942361275, "(1, 2)": 0.7770857452723462, "(1, 3)": 0.36745054116430753, "(2, 0)": 0.3781676808409066, "(2, 1)": 0.34270394209953037, "(2, 3)": 0.25425800589841063, "(3, 0)": 0.5294033500827913, "(3, 1)": 0.45700462840061407, "(3, 2)": 0.43036768853419616}