{"(0, 1)": 0.6409533623154035, "(0, 2)": 0.4001355275181734, "(0, 3)": 0.40285360305284423, "(1, 0)": 0.696842947754156, "(1, 2)": 0.7818429395332074, "(1, 3)": 0.36759346382139235, "(2, 0)": 0.3791507051452756, "(2, 1)": 0.3452470167752929, "(2, 3)": 0.25220599818871337, "(3, 0)": 0.5179358897144832, "(3, 1)": 0.45015964575338285, "(3, 2)": 0.4278953784799029}