{"(0, 1)": 0.7114916677811471, "(0, 2)": 0.5510011893141713, "(0, 3)": 0.5406051522966662, "(0, 4)": 0.6757647083068952, "(0, 5)": 0.6643622640354936, "(0, 6)": 0.6698921255402135, "(0, 7)": 0.6696412445775144, "(0, 8)": 0.5827737235641319, "(0, 9)": 0.5722175762435615, "(0, 10)": 0.5084834098339909, "(0, 11)": 0.6785187146657938, "(0, 12)": 0.5708438706520205, "(0, 13)": 0.4473951868261573, "(1, 0)": 0.9536975663914062, "(1, 2)": 0.9002361092447374, "(1, 3)": 0.8988477110841173, "(1, 4)": 0.9152821060697108, "(1, 5)": 0.9129475090989805, "(1, 6)": 0.9134612823650746, "(1, 7)": 0.9184921507867552, "(1, 8)": 0.900042834810207, "(1, 9)": 0.8971999628519278, "(1, 10)": 0.8902127709745717, "(1, 11)": 0.9159577624013506, "(1, 12)": 0.8894710603502338, "(1, 13)": 0.8780069148140273, "(2, 0)": 0.560108749055657, "(2, 1)": 0.5343382612904464, "(2, 3)": 0.7201789624527747, "(2, 4)": 0.6652073797327454, "(2, 5)": 0.6520414903470453, "(2, 6)": 0.6557091101154259, "(2, 7)": 0.657823625666808, "(2, 8)": 0.5917643011231988, "(2, 9)": 0.5745674390167665, "(2, 10)": 0.526738029712714, "(2, 11)": 0.6627214633322258, "(2, 12)": 0.5809949401129517, "(2, 13)": 0.47839871132580836, "(3, 0)": 0.9011724448027356, "(3, 1)": 0.9069771685063095, "(3, 2)": 0.9562129337551828, "(3, 4)": 0.9115092071291807, "(3, 5)": 0.9085051312726192, "(3, 6)": 0.9089159130415283, "(3, 7)": 0.9146010090053421, "(3, 8)": 0.8994902048300383, "(3, 9)": 0.8968229402356915, "(3, 10)": 0.8990632155926365, "(3, 11)": 0.912365820567929, "(3, 12)": 0.886082651781436, "(3, 13)": 0.8754438439061908, "(4, 0)": 0.7273348663551387, "(4, 1)": 0.7007530767516414, "(4, 2)": 0.7195885514438614, "(4, 3)": 0.6968023844884288, "(4, 5)": 0.9635471850973766, "(4, 6)": 0.956395842759575, "(4, 7)": 0.9544871590015179, "(4, 8)": 0.8283954114115368, "(4, 9)": 0.8559021637296209, "(4, 10)": 0.8435576677560758, "(4, 11)": 0.9743692660385632, "(4, 12)": 0.8734625375226921, "(4, 13)": 0.7340958429398847, "(5, 0)": 0.5275438990334422, "(5, 1)": 0.48824678606648597, "(5, 2)": 0.5139941103067582, "(5, 3)": 0.49255722209023667, "(5, 4)": 0.9434095021024657, "(5, 6)": 0.8956905985491019, "(5, 7)": 0.911218753703301, "(5, 8)": 0.7067583670945905, "(5, 9)": 0.7460761398039254, "(5, 10)": 0.7526851281809176, "(5, 11)": 0.9147694148470427, "(5, 12)": 0.7299602937620823, "(5, 13)": 0.5764313346137596, "(6, 0)": 0.5650742029444411, "(6, 1)": 0.529513487091288, "(6, 2)": 0.558702617907358, "(6, 3)": 0.5258471698886082, "(6, 4)": 0.9306756288634057, "(6, 5)": 0.8943739316349995, "(6, 7)": 0.8860144806279969, "(6, 8)": 0.7643446264777033, "(6, 9)": 0.801247395176618, "(6, 10)": 0.7751165440121153, "(6, 11)": 0.9594136134672023, "(6, 12)": 0.7607977713426274, "(6, 13)": 0.5546466619238404, "(7, 0)": 0.5476682747805628, "(7, 1)": 0.5156072506010054, "(7, 2)": 0.5418667117730529, "(7, 3)": 0.5099381745856296, "(7, 4)": 0.9276451674716653, "(7, 5)": 0.9025224991856443, "(7, 6)": 0.882629913244754, "(7, 8)": 0.7227068837984061, "(7, 9)": 0.7281122443114028, "(7, 10)": 0.6949288462776256, "(7, 11)": 0.9103634072066326, "(7, 12)": 0.7227748570546301, "(7, 13)": 0.5431817204580068, "(8, 0)": 0.36590111263606784, "(8, 1)": 0.3464139999445426, "(8, 2)": 0.34459091640429496, "(8, 3)": 0.3306527260986808, "(8, 4)": 0.627014808810177, "(8, 5)": 0.5877476128638159, "(8, 6)": 0.65004344119994, "(8, 7)": 0.6327451549618719, "(8, 9)": 0.6325664030667357, "(8, 10)": 0.4443961391971093, "(8, 11)": 0.6487349553909265, "(8, 12)": 0.47724899328084125, "(8, 13)": 0.4308242186935717, "(9, 0)": 0.49587972341405695, "(9, 1)": 0.46577745140557314, "(9, 2)": 0.4574421789007983, "(9, 3)": 0.4410757835461653, "(9, 4)": 0.7621168515710932, "(9, 5)": 0.7331811688109418, "(9, 6)": 0.7975996136431158, "(9, 7)": 0.7516039113163722, "(9, 8)": 0.7676170698759757, "(9, 10)": 0.7400361258414061, "(9, 11)": 0.7937220087191191, "(9, 12)": 0.5990681918492367, "(9, 13)": 0.5874372711032905, "(10, 0)": 0.31693821426367097, "(10, 1)": 0.29559101815657296, "(10, 2)": 0.32412698089300385, "(10, 3)": 0.29978242485451445, "(10, 4)": 0.665104914486151, "(10, 5)": 0.6674420525036365, "(10, 6)": 0.6725432559658048, "(10, 7)": 0.616389779727389, "(10, 8)": 0.5110100914659319, "(10, 9)": 0.7205698247909424, "(10, 11)": 0.6712069123165545, "(10, 12)": 0.5341459890888534, "(10, 13)": 0.5196906240316705, "(11, 0)": 0.5730397130811726, "(11, 1)": 0.5399014606549478, "(11, 2)": 0.5637256996429116, "(11, 3)": 0.5408294748590194, "(11, 4)": 0.9633503561536201, "(11, 5)": 0.9240467412644594, "(11, 6)": 0.9631353063903318, "(11, 7)": 0.9207792190818771, "(11, 8)": 0.7576594733890795, "(11, 9)": 0.8000250011371389, "(11, 10)": 0.7569983987653185, "(11, 12)": 0.7842300919937553, "(11, 13)": 0.604001895291969, "(12, 0)": 0.9497139823439029, "(12, 1)": 0.9418871134604816, "(12, 2)": 0.9501403388158965, "(12, 3)": 0.9413511163616339, "(12, 4)": 0.98302574884172, "(12, 5)": 0.9852854347241535, "(12, 6)": 0.9795230980495111, "(12, 7)": 0.9840797393415155, "(12, 8)": 0.9677503498581255, "(12, 9)": 0.9690200451706964, "(12, 10)": 0.9689374627667343, "(12, 11)": 0.9810639328427624, "(12, 13)": 0.9530124313506844, "(13, 0)": 0.9492379931109923, "(13, 1)": 0.9434948963931087, "(13, 2)": 0.9507334477687279, "(13, 3)": 0.9448902267884888, "(13, 4)": 0.9699847190963204, "(13, 5)": 0.9701228895752898, "(13, 6)": 0.9710487438912734, "(13, 7)": 0.9704655231945181, "(13, 8)": 0.9745219675176906, "(13, 9)": 0.9739202095763974, "(13, 10)": 0.9731262570824336, "(13, 11)": 0.9702564674141826, "(13, 12)": 0.9327506396799128}