{"(0, 1)": 0.7165502005308384, "(0, 2)": 0.5506427564622741, "(0, 3)": 0.5438520112093694, "(0, 4)": 0.6778814550015131, "(0, 5)": 0.6625964439486264, "(0, 6)": 0.672124781539382, "(0, 7)": 0.6714100423891618, "(0, 8)": 0.582029035798952, "(0, 9)": 0.5725128190064611, "(0, 10)": 0.5127877474814077, "(0, 11)": 0.6784270754531216, "(0, 12)": 0.5743241095665601, "(0, 13)": 0.4549509413056134, "(1, 0)": 0.9550257451719151, "(1, 2)": 0.9016579276510877, "(1, 3)": 0.9031923890788873, "(1, 4)": 0.9163997915099636, "(1, 5)": 0.9135105079810274, "(1, 6)": 0.9160448121309168, "(1, 7)": 0.9187081203019527, "(1, 8)": 0.9019155834601136, "(1, 9)": 0.8991166635061933, "(1, 10)": 0.8928817906340739, "(1, 11)": 0.9182117749374554, "(1, 12)": 0.8924864681632287, "(1, 13)": 0.8770168344851647, "(2, 0)": 0.5530496946255714, "(2, 1)": 0.5347969243492917, "(2, 3)": 0.7228540314746681, "(2, 4)": 0.66201022944389, "(2, 5)": 0.649497760422649, "(2, 6)": 0.6541103060283248, "(2, 7)": 0.6568437190720258, "(2, 8)": 0.59252464851955, "(2, 9)": 0.5661930243064048, "(2, 10)": 0.5293048460724963, "(2, 11)": 0.6634592768965258, "(2, 12)": 0.5809348781984778, "(2, 13)": 0.4865974170582108, "(3, 0)": 0.8989241138508492, "(3, 1)": 0.9019704630479086, "(3, 2)": 0.9546544491964826, "(3, 4)": 0.9095900051943258, "(3, 5)": 0.9090502586518807, "(3, 6)": 0.9076896478961168, "(3, 7)": 0.9109850278869183, "(3, 8)": 0.8979880422887141, "(3, 9)": 0.8953546410416318, "(3, 10)": 0.8966168911823088, "(3, 11)": 0.9091115389639665, "(3, 12)": 0.8856315178350348, "(3, 13)": 0.871569906497905, "(4, 0)": 0.7253353989384677, "(4, 1)": 0.7024652553315037, "(4, 2)": 0.7200740478652006, "(4, 3)": 0.6984654784729958, "(4, 5)": 0.9641083415303386, "(4, 6)": 0.9570004892824306, "(4, 7)": 0.954077873359253, "(4, 8)": 0.8299206458687116, "(4, 9)": 0.8549486302740181, "(4, 10)": 0.8420162363669028, "(4, 11)": 0.9746863676927825, "(4, 12)": 0.8734412988181013, "(4, 13)": 0.735076147831772, "(5, 0)": 0.5263934124504339, "(5, 1)": 0.48528595029387356, "(5, 2)": 0.5137529447739895, "(5, 3)": 0.48689755162018844, "(5, 4)": 0.9430937458461511, "(5, 6)": 0.8958554127890717, "(5, 7)": 0.9094747573941043, "(5, 8)": 0.7031998094853081, "(5, 9)": 0.7434980943225833, "(5, 10)": 0.7507601073213044, "(5, 11)": 0.9142550312472023, "(5, 12)": 0.7273762815426194, "(5, 13)": 0.5732949537843579, "(6, 0)": 0.5668507397464352, "(6, 1)": 0.5309012649370966, "(6, 2)": 0.5552725855736622, "(6, 3)": 0.5219633020508769, "(6, 4)": 0.930359752365295, "(6, 5)": 0.8949423655890859, "(6, 7)": 0.885690941579575, "(6, 8)": 0.7612263703512603, "(6, 9)": 0.8040771257527906, "(6, 10)": 0.7710849833265648, "(6, 11)": 0.9595217979633656, "(6, 12)": 0.7616513627119266, "(6, 13)": 0.5512998555451785, "(7, 0)": 0.5471296471533359, "(7, 1)": 0.5078491071711991, "(7, 2)": 0.546157665822594, "(7, 3)": 0.5064470695774324, "(7, 4)": 0.9283159060440445, "(7, 5)": 0.9018442508944036, "(7, 6)": 0.8840592421595166, "(7, 8)": 0.7214398198550003, "(7, 9)": 0.7284716115345851, "(7, 10)": 0.6948122236601397, "(7, 11)": 0.9091548227300945, "(7, 12)": 0.7197493062342095, "(7, 13)": 0.5398573447018044, "(8, 0)": 0.36412115167453807, "(8, 1)": 0.33458549590891096, "(8, 2)": 0.33672305923360235, "(8, 3)": 0.31749085847135217, "(8, 4)": 0.6187231704801504, "(8, 5)": 0.5787776553915107, "(8, 6)": 0.6462333982778985, "(8, 7)": 0.6283671922817229, "(8, 9)": 0.6314462154510614, "(8, 10)": 0.44292631773331725, "(8, 11)": 0.6420805870749147, "(8, 12)": 0.4733726516597221, "(8, 13)": 0.4235202611789336, "(9, 0)": 0.4903394200554946, "(9, 1)": 0.4681415212194172, "(9, 2)": 0.4533193796577256, "(9, 3)": 0.43717996443433393, "(9, 4)": 0.7605303506780857, "(9, 5)": 0.7291110872925817, "(9, 6)": 0.7964472112794853, "(9, 7)": 0.7449654681112248, "(9, 8)": 0.7662384159903705, "(9, 10)": 0.7369631773676837, "(9, 11)": 0.7891303713473394, "(9, 12)": 0.5923106158042086, "(9, 13)": 0.5802857429563109, "(10, 0)": 0.3048260653485728, "(10, 1)": 0.289288586419993, "(10, 2)": 0.3157523249925861, "(10, 3)": 0.29658986876042104, "(10, 4)": 0.6573128286784156, "(10, 5)": 0.6633655861463104, "(10, 6)": 0.6663958942642831, "(10, 7)": 0.6105554093786636, "(10, 8)": 0.498251435168237, "(10, 9)": 0.7178542747346159, "(10, 11)": 0.6672861680859674, "(10, 12)": 0.5269243544903317, "(10, 13)": 0.5118060225652575, "(11, 0)": 0.5721276963438378, "(11, 1)": 0.5373904520119287, "(11, 2)": 0.5649888649127148, "(11, 3)": 0.5364646094220118, "(11, 4)": 0.9633899870634046, "(11, 5)": 0.923658025174004, "(11, 6)": 0.9633796069296039, "(11, 7)": 0.9208299870358638, "(11, 8)": 0.7547711477952248, "(11, 9)": 0.8024069760002218, "(11, 10)": 0.754619018603338, "(11, 12)": 0.781563326990528, "(11, 13)": 0.5966872999363626, "(12, 0)": 0.9511109281179881, "(12, 1)": 0.9430404199194824, "(12, 2)": 0.950579876328165, "(12, 3)": 0.943426593826155, "(12, 4)": 0.9830088127417888, "(12, 5)": 0.9855195544441058, "(12, 6)": 0.9798289371308336, "(12, 7)": 0.9840084770146285, "(12, 8)": 0.9678859545625328, "(12, 9)": 0.9693669693556112, "(12, 10)": 0.9688122181279214, "(12, 11)": 0.9811033480483242, "(12, 13)": 0.9526615081229256, "(13, 0)": 0.9496639778601349, "(13, 1)": 0.9428798366084913, "(13, 2)": 0.9503153324335937, "(13, 3)": 0.9428257669333097, "(13, 4)": 0.9701151796780877, "(13, 5)": 0.9701224564580143, "(13, 6)": 0.9711797687362997, "(13, 7)": 0.9705331496684594, "(13, 8)": 0.9743561487528941, "(13, 9)": 0.9740161757455363, "(13, 10)": 0.973040131408516, "(13, 11)": 0.9703146015002599, "(13, 12)": 0.9329385592148304}