{"(0, 1)": 0.7140495910240952, "(0, 2)": 0.5517701139237357, "(0, 3)": 0.5450739912969305, "(0, 4)": 0.6772862209756008, "(0, 5)": 0.6629624168477148, "(0, 6)": 0.6696378043905804, "(0, 7)": 0.6655888094450026, "(0, 8)": 0.5849038381673661, "(0, 9)": 0.5695069707621301, "(0, 10)": 0.5091581549829278, "(0, 11)": 0.675876466081551, "(0, 12)": 0.5655661326335304, "(0, 13)": 0.44618989140532117, "(1, 0)": 0.9552767567772927, "(1, 2)": 0.9005317444276548, "(1, 3)": 0.9030878420161516, "(1, 4)": 0.9172951635076314, "(1, 5)": 0.9147027705486667, "(1, 6)": 0.9148157290296418, "(1, 7)": 0.9172812157151317, "(1, 8)": 0.9010210489329563, "(1, 9)": 0.8988455964234904, "(1, 10)": 0.8915543740094147, "(1, 11)": 0.9174397833011894, "(1, 12)": 0.8899002025421692, "(1, 13)": 0.8799759838769715, "(2, 0)": 0.5544306372541759, "(2, 1)": 0.5364811620771028, "(2, 3)": 0.7238082563504461, "(2, 4)": 0.6668615361331736, "(2, 5)": 0.6539359347967434, "(2, 6)": 0.6585991988067776, "(2, 7)": 0.662414765373629, "(2, 8)": 0.5961814667183933, "(2, 9)": 0.5731834062222585, "(2, 10)": 0.528503389743424, "(2, 11)": 0.6645866081313566, "(2, 12)": 0.5860860667728622, "(2, 13)": 0.4856620276149052, "(3, 0)": 0.8982131689468748, "(3, 1)": 0.9039946032621226, "(3, 2)": 0.9558311582308157, "(3, 4)": 0.9123946741368133, "(3, 5)": 0.9098813924932448, "(3, 6)": 0.9102148969982825, "(3, 7)": 0.9138296628587262, "(3, 8)": 0.9018693875490664, "(3, 9)": 0.8972834663915011, "(3, 10)": 0.9001365154685385, "(3, 11)": 0.911717638458593, "(3, 12)": 0.8832180759322541, "(3, 13)": 0.8755326616997663, "(4, 0)": 0.7243336649882981, "(4, 1)": 0.699908433250617, "(4, 2)": 0.7202566018173744, "(4, 3)": 0.6976352984168688, "(4, 5)": 0.964358176976472, "(4, 6)": 0.9569407740220247, "(4, 7)": 0.9544108103538361, "(4, 8)": 0.8328371229211775, "(4, 9)": 0.857340605150106, "(4, 10)": 0.843390749733401, "(4, 11)": 0.9746462554134443, "(4, 12)": 0.872157847763258, "(4, 13)": 0.7410742312949969, "(5, 0)": 0.5298174103404336, "(5, 1)": 0.49128600849684645, "(5, 2)": 0.5184110152555421, "(5, 3)": 0.4983471430837426, "(5, 4)": 0.9443985992192105, "(5, 6)": 0.8968931975458694, "(5, 7)": 0.9098107246936619, "(5, 8)": 0.7070196807210118, "(5, 9)": 0.744959369015699, "(5, 10)": 0.7484495435962799, "(5, 11)": 0.9144016733656608, "(5, 12)": 0.7240107476231035, "(5, 13)": 0.5732360849138187, "(6, 0)": 0.5673607196383933, "(6, 1)": 0.528059971186229, "(6, 2)": 0.5575575915451866, "(6, 3)": 0.5270250297362162, "(6, 4)": 0.9313967734201928, "(6, 5)": 0.895719880521403, "(6, 7)": 0.8870021145140896, "(6, 8)": 0.7631764207292455, "(6, 9)": 0.8058881614973604, "(6, 10)": 0.7731696820930372, "(6, 11)": 0.960038530035752, "(6, 12)": 0.7656716157440943, "(6, 13)": 0.5517505571131606, "(7, 0)": 0.547824643634496, "(7, 1)": 0.5158500690142088, "(7, 2)": 0.5516177271886655, "(7, 3)": 0.5093982068620234, "(7, 4)": 0.9281938790282731, "(7, 5)": 0.9036851692249801, "(7, 6)": 0.8818516795480249, "(7, 8)": 0.7220084321877526, "(7, 9)": 0.730098275421402, "(7, 10)": 0.6964747055619542, "(7, 11)": 0.909872737725331, "(7, 12)": 0.7145082172181285, "(7, 13)": 0.5427006619997296, "(8, 0)": 0.358429213347791, "(8, 1)": 0.3374199226476834, "(8, 2)": 0.3427575359794176, "(8, 3)": 0.3252030615304049, "(8, 4)": 0.6265399592422141, "(8, 5)": 0.587982660972656, "(8, 6)": 0.6522272939214921, "(8, 7)": 0.6282654103428292, "(8, 9)": 0.6325731987525074, "(8, 10)": 0.44522003164273083, "(8, 11)": 0.6485753906170952, "(8, 12)": 0.4839655685911286, "(8, 13)": 0.42847155951417726, "(9, 0)": 0.4854632408080355, "(9, 1)": 0.4607378503800098, "(9, 2)": 0.4536738707403126, "(9, 3)": 0.4385547885253348, "(9, 4)": 0.7603079386902412, "(9, 5)": 0.7318179569983502, "(9, 6)": 0.7982235773415879, "(9, 7)": 0.747317471723262, "(9, 8)": 0.7683932548989281, "(9, 10)": 0.7368365340322742, "(9, 11)": 0.7902617775460772, "(9, 12)": 0.5949439380757393, "(9, 13)": 0.5821113278221658, "(10, 0)": 0.31542899660513, "(10, 1)": 0.2967647064141299, "(10, 2)": 0.31809256488611526, "(10, 3)": 0.3006640342158574, "(10, 4)": 0.6608118368914073, "(10, 5)": 0.6639833017168166, "(10, 6)": 0.668198560119377, "(10, 7)": 0.6128747916190039, "(10, 8)": 0.5024294000316802, "(10, 9)": 0.7162869964365901, "(10, 11)": 0.6716012366276776, "(10, 12)": 0.5307955823020017, "(10, 13)": 0.5151034923971934, "(11, 0)": 0.576444963547689, "(11, 1)": 0.540538976312247, "(11, 2)": 0.5641672400030041, "(11, 3)": 0.5393558206594142, "(11, 4)": 0.9632919926124385, "(11, 5)": 0.9248781462900544, "(11, 6)": 0.9644977916429582, "(11, 7)": 0.9210469709402481, "(11, 8)": 0.7593547083709851, "(11, 9)": 0.8039305308809179, "(11, 10)": 0.7591205372569583, "(11, 12)": 0.7834600091271666, "(11, 13)": 0.6046052159255813, "(12, 0)": 0.9505150403443763, "(12, 1)": 0.9421532913243612, "(12, 2)": 0.9511727544152523, "(12, 3)": 0.9418591743370774, "(12, 4)": 0.9831855047197958, "(12, 5)": 0.985279998849754, "(12, 6)": 0.9797595956256681, "(12, 7)": 0.9842057567034226, "(12, 8)": 0.9678573018160902, "(12, 9)": 0.9690982856521685, "(12, 10)": 0.968922714792991, "(12, 11)": 0.9812484502047594, "(12, 13)": 0.9522806170423956, "(13, 0)": 0.9485951013305829, "(13, 1)": 0.9409692883255775, "(13, 2)": 0.9498898910515388, "(13, 3)": 0.94242276028237, "(13, 4)": 0.9697840904323821, "(13, 5)": 0.9700578876601864, "(13, 6)": 0.9710977979290474, "(13, 7)": 0.9703069914484257, "(13, 8)": 0.974242207107668, "(13, 9)": 0.973651447060823, "(13, 10)": 0.9728068722155006, "(13, 11)": 0.9700484958366408, "(13, 12)": 0.9300126055471619}