{"(0, 1)": 0.7120774437478461, "(0, 2)": 0.5498630968253985, "(0, 3)": 0.5465148048980626, "(0, 4)": 0.6729388535482568, "(0, 5)": 0.6593946155534133, "(0, 6)": 0.6682372489369304, "(0, 7)": 0.6641145652182586, "(0, 8)": 0.5834095039965603, "(0, 9)": 0.5684756003398874, "(0, 10)": 0.5102523081810066, "(0, 11)": 0.6754693475277197, "(0, 12)": 0.5645226387482296, "(0, 13)": 0.442888680903337, "(1, 0)": 0.9549492756954239, "(1, 2)": 0.9012309852262925, "(1, 3)": 0.9028959286286631, "(1, 4)": 0.9159004678823557, "(1, 5)": 0.913278707563334, "(1, 6)": 0.9142798487368096, "(1, 7)": 0.9186786230540696, "(1, 8)": 0.8997930630588231, "(1, 9)": 0.8997116104010734, "(1, 10)": 0.8940428832219558, "(1, 11)": 0.9175792296439153, "(1, 12)": 0.8887863816011743, "(1, 13)": 0.8805830861727821, "(2, 0)": 0.5520348380772055, "(2, 1)": 0.5338339647908339, "(2, 3)": 0.7217250668518489, "(2, 4)": 0.6620969403951218, "(2, 5)": 0.650660704874791, "(2, 6)": 0.6545760710974224, "(2, 7)": 0.6556528664149945, "(2, 8)": 0.5885010165758688, "(2, 9)": 0.5719234030845579, "(2, 10)": 0.527490000985593, "(2, 11)": 0.6606695787150929, "(2, 12)": 0.5776195220090463, "(2, 13)": 0.4815283393320804, "(3, 0)": 0.8985747226818785, "(3, 1)": 0.9046878047352742, "(3, 2)": 0.9540831047088948, "(3, 4)": 0.9113887426367095, "(3, 5)": 0.9104460160527896, "(3, 6)": 0.909025116042062, "(3, 7)": 0.9138763406451607, "(3, 8)": 0.8989780065038331, "(3, 9)": 0.8965856742509596, "(3, 10)": 0.8967255938828745, "(3, 11)": 0.9096446035513556, "(3, 12)": 0.8825431643716729, "(3, 13)": 0.8716011626660056, "(4, 0)": 0.7210239491642139, "(4, 1)": 0.7000383399260959, "(4, 2)": 0.723369369820375, "(4, 3)": 0.6999248676058976, "(4, 5)": 0.9644067301823338, "(4, 6)": 0.9572638134766979, "(4, 7)": 0.9549052567416365, "(4, 8)": 0.8325403756386458, "(4, 9)": 0.8574163012460678, "(4, 10)": 0.8436215444837601, "(4, 11)": 0.9754222327098047, "(4, 12)": 0.872558102236277, "(4, 13)": 0.7339850300893418, "(5, 0)": 0.5265922515102693, "(5, 1)": 0.4892023254989518, "(5, 2)": 0.5210389174184153, "(5, 3)": 0.4901726994662322, "(5, 4)": 0.9439923966992965, "(5, 6)": 0.8953237607797806, "(5, 7)": 0.9101212182830173, "(5, 8)": 0.7065584005391594, "(5, 9)": 0.74534325048015, "(5, 10)": 0.7492079003831051, "(5, 11)": 0.9145147059324192, "(5, 12)": 0.723655568789376, "(5, 13)": 0.5673789595720407, "(6, 0)": 0.5661475571232752, "(6, 1)": 0.5265677442579884, "(6, 2)": 0.5535031482205626, "(6, 3)": 0.5204109932655545, "(6, 4)": 0.9314936497735217, "(6, 5)": 0.8952313978268235, "(6, 7)": 0.8865554452924946, "(6, 8)": 0.7632316788803137, "(6, 9)": 0.8054062508428593, "(6, 10)": 0.7750037969007838, "(6, 11)": 0.9591144555644988, "(6, 12)": 0.7628333208532424, "(6, 13)": 0.5520759767937176, "(7, 0)": 0.5479048658642176, "(7, 1)": 0.5085331048496862, "(7, 2)": 0.5497779588316367, "(7, 3)": 0.5092220013132442, "(7, 4)": 0.9288663994587157, "(7, 5)": 0.9039948218833662, "(7, 6)": 0.8830098721059639, "(7, 8)": 0.7222265738308973, "(7, 9)": 0.7243462014539577, "(7, 10)": 0.6998144576266526, "(7, 11)": 0.9105858023655362, "(7, 12)": 0.716503444261791, "(7, 13)": 0.5350209120413639, "(8, 0)": 0.36179498910157204, "(8, 1)": 0.33798791310462895, "(8, 2)": 0.34210445332073913, "(8, 3)": 0.3218533196518676, "(8, 4)": 0.6233037996444355, "(8, 5)": 0.5865866099390806, "(8, 6)": 0.650596556256255, "(8, 7)": 0.6292210534623706, "(8, 9)": 0.6346506999279109, "(8, 10)": 0.4468152700960537, "(8, 11)": 0.6486081711437115, "(8, 12)": 0.47625402119891314, "(8, 13)": 0.42516803867304287, "(9, 0)": 0.4895436207405517, "(9, 1)": 0.4601553937130688, "(9, 2)": 0.45761057665218474, "(9, 3)": 0.4430577225545371, "(9, 4)": 0.7656564414526098, "(9, 5)": 0.7341363456574789, "(9, 6)": 0.7991185592584646, "(9, 7)": 0.7511290797771166, "(9, 8)": 0.768035228505623, "(9, 10)": 0.7402439726014032, "(9, 11)": 0.7931216142495596, "(9, 12)": 0.5997037367837283, "(9, 13)": 0.5843070207412742, "(10, 0)": 0.30830748268625563, "(10, 1)": 0.2928759990078941, "(10, 2)": 0.3239868004483334, "(10, 3)": 0.29839622552037837, "(10, 4)": 0.6637280783507385, "(10, 5)": 0.6678281194737157, "(10, 6)": 0.6704185441217064, "(10, 7)": 0.6168738954577828, "(10, 8)": 0.5030798452230378, "(10, 9)": 0.7201914576478573, "(10, 11)": 0.6742168138874467, "(10, 12)": 0.5355869477221744, "(10, 13)": 0.515830761811495, "(11, 0)": 0.5708812853942324, "(11, 1)": 0.5387785199678568, "(11, 2)": 0.5627318271260544, "(11, 3)": 0.5363361217704071, "(11, 4)": 0.9638057026598659, "(11, 5)": 0.9247947700515029, "(11, 6)": 0.9635011385226397, "(11, 7)": 0.920680004838242, "(11, 8)": 0.7576803687613298, "(11, 9)": 0.7982360768071126, "(11, 10)": 0.760455877338609, "(11, 12)": 0.7816820740375494, "(11, 13)": 0.5950684436874605, "(12, 0)": 0.9504184979473684, "(12, 1)": 0.9428705068714409, "(12, 2)": 0.9506128997671357, "(12, 3)": 0.9430994326212276, "(12, 4)": 0.9832183952878771, "(12, 5)": 0.9852170396754761, "(12, 6)": 0.9796974709590504, "(12, 7)": 0.9842525518626859, "(12, 8)": 0.9677575654512505, "(12, 9)": 0.9693367816172196, "(12, 10)": 0.9689455783990181, "(12, 11)": 0.9810926598602377, "(12, 13)": 0.9525332062308374, "(13, 0)": 0.9495374077384577, "(13, 1)": 0.9420770114580285, "(13, 2)": 0.9491990358772605, "(13, 3)": 0.9422382570049314, "(13, 4)": 0.9699196071213809, "(13, 5)": 0.970176382387301, "(13, 6)": 0.9708989401689385, "(13, 7)": 0.9706567776022351, "(13, 8)": 0.9740765811818235, "(13, 9)": 0.9735463980331232, "(13, 10)": 0.9727740687179863, "(13, 11)": 0.9702988829700181, "(13, 12)": 0.9295795668093533}