{"(0, 1)": 0.7146961810734236, "(0, 2)": 0.5534329609046698, "(0, 3)": 0.5423349166490793, "(0, 4)": 0.6776597607899032, "(0, 5)": 0.6627386282511365, "(0, 6)": 0.6728572269668285, "(0, 7)": 0.6696704814617436, "(0, 8)": 0.5839549998111397, "(0, 9)": 0.572292317889932, "(0, 10)": 0.5101953371882956, "(0, 11)": 0.679749465977256, "(0, 12)": 0.5717916618261212, "(0, 13)": 0.4531612232212877, "(1, 0)": 0.9544161042006305, "(1, 2)": 0.8986228729489647, "(1, 3)": 0.8992273431050304, "(1, 4)": 0.9139860092613297, "(1, 5)": 0.9121511150118667, "(1, 6)": 0.9137352606647247, "(1, 7)": 0.915328909249537, "(1, 8)": 0.8998458981551859, "(1, 9)": 0.8969037443086109, "(1, 10)": 0.891157570127508, "(1, 11)": 0.9150772233646685, "(1, 12)": 0.8912025946716086, "(1, 13)": 0.8792540257429988, "(2, 0)": 0.5563824697338715, "(2, 1)": 0.5320716750296457, "(2, 3)": 0.7241961617593211, "(2, 4)": 0.6645944136849382, "(2, 5)": 0.6536039703843248, "(2, 6)": 0.6569461424045662, "(2, 7)": 0.6591069908263949, "(2, 8)": 0.5902197060641567, "(2, 9)": 0.5729327684605328, "(2, 10)": 0.5320403605919488, "(2, 11)": 0.6628056677594104, "(2, 12)": 0.5834936703689915, "(2, 13)": 0.48311148319408914, "(3, 0)": 0.899382674246759, "(3, 1)": 0.9044873093503822, "(3, 2)": 0.9555394958638377, "(3, 4)": 0.9097037416206648, "(3, 5)": 0.9090302681491563, "(3, 6)": 0.9093321740382335, "(3, 7)": 0.9137262479874606, "(3, 8)": 0.8986854928438857, "(3, 9)": 0.8958744046733352, "(3, 10)": 0.8974538397254312, "(3, 11)": 0.9097461647610022, "(3, 12)": 0.8850078807398598, "(3, 13)": 0.8738532110522572, "(4, 0)": 0.7236284043529135, "(4, 1)": 0.702296996869686, "(4, 2)": 0.7200308867037737, "(4, 3)": 0.6965696121255168, "(4, 5)": 0.9646466826241861, "(4, 6)": 0.9573682731629777, "(4, 7)": 0.954332288515707, "(4, 8)": 0.8300118874131994, "(4, 9)": 0.8541751109434814, "(4, 10)": 0.8445336869386941, "(4, 11)": 0.9749047113909787, "(4, 12)": 0.8730046179296318, "(4, 13)": 0.7343965075038711, "(5, 0)": 0.5236045256606895, "(5, 1)": 0.4946090801907641, "(5, 2)": 0.5255072954634421, "(5, 3)": 0.494783284105881, "(5, 4)": 0.9437104429677122, "(5, 6)": 0.897264676463244, "(5, 7)": 0.9099486496458306, "(5, 8)": 0.7043970690309092, "(5, 9)": 0.744982916871521, "(5, 10)": 0.7532101205921977, "(5, 11)": 0.9142532650685661, "(5, 12)": 0.7281071900536136, "(5, 13)": 0.5766849592208018, "(6, 0)": 0.5681622270034804, "(6, 1)": 0.5269126330795731, "(6, 2)": 0.5544476369752005, "(6, 3)": 0.5219504435562482, "(6, 4)": 0.931590970157329, "(6, 5)": 0.8961859370804475, "(6, 7)": 0.8852497738553582, "(6, 8)": 0.7614035409112067, "(6, 9)": 0.80407865535605, "(6, 10)": 0.7731925068933937, "(6, 11)": 0.9602132787859228, "(6, 12)": 0.7644132534413424, "(6, 13)": 0.5537656583747503, "(7, 0)": 0.5466927718540475, "(7, 1)": 0.5138115769457434, "(7, 2)": 0.5497931677109911, "(7, 3)": 0.5117531189263086, "(7, 4)": 0.9275156299128277, "(7, 5)": 0.9028792826403544, "(7, 6)": 0.8823184187099883, "(7, 8)": 0.7208467095779154, "(7, 9)": 0.7234780047003151, "(7, 10)": 0.6973189771806698, "(7, 11)": 0.9089022604782031, "(7, 12)": 0.7188054823805295, "(7, 13)": 0.5407716096618833, "(8, 0)": 0.3601477823807355, "(8, 1)": 0.3315378025612742, "(8, 2)": 0.3435333287488681, "(8, 3)": 0.32739098972291536, "(8, 4)": 0.6236214944831648, "(8, 5)": 0.5871389901600517, "(8, 6)": 0.6488442889812471, "(8, 7)": 0.6285384807522749, "(8, 9)": 0.6312648399761184, "(8, 10)": 0.4394936623001652, "(8, 11)": 0.6460008733224826, "(8, 12)": 0.4745808622720804, "(8, 13)": 0.4267700237170394, "(9, 0)": 0.4897819440929019, "(9, 1)": 0.4595465621942074, "(9, 2)": 0.46064813399982485, "(9, 3)": 0.4440019858885491, "(9, 4)": 0.7622884998933973, "(9, 5)": 0.7304177931024582, "(9, 6)": 0.79848246322002, "(9, 7)": 0.7472455618414042, "(9, 8)": 0.7672125712154594, "(9, 10)": 0.739086482403414, "(9, 11)": 0.7910410835545177, "(9, 12)": 0.5953148575175231, "(9, 13)": 0.5812609626622885, "(10, 0)": 0.3127529342398605, "(10, 1)": 0.29740160557606377, "(10, 2)": 0.3235722362579334, "(10, 3)": 0.30032694764356516, "(10, 4)": 0.6594927448124727, "(10, 5)": 0.665858452782659, "(10, 6)": 0.6684137601466994, "(10, 7)": 0.6123751751163466, "(10, 8)": 0.5062044055546089, "(10, 9)": 0.7208415549441457, "(10, 11)": 0.6699235300859696, "(10, 12)": 0.5341509107307587, "(10, 13)": 0.5161605366346476, "(11, 0)": 0.5749355427996692, "(11, 1)": 0.5428280163687784, "(11, 2)": 0.5690844974073328, "(11, 3)": 0.5429757459559874, "(11, 4)": 0.9640967160474638, "(11, 5)": 0.9252739184114904, "(11, 6)": 0.9638465745630529, "(11, 7)": 0.9201852288195362, "(11, 8)": 0.7555866002523196, "(11, 9)": 0.8006668356086093, "(11, 10)": 0.7572285810297199, "(11, 12)": 0.7838955110644478, "(11, 13)": 0.6025306770003377, "(12, 0)": 0.9503529405090426, "(12, 1)": 0.9422652837452201, "(12, 2)": 0.9513819850662689, "(12, 3)": 0.9432035246110267, "(12, 4)": 0.9832511817451349, "(12, 5)": 0.9853884735533975, "(12, 6)": 0.9799098035635724, "(12, 7)": 0.9841267926339461, "(12, 8)": 0.9681564033377696, "(12, 9)": 0.969632997903886, "(12, 10)": 0.9692178984450758, "(12, 11)": 0.9813191211216002, "(12, 13)": 0.9533243226934696, "(13, 0)": 0.9498839182918192, "(13, 1)": 0.9429287041337445, "(13, 2)": 0.9509801637225148, "(13, 3)": 0.9436013061374356, "(13, 4)": 0.9699407171926256, "(13, 5)": 0.9703049263554328, "(13, 6)": 0.9711486018417055, "(13, 7)": 0.9705442520932226, "(13, 8)": 0.9744079200774504, "(13, 9)": 0.9738692156034747, "(13, 10)": 0.9730915016150363, "(13, 11)": 0.9703306935367042, "(13, 12)": 0.9327309153239558}