{"(0, 1)": 0.9653484016035712, "(0, 2)": 0.9653468855015954, "(0, 3)": 0.9685495543319732, "(0, 4)": 0.9677249412689453, "(0, 5)": 0.9684979356212063, "(1, 0)": 0.8240599267464221, "(1, 2)": 0.9631912254035823, "(1, 3)": 0.940991362916319, "(1, 4)": 0.9707491550337183, "(1, 5)": 0.899735022597351, "(2, 0)": 0.9427903386006821, "(2, 1)": 0.9645540997437556, "(2, 3)": 0.9843971448198614, "(2, 4)": 0.9905028801974061, "(2, 5)": 0.9439537596985078, "(3, 0)": 0.749616118935515, "(3, 1)": 0.7874584133993185, "(3, 2)": 0.9059549643126203, "(3, 4)": 0.9562533183796987, "(3, 5)": 0.7707527753532222, "(4, 0)": 0.9389626555309388, "(4, 1)": 0.9604824231089312, "(4, 2)": 0.9865595220428063, "(4, 3)": 0.9897684338322655, "(4, 5)": 0.9434249630557653, "(5, 0)": 0.9831349452128613, "(5, 1)": 0.9856554514789714, "(5, 2)": 0.9775431365170685, "(5, 3)": 0.9786789310977103, "(5, 4)": 0.9791938652659461}