{"(0, 1)": 0.9651819406332006, "(0, 2)": 0.9651181819030042, "(0, 3)": 0.968469938814075, "(0, 4)": 0.9675069310610197, "(0, 5)": 0.9685462771423249, "(1, 0)": 0.8232866868247575, "(1, 2)": 0.9621591436782353, "(1, 3)": 0.9402941924735211, "(1, 4)": 0.9693929577361083, "(1, 5)": 0.8983644988631235, "(2, 0)": 0.943684378530384, "(2, 1)": 0.9628889921936736, "(2, 3)": 0.9841302410361055, "(2, 4)": 0.9904117079985073, "(2, 5)": 0.9439845975998004, "(3, 0)": 0.7568569761330413, "(3, 1)": 0.7940306591381583, "(3, 2)": 0.9062281460797208, "(3, 4)": 0.9565606402352671, "(3, 5)": 0.7763128631086236, "(4, 0)": 0.9379403407986264, "(4, 1)": 0.9606942357335676, "(4, 2)": 0.9864341141120735, "(4, 3)": 0.9897208042061931, "(4, 5)": 0.9444329158460968, "(5, 0)": 0.9833020544503106, "(5, 1)": 0.9857892976160744, "(5, 2)": 0.9777789685286898, "(5, 3)": 0.9791458992669447, "(5, 4)": 0.9790611978826307}