{"(0, 1)": 0.965224515381508, "(0, 2)": 0.9652973301685981, "(0, 3)": 0.9683396490438948, "(0, 4)": 0.9677022276906679, "(0, 5)": 0.9684879813398181, "(1, 0)": 0.8261960068801029, "(1, 2)": 0.9629601132885423, "(1, 3)": 0.9417177793105846, "(1, 4)": 0.9699122337455441, "(1, 5)": 0.9018307134240423, "(2, 0)": 0.9419746952667031, "(2, 1)": 0.9633218210049764, "(2, 3)": 0.9842645267028858, "(2, 4)": 0.990492846278823, "(2, 5)": 0.9438037574376466, "(3, 0)": 0.7519562791277692, "(3, 1)": 0.7904463986017668, "(3, 2)": 0.9058632507346461, "(3, 4)": 0.9563954303392563, "(3, 5)": 0.7700961291307789, "(4, 0)": 0.9364464001234103, "(4, 1)": 0.9601251061741487, "(4, 2)": 0.986382310265341, "(4, 3)": 0.9897124233433081, "(4, 5)": 0.9431639883077065, "(5, 0)": 0.9831795470762341, "(5, 1)": 0.9857318875578897, "(5, 2)": 0.9777121906593285, "(5, 3)": 0.9784179204429247, "(5, 4)": 0.9789719699589602}