{"(0, 1)": 0.9653025947268731, "(0, 2)": 0.9650871868421541, "(0, 3)": 0.9685646670881365, "(0, 4)": 0.9676623279420647, "(0, 5)": 0.9686124411851436, "(1, 0)": 0.822294048397289, "(1, 2)": 0.9630661486335624, "(1, 3)": 0.9412812478173688, "(1, 4)": 0.9705719924463863, "(1, 5)": 0.900230917941489, "(2, 0)": 0.9423263041716006, "(2, 1)": 0.9619510968982937, "(2, 3)": 0.9841014607782986, "(2, 4)": 0.9904686486171528, "(2, 5)": 0.9418252390618317, "(3, 0)": 0.7487011814439342, "(3, 1)": 0.7877843622176037, "(3, 2)": 0.9051135085385437, "(3, 4)": 0.9558579112677784, "(3, 5)": 0.769206964169318, "(4, 0)": 0.938859709760025, "(4, 1)": 0.9591046513230991, "(4, 2)": 0.9861872540341253, "(4, 3)": 0.989921008422352, "(4, 5)": 0.9440887159413397, "(5, 0)": 0.983215044586415, "(5, 1)": 0.985568106891173, "(5, 2)": 0.9770235999309225, "(5, 3)": 0.9784191375574146, "(5, 4)": 0.9784280316467754}