{"(0, 1)": 0.9651212218381153, "(0, 2)": 0.965161967434146, "(0, 3)": 0.9685625625874079, "(0, 4)": 0.9679099499814421, "(0, 5)": 0.9683985895160977, "(1, 0)": 0.8206425670873214, "(1, 2)": 0.9636355271170433, "(1, 3)": 0.9420142214709215, "(1, 4)": 0.9702807127434798, "(1, 5)": 0.8994416538898063, "(2, 0)": 0.9403445497503641, "(2, 1)": 0.961992343588896, "(2, 3)": 0.9841431403592763, "(2, 4)": 0.990473259725431, "(2, 5)": 0.9414073574305158, "(3, 0)": 0.7521478794425662, "(3, 1)": 0.7938855788355578, "(3, 2)": 0.9073168681813867, "(3, 4)": 0.9563425582562418, "(3, 5)": 0.7732330746780434, "(4, 0)": 0.9396890200777315, "(4, 1)": 0.9602171227287184, "(4, 2)": 0.9868699720085203, "(4, 3)": 0.9899730996871172, "(4, 5)": 0.943400382251156, "(5, 0)": 0.9832366867055059, "(5, 1)": 0.9857069937415461, "(5, 2)": 0.9776730912990107, "(5, 3)": 0.9787556703355177, "(5, 4)": 0.9789358669916607}