{"(0, 1)": 0.5533647618073321, "(0, 2)": 0.3593859334811692, "(0, 3)": 0.35423562400680997, "(1, 0)": 0.16643878805465306, "(1, 2)": 0.10079785153158527, "(1, 3)": 0.06345910280023426, "(2, 0)": 0.2400949807161593, "(2, 1)": 0.3138730371233419, "(2, 3)": 0.21665177674525593, "(3, 0)": 0.35074858975760903, "(3, 1)": 0.3657871752304963, "(3, 2)": 0.3844872308830132}