{"(0, 1)": 0.5577579021554904, "(0, 2)": 0.3639817952060005, "(0, 3)": 0.35675709962549607, "(1, 0)": 0.16238214123019612, "(1, 2)": 0.10516263418082583, "(1, 3)": 0.06330715513933538, "(2, 0)": 0.23901432858331362, "(2, 1)": 0.3175994670755701, "(2, 3)": 0.21414022550542922, "(3, 0)": 0.3450025864267787, "(3, 1)": 0.3734974395589219, "(3, 2)": 0.3879235709905544}