{"(0, 1)": 0.5512086392297093, "(0, 2)": 0.3554991887032587, "(0, 3)": 0.3536763226019418, "(1, 0)": 0.1632493977225956, "(1, 2)": 0.10068517379786868, "(1, 3)": 0.0675130517810103, "(2, 0)": 0.24506321748002446, "(2, 1)": 0.3166686258914033, "(2, 3)": 0.2168057871099036, "(3, 0)": 0.3486334912917708, "(3, 1)": 0.3662941880001287, "(3, 2)": 0.3877133814560093}