{"(0, 1)": 0.5617377787932218, "(0, 2)": 0.35471583790189865, "(0, 3)": 0.35454930605451307, "(1, 0)": 0.17002216176216, "(1, 2)": 0.10160042310091744, "(1, 3)": 0.061200317268585436, "(2, 0)": 0.23615761868864626, "(2, 1)": 0.31841319157124415, "(2, 3)": 0.21617386532426497, "(3, 0)": 0.3530326313035531, "(3, 1)": 0.3718213086589013, "(3, 2)": 0.38582341539552745}