{"(0, 1)": 0.5538624260046037, "(0, 2)": 0.3579496746133054, "(0, 3)": 0.34935555938351515, "(1, 0)": 0.161596892715959, "(1, 2)": 0.09813797616282738, "(1, 3)": 0.06469426077252871, "(2, 0)": 0.23667184102859484, "(2, 1)": 0.3212816546523414, "(2, 3)": 0.21316578884656234, "(3, 0)": 0.35009166543717074, "(3, 1)": 0.3688009856484793, "(3, 2)": 0.3809398774548757}