{"(0, 1)": 0.7842240433094374, "(0, 2)": 0.8178367670758323, "(0, 3)": 0.8201396935062604, "(0, 4)": 0.8070285623725145, "(0, 5)": 0.6854252135505055, "(0, 6)": 0.7366425926370176, "(0, 7)": 0.6695820512787487, "(0, 8)": 0.6864030052404209, "(0, 9)": 0.7101829883985618, "(1, 0)": 0.7828727597977971, "(1, 2)": 0.815325131862803, "(1, 3)": 0.8238929482277075, "(1, 4)": 0.8093603011227329, "(1, 5)": 0.6577029784553162, "(1, 6)": 0.6871811969870479, "(1, 7)": 0.6722282375645149, "(1, 8)": 0.6620543863042565, "(1, 9)": 0.6768512412787044, "(2, 0)": 0.6301601854451822, "(2, 1)": 0.6426456870534998, "(2, 3)": 0.7384524287012799, "(2, 4)": 0.6954560920338535, "(2, 5)": 0.34983728872764475, "(2, 6)": 0.4321915082395613, "(2, 7)": 0.3727288822032653, "(2, 8)": 0.3433414943281139, "(2, 9)": 0.3778427118920975, "(3, 0)": 0.6272666763614403, "(3, 1)": 0.6525837646381389, "(3, 2)": 0.7325712528129666, "(3, 4)": 0.8914982425464191, "(3, 5)": 0.3010197030541826, "(3, 6)": 0.380177132333382, "(3, 7)": 0.32681476722366076, "(3, 8)": 0.33722289846043174, "(3, 9)": 0.33777965071544147, "(4, 0)": 0.5584317446009774, "(4, 1)": 0.5816959893107185, "(4, 2)": 0.6581933561476466, "(4, 3)": 0.8808643774331685, "(4, 5)": 0.22562244833327472, "(4, 6)": 0.29306460593323647, "(4, 7)": 0.24607768269184682, "(4, 8)": 0.2597999623255788, "(4, 9)": 0.2635966777059491, "(5, 0)": 0.7706379847586506, "(5, 1)": 0.7118538585242178, "(5, 2)": 0.7076033995704314, "(5, 3)": 0.7103841236165662, "(5, 4)": 0.7075468649284129, "(5, 6)": 0.7136014775821833, "(5, 7)": 0.654300762698695, "(5, 8)": 0.6632533164135839, "(5, 9)": 0.6879172656569099, "(6, 0)": 0.8569197843130202, "(6, 1)": 0.765174609060282, "(6, 2)": 0.7802214888610163, "(6, 3)": 0.7716291200815567, "(6, 4)": 0.7620850095411302, "(6, 5)": 0.7027032442144502, "(6, 7)": 0.6629796475716675, "(6, 8)": 0.6790109947099119, "(6, 9)": 0.6995734367699574, "(7, 0)": 0.7351775953669291, "(7, 1)": 0.7956978768635975, "(7, 2)": 0.7355745090891623, "(7, 3)": 0.7325844004527051, "(7, 4)": 0.725951183101389, "(7, 5)": 0.6505295657762273, "(7, 6)": 0.6670570949641984, "(7, 8)": 0.6523946157218757, "(7, 9)": 0.6697593920617123, "(8, 0)": 0.6563977874077671, "(8, 1)": 0.6484072807325703, "(8, 2)": 0.655470504003063, "(8, 3)": 0.6552262339845907, "(8, 4)": 0.6543396375125872, "(8, 5)": 0.6271285558513049, "(8, 6)": 0.6480116307956175, "(8, 7)": 0.6251012639039211, "(8, 9)": 0.6494987046986853, "(9, 0)": 0.7099972641311247, "(9, 1)": 0.6929876195949763, "(9, 2)": 0.690838249198806, "(9, 3)": 0.6716293574787436, "(9, 4)": 0.6673562282795982, "(9, 5)": 0.6628123043898537, "(9, 6)": 0.6685413398198847, "(9, 7)": 0.6509250852033381, "(9, 8)": 0.658432766591766}