{"(0, 1)": 0.7835239782259356, "(0, 2)": 0.816910052139266, "(0, 3)": 0.8186170815253087, "(0, 4)": 0.805438298807482, "(0, 5)": 0.6848193601924144, "(0, 6)": 0.7356591964185422, "(0, 7)": 0.6704714050227203, "(0, 8)": 0.6854310435702033, "(0, 9)": 0.7079127710581512, "(1, 0)": 0.7816864484478293, "(1, 2)": 0.8149086773034238, "(1, 3)": 0.8225013539701882, "(1, 4)": 0.808535416805064, "(1, 5)": 0.6579297074264641, "(1, 6)": 0.6849495359006772, "(1, 7)": 0.6703838097954533, "(1, 8)": 0.6628044085511289, "(1, 9)": 0.6713874420903538, "(2, 0)": 0.6321072554964319, "(2, 1)": 0.637273817361317, "(2, 3)": 0.7357787705416869, "(2, 4)": 0.6933807109936985, "(2, 5)": 0.3475472943475447, "(2, 6)": 0.4357316692062084, "(2, 7)": 0.37145992114495685, "(2, 8)": 0.3521675088312677, "(2, 9)": 0.3747594851276451, "(3, 0)": 0.6256421000477848, "(3, 1)": 0.6456845054025684, "(3, 2)": 0.7275256251602519, "(3, 4)": 0.8911429645894547, "(3, 5)": 0.30160474499165957, "(3, 6)": 0.3754458785473852, "(3, 7)": 0.3206542141299068, "(3, 8)": 0.3308875664670552, "(3, 9)": 0.33272636973454495, "(4, 0)": 0.5556469428823948, "(4, 1)": 0.5761494172606358, "(4, 2)": 0.6542386925964361, "(4, 3)": 0.8810449617575874, "(4, 5)": 0.22263225342847281, "(4, 6)": 0.3004126122224704, "(4, 7)": 0.2381827316577787, "(4, 8)": 0.256321358508649, "(4, 9)": 0.25493085057715237, "(5, 0)": 0.7719708388498387, "(5, 1)": 0.7115772722203771, "(5, 2)": 0.7081275973663375, "(5, 3)": 0.7109623418008232, "(5, 4)": 0.7082801126770857, "(5, 6)": 0.7133109215391618, "(5, 7)": 0.6538488738483772, "(5, 8)": 0.6622751359635912, "(5, 9)": 0.6868138669612229, "(6, 0)": 0.856048177724684, "(6, 1)": 0.7630049653781846, "(6, 2)": 0.7793231397073185, "(6, 3)": 0.7708773269163764, "(6, 4)": 0.7612801411984383, "(6, 5)": 0.704118869354325, "(6, 7)": 0.6624141537146195, "(6, 8)": 0.6799847284796472, "(6, 9)": 0.6976366370109427, "(7, 0)": 0.7344992096044566, "(7, 1)": 0.7956022817477462, "(7, 2)": 0.7343839054900863, "(7, 3)": 0.7318814535781366, "(7, 4)": 0.725118073885697, "(7, 5)": 0.6511587853224683, "(7, 6)": 0.6647580711324275, "(7, 8)": 0.6517209612602959, "(7, 9)": 0.6671672256709662, "(8, 0)": 0.6542709349167708, "(8, 1)": 0.6425759475431747, "(8, 2)": 0.653013371255687, "(8, 3)": 0.6546582762612025, "(8, 4)": 0.6519342552992768, "(8, 5)": 0.6291480606723572, "(8, 6)": 0.6439125903407354, "(8, 7)": 0.6252099949335262, "(8, 9)": 0.6448789307685738, "(9, 0)": 0.7107152363163505, "(9, 1)": 0.690394834104133, "(9, 2)": 0.6904644959337196, "(9, 3)": 0.6712200303830124, "(9, 4)": 0.6672894382723542, "(9, 5)": 0.6625053780389494, "(9, 6)": 0.6675897209568976, "(9, 7)": 0.6497317529667795, "(9, 8)": 0.6580548249730245}