{"(0, 1)": 0.784256679075347, "(0, 2)": 0.8178251971502833, "(0, 3)": 0.8199972180413696, "(0, 4)": 0.807735896837237, "(0, 5)": 0.6865687379125103, "(0, 6)": 0.7350219845673833, "(0, 7)": 0.6684181760337784, "(0, 8)": 0.6859445651887655, "(0, 9)": 0.7089090123948834, "(1, 0)": 0.7839945624369682, "(1, 2)": 0.81595476709192, "(1, 3)": 0.8236769052774837, "(1, 4)": 0.8096361692619086, "(1, 5)": 0.6571959040115487, "(1, 6)": 0.6855339468725408, "(1, 7)": 0.6694990817741846, "(1, 8)": 0.6620075064898863, "(1, 9)": 0.6743746559855772, "(2, 0)": 0.632079075250648, "(2, 1)": 0.6415284131255403, "(2, 3)": 0.7409483094684344, "(2, 4)": 0.6989330859956335, "(2, 5)": 0.3499738583264532, "(2, 6)": 0.4327149423107338, "(2, 7)": 0.36876434599962515, "(2, 8)": 0.35149394722831795, "(2, 9)": 0.37652660254421166, "(3, 0)": 0.6259581975608857, "(3, 1)": 0.650348415690299, "(3, 2)": 0.7317429680148692, "(3, 4)": 0.8904301787740376, "(3, 5)": 0.2984356898636725, "(3, 6)": 0.3790686110695445, "(3, 7)": 0.3213359809901768, "(3, 8)": 0.33159907934020116, "(3, 9)": 0.3374540740118914, "(4, 0)": 0.5609749233613304, "(4, 1)": 0.5847792138791132, "(4, 2)": 0.6548171882131053, "(4, 3)": 0.8808894018104843, "(4, 5)": 0.2240333548232899, "(4, 6)": 0.30313149750079815, "(4, 7)": 0.2368378500835251, "(4, 8)": 0.2571924129757771, "(4, 9)": 0.25926263819504813, "(5, 0)": 0.7718457772471505, "(5, 1)": 0.7115388883725178, "(5, 2)": 0.7082365320048274, "(5, 3)": 0.7096311203497065, "(5, 4)": 0.7064416823867061, "(5, 6)": 0.7130874305317668, "(5, 7)": 0.6540950730736619, "(5, 8)": 0.6618104132900662, "(5, 9)": 0.6878415869067196, "(6, 0)": 0.8569377444788604, "(6, 1)": 0.7649297238041419, "(6, 2)": 0.7801029827486547, "(6, 3)": 0.7717123626138995, "(6, 4)": 0.7623637422311687, "(6, 5)": 0.7037973766857846, "(6, 7)": 0.6640660362790025, "(6, 8)": 0.6780025383227448, "(6, 9)": 0.6987375300774912, "(7, 0)": 0.7348024768596211, "(7, 1)": 0.7958054188450714, "(7, 2)": 0.7349420659749673, "(7, 3)": 0.7314253062816785, "(7, 4)": 0.7244666406406985, "(7, 5)": 0.6504574734884621, "(7, 6)": 0.6671134872086181, "(7, 8)": 0.6520290402939368, "(7, 9)": 0.6668633909265971, "(8, 0)": 0.656574708434434, "(8, 1)": 0.6431255683353546, "(8, 2)": 0.65301107306871, "(8, 3)": 0.6529135490354583, "(8, 4)": 0.6503798300749087, "(8, 5)": 0.6267377786224672, "(8, 6)": 0.6447888263772139, "(8, 7)": 0.6256950962942933, "(8, 9)": 0.6452004660521478, "(9, 0)": 0.7104935796568733, "(9, 1)": 0.6898612543653158, "(9, 2)": 0.6904888137288442, "(9, 3)": 0.6699262603661832, "(9, 4)": 0.6673846196691906, "(9, 5)": 0.6640442931259344, "(9, 6)": 0.6689408120098859, "(9, 7)": 0.6501957268101416, "(9, 8)": 0.6578502719453054}