{"(0, 1)": 0.7851444660536196, "(0, 2)": 0.816899772001822, "(0, 3)": 0.8191928913476989, "(0, 4)": 0.8066818576804631, "(0, 5)": 0.6846635264034484, "(0, 6)": 0.7359932683318928, "(0, 7)": 0.6684637422091824, "(0, 8)": 0.6841024994601579, "(0, 9)": 0.7074076663866118, "(1, 0)": 0.7830566666204903, "(1, 2)": 0.8156143113530329, "(1, 3)": 0.8234428933121027, "(1, 4)": 0.809898665886794, "(1, 5)": 0.6565649693799278, "(1, 6)": 0.6853168437544834, "(1, 7)": 0.6716164720570372, "(1, 8)": 0.6624404125572947, "(1, 9)": 0.6746945788129628, "(2, 0)": 0.6285701241509185, "(2, 1)": 0.6438390120382982, "(2, 3)": 0.7402258693687385, "(2, 4)": 0.6958502612574726, "(2, 5)": 0.3435170325634851, "(2, 6)": 0.4370563780687744, "(2, 7)": 0.3682251412205888, "(2, 8)": 0.3466562024777855, "(2, 9)": 0.3777547389015604, "(3, 0)": 0.6277213044252696, "(3, 1)": 0.6498156489610938, "(3, 2)": 0.7276562907824404, "(3, 4)": 0.8917185718209694, "(3, 5)": 0.29424700261740533, "(3, 6)": 0.37039285251201937, "(3, 7)": 0.32333890910200747, "(3, 8)": 0.32962910637325105, "(3, 9)": 0.33293935349277237, "(4, 0)": 0.561304855997274, "(4, 1)": 0.5886878899126693, "(4, 2)": 0.6577940231605564, "(4, 3)": 0.8812517199840606, "(4, 5)": 0.22182179256519918, "(4, 6)": 0.2999912898814865, "(4, 7)": 0.2400606034232714, "(4, 8)": 0.2589601965103677, "(4, 9)": 0.25422332039377515, "(5, 0)": 0.7701672965644656, "(5, 1)": 0.7112686858490012, "(5, 2)": 0.7080334733514939, "(5, 3)": 0.7084067198961407, "(5, 4)": 0.7061020427050325, "(5, 6)": 0.7130272408629572, "(5, 7)": 0.6530548706878236, "(5, 8)": 0.6595941169423976, "(5, 9)": 0.6884215245131184, "(6, 0)": 0.8568237626644621, "(6, 1)": 0.7650995022683312, "(6, 2)": 0.7806194492685967, "(6, 3)": 0.7722715352066856, "(6, 4)": 0.7628102488254163, "(6, 5)": 0.7037860683720057, "(6, 7)": 0.6638985962918909, "(6, 8)": 0.6791459938202309, "(6, 9)": 0.6976774443863454, "(7, 0)": 0.7345461697191663, "(7, 1)": 0.7953167998345021, "(7, 2)": 0.7334787999562691, "(7, 3)": 0.7309922865577199, "(7, 4)": 0.7233602152456389, "(7, 5)": 0.6496067079974976, "(7, 6)": 0.6646667478724542, "(7, 8)": 0.6488486965411913, "(7, 9)": 0.666463152350141, "(8, 0)": 0.6555952924222139, "(8, 1)": 0.6477980738075275, "(8, 2)": 0.6546880028454163, "(8, 3)": 0.6536352401219021, "(8, 4)": 0.6538263269857882, "(8, 5)": 0.6317679869836557, "(8, 6)": 0.6478836703981267, "(8, 7)": 0.6270937788592834, "(8, 9)": 0.6465642106019631, "(9, 0)": 0.7086870175194265, "(9, 1)": 0.6890886298302895, "(9, 2)": 0.6882649491085826, "(9, 3)": 0.6677011736604332, "(9, 4)": 0.6647363091252282, "(9, 5)": 0.6613633775185084, "(9, 6)": 0.6659887741450432, "(9, 7)": 0.649095030171714, "(9, 8)": 0.6565903069313291}