{"(0, 1)": 0.783788386929616, "(0, 2)": 0.8176077181578992, "(0, 3)": 0.8203116902312397, "(0, 4)": 0.8070563595110489, "(0, 5)": 0.6850755536451326, "(0, 6)": 0.7380912766993148, "(0, 7)": 0.6695753365163362, "(0, 8)": 0.6851022174078746, "(0, 9)": 0.7079532024178704, "(1, 0)": 0.7837006567771682, "(1, 2)": 0.8151065238653382, "(1, 3)": 0.8244024230146774, "(1, 4)": 0.8107265720955713, "(1, 5)": 0.6581010207663118, "(1, 6)": 0.6867570732023973, "(1, 7)": 0.6720975802711813, "(1, 8)": 0.6634337785683797, "(1, 9)": 0.6744102226122531, "(2, 0)": 0.6281650550991209, "(2, 1)": 0.641859779011567, "(2, 3)": 0.7367856164882267, "(2, 4)": 0.693933994549425, "(2, 5)": 0.3449697553948454, "(2, 6)": 0.4351548104430947, "(2, 7)": 0.36858711297153435, "(2, 8)": 0.3493321966159235, "(2, 9)": 0.3792076309591845, "(3, 0)": 0.6242777686083311, "(3, 1)": 0.6500771222941835, "(3, 2)": 0.728025277054094, "(3, 4)": 0.890307671155304, "(3, 5)": 0.29732531772651516, "(3, 6)": 0.36987955954358087, "(3, 7)": 0.31733549595304555, "(3, 8)": 0.3309536450530478, "(3, 9)": 0.33802097401290176, "(4, 0)": 0.5559542531080106, "(4, 1)": 0.582347974268432, "(4, 2)": 0.6535225323283325, "(4, 3)": 0.8805452279460625, "(4, 5)": 0.21941308930021342, "(4, 6)": 0.29872997382490074, "(4, 7)": 0.23415262603818365, "(4, 8)": 0.253429966608698, "(4, 9)": 0.2556933105271485, "(5, 0)": 0.7710932755097777, "(5, 1)": 0.7106955083986306, "(5, 2)": 0.7064093928796109, "(5, 3)": 0.7098678033171707, "(5, 4)": 0.7070630329836065, "(5, 6)": 0.7134036357557065, "(5, 7)": 0.6555632162782744, "(5, 8)": 0.661560732571667, "(5, 9)": 0.6866731660422516, "(6, 0)": 0.8581922099684292, "(6, 1)": 0.7642184951167696, "(6, 2)": 0.7803231487591393, "(6, 3)": 0.77388908915131, "(6, 4)": 0.7640623871727122, "(6, 5)": 0.7044609726975817, "(6, 7)": 0.6654607445162628, "(6, 8)": 0.6799261284446626, "(6, 9)": 0.6991867319096504, "(7, 0)": 0.7349256850487775, "(7, 1)": 0.7969560847953259, "(7, 2)": 0.7349675323810927, "(7, 3)": 0.7333811194820321, "(7, 4)": 0.7270210221330202, "(7, 5)": 0.6508230638576267, "(7, 6)": 0.6665562818047616, "(7, 8)": 0.6493574783986287, "(7, 9)": 0.666254579795187, "(8, 0)": 0.6567746668064747, "(8, 1)": 0.6463878685000557, "(8, 2)": 0.6542052080126999, "(8, 3)": 0.6551459495026126, "(8, 4)": 0.6532148849704487, "(8, 5)": 0.6298399285469807, "(8, 6)": 0.6476675469719042, "(8, 7)": 0.6277177841847712, "(8, 9)": 0.6449622338177312, "(9, 0)": 0.7097681985742712, "(9, 1)": 0.6910783288765083, "(9, 2)": 0.6883789062213055, "(9, 3)": 0.6714966545414791, "(9, 4)": 0.6685620120747748, "(9, 5)": 0.6634590332806936, "(9, 6)": 0.6681179585901951, "(9, 7)": 0.6507424231468417, "(9, 8)": 0.6559318913152363}