{"(0, 1)": 0.8744890583003596, "(0, 2)": 0.8564309338946985, "(0, 3)": 0.8593078249820721, "(0, 4)": 0.8234890503153609, "(0, 5)": 0.8276983153479023, "(1, 0)": 0.4240647489718804, "(1, 2)": 0.4085722442204782, "(1, 3)": 0.4803781693710404, "(1, 4)": 0.41670684624122956, "(1, 5)": 0.3771564312790735, "(2, 0)": 0.5888738520723393, "(2, 1)": 0.7852096809903752, "(2, 3)": 0.8381534296819111, "(2, 4)": 0.6660476008812863, "(2, 5)": 0.6873159958859847, "(3, 0)": 0.4106027016800622, "(3, 1)": 0.6869375132129434, "(3, 2)": 0.5984847658082237, "(3, 4)": 0.43758722864581434, "(3, 5)": 0.3675446335191066, "(4, 0)": 0.7860586774108592, "(4, 1)": 0.8938181997919444, "(4, 2)": 0.8270728641701146, "(4, 3)": 0.8669569739312295, "(4, 5)": 0.8510125191499407, "(5, 0)": 0.8142297434093653, "(5, 1)": 0.9040067237414863, "(5, 2)": 0.8763454282977701, "(5, 3)": 0.8897636552178338, "(5, 4)": 0.9010362802528207}