{"(0, 1)": 0.8802235915458796, "(0, 2)": 0.8569591468171734, "(0, 3)": 0.8634275099659543, "(0, 4)": 0.8248332297462763, "(0, 5)": 0.8297419494061956, "(1, 0)": 0.42856633320446125, "(1, 2)": 0.41023484272918176, "(1, 3)": 0.47971247178645626, "(1, 4)": 0.4221098440155493, "(1, 5)": 0.3806119448434254, "(2, 0)": 0.5944664830957327, "(2, 1)": 0.7937602226390221, "(2, 3)": 0.8415467631386762, "(2, 4)": 0.6708676612155625, "(2, 5)": 0.691731852809265, "(3, 0)": 0.4098483151204121, "(3, 1)": 0.6878947383644294, "(3, 2)": 0.6013279956635926, "(3, 4)": 0.440221156028643, "(3, 5)": 0.36985448171281765, "(4, 0)": 0.7835318526866505, "(4, 1)": 0.8949982119245921, "(4, 2)": 0.8281633419875052, "(4, 3)": 0.865973524651545, "(4, 5)": 0.851228440570819, "(5, 0)": 0.8112485848052067, "(5, 1)": 0.9040158958858628, "(5, 2)": 0.8750377210090255, "(5, 3)": 0.8887196084005654, "(5, 4)": 0.8992085833319358}