{"(0, 1)": 0.8738935087843747, "(0, 2)": 0.8555278451866118, "(0, 3)": 0.8596104805355077, "(0, 4)": 0.8250369970582945, "(0, 5)": 0.829297106261291, "(1, 0)": 0.42116162548834757, "(1, 2)": 0.41060346689897276, "(1, 3)": 0.4821023244344447, "(1, 4)": 0.4144774725524826, "(1, 5)": 0.3766174454839324, "(2, 0)": 0.5884824557610608, "(2, 1)": 0.788174215430127, "(2, 3)": 0.8399941941123887, "(2, 4)": 0.6665342788402011, "(2, 5)": 0.6900356589322794, "(3, 0)": 0.4057953986505908, "(3, 1)": 0.6808707627042478, "(3, 2)": 0.5958072442506178, "(3, 4)": 0.4328744492862191, "(3, 5)": 0.36223962276771726, "(4, 0)": 0.7826726885636474, "(4, 1)": 0.8956421073123196, "(4, 2)": 0.8258209653570444, "(4, 3)": 0.863374940979089, "(4, 5)": 0.8530234896954687, "(5, 0)": 0.8102752825482118, "(5, 1)": 0.9053158244587497, "(5, 2)": 0.872839635480338, "(5, 3)": 0.8884982636638862, "(5, 4)": 0.8970322019315788}