{"(0, 1)": 0.8727937179558416, "(0, 2)": 0.8559801975916376, "(0, 3)": 0.8582639482262309, "(0, 4)": 0.8188905062642619, "(0, 5)": 0.8266144005248479, "(1, 0)": 0.430856119656128, "(1, 2)": 0.4062072685281223, "(1, 3)": 0.47760431066743037, "(1, 4)": 0.4213732863317321, "(1, 5)": 0.3801646381669662, "(2, 0)": 0.5922847484609837, "(2, 1)": 0.7877476917008326, "(2, 3)": 0.8431827882714861, "(2, 4)": 0.6683076484581298, "(2, 5)": 0.6899311219948897, "(3, 0)": 0.40814328358942076, "(3, 1)": 0.682050651362758, "(3, 2)": 0.5993136324658104, "(3, 4)": 0.4386020012326717, "(3, 5)": 0.37228874750925145, "(4, 0)": 0.7860643207978916, "(4, 1)": 0.8942450298047478, "(4, 2)": 0.8269852985831474, "(4, 3)": 0.8665673651601331, "(4, 5)": 0.8542187309249085, "(5, 0)": 0.8146465444436203, "(5, 1)": 0.9068035289169217, "(5, 2)": 0.8737818556205285, "(5, 3)": 0.8894137871502461, "(5, 4)": 0.8998110096821258}