{"(0, 1)": 0.8755716002720707, "(0, 2)": 0.8543856442641002, "(0, 3)": 0.8611411965655201, "(0, 4)": 0.8198180239983403, "(0, 5)": 0.8277400723404122, "(1, 0)": 0.4250300922493694, "(1, 2)": 0.40675114066746265, "(1, 3)": 0.477015369622645, "(1, 4)": 0.4146414692511029, "(1, 5)": 0.38433167589246164, "(2, 0)": 0.5861529157102203, "(2, 1)": 0.7833329005073666, "(2, 3)": 0.8361105807773783, "(2, 4)": 0.6638398156236274, "(2, 5)": 0.686234439836656, "(3, 0)": 0.4092149715396033, "(3, 1)": 0.6776849532214805, "(3, 2)": 0.5937881740394182, "(3, 4)": 0.4351053095517673, "(3, 5)": 0.36130604482589546, "(4, 0)": 0.7861214572812625, "(4, 1)": 0.8932125909775135, "(4, 2)": 0.8271523894735812, "(4, 3)": 0.8673687350358699, "(4, 5)": 0.8543808517720413, "(5, 0)": 0.814253922723962, "(5, 1)": 0.9049004190240303, "(5, 2)": 0.8736532671740469, "(5, 3)": 0.8882836685202248, "(5, 4)": 0.899357096060949}