{"(0, 1)": 0.3246350357030574, "(0, 2)": 0.3192772096605435, "(0, 3)": 0.3609227911748376, "(1, 0)": 0.6624645868332038, "(1, 2)": 0.6696840515670943, "(1, 3)": 0.6757086264311098, "(2, 0)": 0.24828508661435966, "(2, 1)": 0.23700382096636075, "(2, 3)": 0.23344215270540525, "(3, 0)": 0.606543331503804, "(3, 1)": 0.6407183519243662, "(3, 2)": 0.6051531071627929}