{"(0, 1)": 0.32434940446192007, "(0, 2)": 0.3163572656265744, "(0, 3)": 0.3542828967906295, "(1, 0)": 0.6679160431978988, "(1, 2)": 0.6735257125439051, "(1, 3)": 0.6745173107664442, "(2, 0)": 0.24793743631449272, "(2, 1)": 0.2348993697064401, "(2, 3)": 0.22952736504582427, "(3, 0)": 0.5996439646416005, "(3, 1)": 0.6382197513161889, "(3, 2)": 0.5977123213992515}