{"(0, 1)": 0.320111944174967, "(0, 2)": 0.3227455582519181, "(0, 3)": 0.3603770792951695, "(1, 0)": 0.669389451404327, "(1, 2)": 0.6680948755996203, "(1, 3)": 0.67308796011849, "(2, 0)": 0.24710303421737623, "(2, 1)": 0.23070525835793387, "(2, 3)": 0.23095853695143898, "(3, 0)": 0.6035634640798906, "(3, 1)": 0.6304922196444005, "(3, 2)": 0.5951857155324641}