{"(0, 1)": 0.32058298928088513, "(0, 2)": 0.3193580934242044, "(0, 3)": 0.35221664985655854, "(1, 0)": 0.6674351183387929, "(1, 2)": 0.6692595215432076, "(1, 3)": 0.6736018046133473, "(2, 0)": 0.245943135024132, "(2, 1)": 0.23587936621509575, "(2, 3)": 0.2371991360447817, "(3, 0)": 0.6048685758656962, "(3, 1)": 0.6381986353410952, "(3, 2)": 0.5983392724894645}