{"(0, 1)": 0.32303019506019337, "(0, 2)": 0.3222156671654388, "(0, 3)": 0.3611076789345027, "(1, 0)": 0.6663394852611102, "(1, 2)": 0.6660685184996015, "(1, 3)": 0.6784847865965213, "(2, 0)": 0.24528506943439898, "(2, 1)": 0.2393916457676365, "(2, 3)": 0.23412601904260344, "(3, 0)": 0.5991194690678445, "(3, 1)": 0.6343115295794425, "(3, 2)": 0.6011961403204416}