{"(0, 1)": 0.8018137707493576, "(0, 2)": 0.4843017755649195, "(1, 0)": 0.9647839504995125, "(1, 2)": 0.91305130754572, "(2, 0)": 0.39761303430242734, "(2, 1)": 0.3459316472754048}