{"(0, 1)": 0.7980047788500124, "(0, 2)": 0.4748862315745208, "(1, 0)": 0.9643426446894277, "(1, 2)": 0.9092932998860643, "(2, 0)": 0.387345097602507, "(2, 1)": 0.33696204614074976}