{"(0, 1)": 0.8015125204056581, "(0, 2)": 0.483126221844283, "(1, 0)": 0.9660095167185021, "(1, 2)": 0.9118957589474722, "(2, 0)": 0.39544541137597045, "(2, 1)": 0.3476171651967437}