{"(0, 1)": 0.8009573383161108, "(0, 2)": 0.4829670290547059, "(1, 0)": 0.9651400036383655, "(1, 2)": 0.9125094665553919, "(2, 0)": 0.3928196754716131, "(2, 1)": 0.34778574820574737}