{"(0, 1)": 0.8002551505702327, "(0, 2)": 0.47972147648550434, "(1, 0)": 0.966009342303642, "(1, 2)": 0.9104298267688516, "(2, 0)": 0.3921445359018386, "(2, 1)": 0.3436709083202022}