{"(0, 1)": 0.654064894015591, "(0, 2)": 1, "(0, 3)": 0.7187297117823357, "(0, 4)": 0.7237619094762122, "(0, 5)": 0.6550175342188815, "(0, 6)": 0.6601328130365627, "(0, 7)": 0.6503144059992682, "(0, 8)": 0.6594461245750826, "(0, 9)": 0.6700771344778129, "(0, 10)": 0.6660096410418043, "(0, 11)": 0.6709023374427279, "(0, 12)": 0.6670602504674075, "(0, 13)": 0.6673116351231729, "(0, 14)": 0.6584871826184179, "(0, 15)": 0.6815826814781959, "(0, 16)": 0.669180790216384, "(0, 17)": 0.6630486128931887, "(0, 18)": 0.6625881467023296, "(1, 0)": 0.661154973936747, "(1, 2)": 1, "(1, 3)": 0.7655112369920918, "(1, 4)": 0.7084598633588706, "(1, 5)": 0.704470845745784, "(1, 6)": 0.699353747648068, "(1, 7)": 0.7422669046269441, "(1, 8)": 0.7429159751564318, "(1, 9)": 0.7749725325127397, "(1, 10)": 0.7665203618653653, "(1, 11)": 0.7694651284787003, "(1, 12)": 0.7857138701005967, "(1, 13)": 0.7370478261947779, "(1, 14)": 0.7586379737647446, "(1, 15)": 0.7374085787212887, "(1, 16)": 0.7760635968614475, "(1, 17)": 0.7425723716267425, "(1, 18)": 0.7278221630158849, "(2, 0)": 0.0008108034027912714, "(2, 1)": 0.00021846042913609143, "(2, 3)": -0.0027518229743384026, "(2, 4)": -0.0031748231029233853, "(2, 5)": 0.001996404004957486, "(2, 6)": 0.0012595179187442351, "(2, 7)": 0.003159284643841742, "(2, 8)": -0.0011847598032115325, "(2, 9)": 0.0016213247767141725, "(2, 10)": 0.0014507831442901464, "(2, 11)": 0.0013649989650635908, "(2, 12)": -0.003716007853927117, "(2, 13)": -0.005903236196802553, "(2, 14)": 0.0008443488832516888, "(2, 15)": -0.00030924836936296884, "(2, 16)": -0.0007319886969483491, "(2, 17)": -0.0023404953478785018, "(2, 18)": -0.0010584143992569128, "(3, 0)": 0.010554957144317978, "(3, 1)": 0.022312357032203356, "(3, 2)": 1, "(3, 4)": 0.011737534600739452, "(3, 5)": 0.006933781954708507, "(3, 6)": 0.005284143896880478, "(3, 7)": 0.022047519273059812, "(3, 8)": 0.013363157804588854, "(3, 9)": 0.0027982858105587427, "(3, 10)": 0.005641776076167004, "(3, 11)": 0.005329629460579799, "(3, 12)": 0.002616541059193178, "(3, 13)": 0.010574839595647756, "(3, 14)": 0.011327030104483549, "(3, 15)": 0.008585952798823127, "(3, 16)": 0.002042387215890895, "(3, 17)": 0.00650613809619216, "(3, 18)": 0.015073158974199252, "(4, 0)": 0.009546570737413607, "(4, 1)": 0.003764083046019495, "(4, 2)": 1, "(4, 3)": 0.03211639457330584, "(4, 5)": 0.046504089209744026, "(4, 6)": 0.042021700582775545, "(4, 7)": 0.06399334115885702, "(4, 8)": 0.050257184122825316, "(4, 9)": 0.03201847711045358, "(4, 10)": 0.025046861321391778, "(4, 11)": 0.0293943592401692, "(4, 12)": 0.03193951840753628, "(4, 13)": 0.04228842092809171, "(4, 14)": 0.03443984172908443, "(4, 15)": 0.020724410252006886, "(4, 16)": 0.027135617858475847, "(4, 17)": 0.010767767955450092, "(4, 18)": 0.0187214312991546, "(5, 0)": 0.7503179688646952, "(5, 1)": 0.7908226540549146, "(5, 2)": 1, "(5, 3)": 0.7076881095589149, "(5, 4)": 0.9500546338299428, "(5, 6)": 0.9077973817641612, "(5, 7)": 0.8273888430986465, "(5, 8)": 0.8213038523980281, "(5, 9)": 0.8568308780356833, "(5, 10)": 0.8445494452066762, "(5, 11)": 0.8559310005652827, "(5, 12)": 0.8502023611757019, "(5, 13)": 0.8157980530011881, "(5, 14)": 0.8454151748619727, "(5, 15)": 0.8221863771386383, "(5, 16)": 0.8596423591231923, "(5, 17)": 0.816452191696736, "(5, 18)": 0.7895738896942875, "(6, 0)": 0.9690457922506487, "(6, 1)": 0.9804785953054488, "(6, 2)": 1, "(6, 3)": 0.9962226097656719, "(6, 4)": 0.9967991744568373, "(6, 5)": 0.9917747067063231, "(6, 7)": 0.9841023563977024, "(6, 8)": 0.9750516095554919, "(6, 9)": 0.9859494950165203, "(6, 10)": 0.9845371376293439, "(6, 11)": 0.9866567704555554, "(6, 12)": 0.9828365544489158, "(6, 13)": 0.9814977231067945, "(6, 14)": 0.9856102478500374, "(6, 15)": 0.9827925281848964, "(6, 16)": 0.9852297454296995, "(6, 17)": 0.9793017302621264, "(6, 18)": 0.979437780282659, "(7, 0)": 0.7608452558448587, "(7, 1)": 0.8868808480397707, "(7, 2)": 1, "(7, 3)": 0.7216353965779727, "(7, 4)": 0.9975982264333654, "(7, 5)": 0.8445451554615684, "(7, 6)": 0.8525366406211902, "(7, 8)": 0.907586960843598, "(7, 9)": 0.8630465460182679, "(7, 10)": 0.8554810853109754, "(7, 11)": 0.8659408102479822, "(7, 12)": 0.8589176896774998, "(7, 13)": 0.8493593654110103, "(7, 14)": 0.8487300039205898, "(7, 15)": 0.8538011365959396, "(7, 16)": 0.8653555660036879, "(7, 17)": 0.840818650437223, "(7, 18)": 0.8396682079955553, "(8, 0)": 0.9556700379614461, "(8, 1)": 0.9828190834871022, "(8, 2)": 1, "(8, 3)": 0.9953509043269807, "(8, 4)": 0.9960001224803091, "(8, 5)": 0.980909989630289, "(8, 6)": 0.982347652850774, "(8, 7)": 0.9861027430655589, "(8, 9)": 0.9818668868503662, "(8, 10)": 0.9839670098642352, "(8, 11)": 0.9817292958106308, "(8, 12)": 0.9790311554422761, "(8, 13)": 0.978278827226669, "(8, 14)": 0.9821275347570618, "(8, 15)": 0.9885262910772274, "(8, 16)": 0.9796117691356565, "(8, 17)": 0.9831762538528815, "(8, 18)": 0.9833134765692167, "(9, 0)": 0.9323911063699462, "(9, 1)": 0.9482766001298079, "(9, 2)": 1, "(9, 3)": 0.9953509043269807, "(9, 4)": 0.9961998854744412, "(9, 5)": 0.960387647954891, "(9, 6)": 0.9648620978214367, "(9, 7)": 0.9557879742611023, "(9, 8)": 0.9501633013992797, "(9, 10)": 0.9912198524799684, "(9, 11)": 0.9895233444219905, "(9, 12)": 0.993904373773565, "(9, 13)": 0.9676773610018019, "(9, 14)": 0.97576041319408, "(9, 15)": 0.9764905716103628, "(9, 16)": 0.9937212485195546, "(9, 17)": 0.9772977025275942, "(9, 18)": 0.9605605685876606, "(10, 0)": 0.7156922288222265, "(10, 1)": 0.875481750945785, "(10, 2)": 1, "(10, 3)": 0.8329231242508709, "(10, 4)": 0.9348790708144135, "(10, 5)": 0.8571450907695981, "(10, 6)": 0.8272615298149829, "(10, 7)": 0.8769959608459532, "(10, 8)": 0.8454125415700293, "(10, 9)": 0.9777131779732018, "(10, 11)": 0.9626387051587614, "(10, 12)": 0.9723877690381741, "(10, 13)": 0.9225245381752849, "(10, 14)": 0.9320629747166146, "(10, 15)": 0.9301868270248695, "(10, 16)": 0.9683022505042758, "(10, 17)": 0.8612373049310854, "(10, 18)": 0.8434012452204795, "(11, 0)": 0.8836806861135078, "(11, 1)": 0.8856212294165791, "(11, 2)": 1, "(11, 3)": 0.8221720905070139, "(11, 4)": 0.9454600849649062, "(11, 5)": 0.8641658532527449, "(11, 6)": 0.8608156918746699, "(11, 7)": 0.8896361314031841, "(11, 8)": 0.8879813266159939, "(11, 9)": 0.9757350717158537, "(11, 10)": 0.97365009559256, "(11, 12)": 0.9609742251901978, "(11, 13)": 0.9378854465673632, "(11, 14)": 0.9429504610049237, "(11, 15)": 0.9382755845471333, "(11, 16)": 0.9824268922999831, "(11, 17)": 0.9487398167553427, "(11, 18)": 0.8969836798668882, "(12, 0)": 0.733757513231091, "(12, 1)": 0.8013674310207719, "(12, 2)": 1, "(12, 3)": 0.8805763548993182, "(12, 4)": 0.8967179143966914, "(12, 5)": 0.8329057787476117, "(12, 6)": 0.807877790250122, "(12, 7)": 0.825375223625977, "(12, 8)": 0.8155691363856644, "(12, 9)": 0.9692603536242346, "(12, 10)": 0.9568255578706188, "(12, 11)": 0.9412902954420279, "(12, 13)": 0.8800010688941416, "(12, 14)": 0.8741667493831273, "(12, 15)": 0.8816243223437458, "(12, 16)": 0.9545357410960391, "(12, 17)": 0.8770398533216253, "(12, 18)": 0.7955255867490143, "(13, 0)": 0.7680955852962987, "(13, 1)": 0.7551158325291516, "(13, 2)": 1, "(13, 3)": 0.7169863009049535, "(13, 4)": 0.787138174924103, "(13, 5)": 0.808539037076849, "(13, 6)": 0.7800583560705676, "(13, 7)": 0.797672611454169, "(13, 8)": 0.7724990193510001, "(13, 9)": 0.8935207439666766, "(13, 10)": 0.8861643123739464, "(13, 11)": 0.8958679212952319, "(13, 12)": 0.8996436115003242, "(13, 14)": 0.8586650885998947, "(13, 15)": 0.8037703801481656, "(13, 16)": 0.8965120040372697, "(13, 17)": 0.8513619286677413, "(13, 18)": 0.8055010581481121, "(14, 0)": 0.8034459629997242, "(14, 1)": 0.8560423214371853, "(14, 2)": 1, "(14, 3)": 0.804447413253628, "(14, 4)": 0.8963183884084274, "(14, 5)": 0.8686792622146089, "(14, 6)": 0.86190702124333, "(14, 7)": 0.8560233789785335, "(14, 8)": 0.8434909239992978, "(14, 9)": 0.9193462762107306, "(14, 10)": 0.9100383501773478, "(14, 11)": 0.9316955249042849,