{"(0, 1)": 0.6543859703458663, "(0, 2)": 1, "(0, 3)": 0.712446178342538, "(0, 4)": 0.7093555096877877, "(0, 5)": 0.6565542060643035, "(0, 6)": 0.6590576906487433, "(0, 7)": 0.6470035337658058, "(0, 8)": 0.6638407206930164, "(0, 9)": 0.6706184840991797, "(0, 10)": 0.6652179799558654, "(0, 11)": 0.6728708526021171, "(0, 12)": 0.6726123539146132, "(0, 13)": 0.6615199108698768, "(0, 14)": 0.663729373678986, "(0, 15)": 0.6831242853628096, "(0, 16)": 0.672812892767831, "(0, 17)": 0.6668736397276207, "(0, 18)": 0.6612381615656451, "(1, 0)": 0.6604916408374236, "(1, 2)": 1, "(1, 3)": 0.7710431300719414, "(1, 4)": 0.6830324494302273, "(1, 5)": 0.7057176587496643, "(1, 6)": 0.6980569373156453, "(1, 7)": 0.741921536721783, "(1, 8)": 0.7413101680071684, "(1, 9)": 0.7761049560947944, "(1, 10)": 0.768663187473473, "(1, 11)": 0.7733596765530881, "(1, 12)": 0.784042443493562, "(1, 13)": 0.7353035911223981, "(1, 14)": 0.7652777276402173, "(1, 15)": 0.7437402861349761, "(1, 16)": 0.7795687898190519, "(1, 17)": 0.7455583278187176, "(1, 18)": 0.7290724823493253, "(2, 0)": -0.0037129332232614942, "(2, 1)": -0.001169072937926785, "(2, 3)": 0.0012792714998289823, "(2, 4)": -0.0036660933293424236, "(2, 5)": -0.00037647556797315573, "(2, 6)": -0.0020939866791687134, "(2, 7)": 0.0018536205620546253, "(2, 8)": 0.008572762785351462, "(2, 9)": -0.001070637378532746, "(2, 10)": -0.00283260367680227, "(2, 11)": 0.00042136782074464474, "(2, 12)": 0.0014106872582269059, "(2, 13)": 0.003824457205221843, "(2, 14)": -0.0002346440995149024, "(2, 15)": 0.0031549560772211604, "(2, 16)": -0.0028106539305210454, "(2, 17)": -0.0026301649161091234, "(2, 18)": 0.0032224978460381193, "(3, 0)": 0.012426139193509211, "(3, 1)": 0.021474675433120427, "(3, 2)": 1, "(3, 4)": 0.007659275242178132, "(3, 5)": 0.0086127200641134, "(3, 6)": 0.013826307594249965, "(3, 7)": 0.029720315916923923, "(3, 8)": 0.018361080502333094, "(3, 9)": 0.005777809699956449, "(3, 10)": 0.0027767529536093516, "(3, 11)": 0.0028965055220180336, "(3, 12)": 0.007175303260805288, "(3, 13)": 0.00790254880260488, "(3, 14)": 0.00491094923378721, "(3, 15)": 0.0053802760030682295, "(3, 16)": 0.0014692601156182095, "(3, 17)": 0.008519667008063392, "(3, 18)": 0.013091272308760171, "(4, 0)": 0.00931115072205424, "(4, 1)": 0.008065837457462255, "(4, 2)": 1, "(4, 3)": 0.02614724613620989, "(4, 5)": 0.04843936399075932, "(4, 6)": 0.044108956128597, "(4, 7)": 0.06128059155364718, "(4, 8)": 0.046474343090724735, "(4, 9)": 0.0311071498486174, "(4, 10)": 0.02629484437461338, "(4, 11)": 0.032407480666100996, "(4, 12)": 0.023499864633490186, "(4, 13)": 0.037178707694326074, "(4, 14)": 0.024166685342782768, "(4, 15)": 0.020154072477362228, "(4, 16)": 0.030430049774616497, "(4, 17)": 0.019401556491951077, "(4, 18)": 0.01790254906082056, "(5, 0)": 0.743891916994478, "(5, 1)": 0.7893221492456184, "(5, 2)": 1, "(5, 3)": 0.7230222135327231, "(5, 4)": 0.9506418897153208, "(5, 6)": 0.907685804722203, "(5, 7)": 0.8237111220638826, "(5, 8)": 0.8211585272253228, "(5, 9)": 0.8576623200805242, "(5, 10)": 0.8436024920379781, "(5, 11)": 0.8569532704763244, "(5, 12)": 0.8526400466531978, "(5, 13)": 0.8191738167462739, "(5, 14)": 0.8478251338910361, "(5, 15)": 0.8236147439912604, "(5, 16)": 0.8615564080892142, "(5, 17)": 0.8244502432401759, "(5, 18)": 0.784923093680148, "(6, 0)": 0.9697816881690922, "(6, 1)": 0.981045137830988, "(6, 2)": 1, "(6, 3)": 0.996284095743989, "(6, 4)": 0.9966645437344872, "(6, 5)": 0.9919914153990008, "(6, 7)": 0.9837795834158561, "(6, 8)": 0.975523626736616, "(6, 9)": 0.9849884383489652, "(6, 10)": 0.9847614067989291, "(6, 11)": 0.9858739060858934, "(6, 12)": 0.9829092687532122, "(6, 13)": 0.9814213831252528, "(6, 14)": 0.9856655661502601, "(6, 15)": 0.9830010551734232, "(6, 16)": 0.9853741253642202, "(6, 17)": 0.980323641289466, "(6, 18)": 0.9785013465155318, "(7, 0)": 0.7611711415209219, "(7, 1)": 0.8862102597932605, "(7, 2)": 1, "(7, 3)": 0.7144470498650055, "(7, 4)": 0.9975013192621084, "(7, 5)": 0.8471598093421453, "(7, 6)": 0.8527074952288675, "(7, 8)": 0.9060773393411401, "(7, 9)": 0.8617468203875108, "(7, 10)": 0.8567564535515433, "(7, 11)": 0.8653075722754344, "(7, 12)": 0.8601124023377429, "(7, 13)": 0.848255635863441, "(7, 14)": 0.8508627773043107, "(7, 15)": 0.8535282601589151, "(7, 16)": 0.8657618830504107, "(7, 17)": 0.8375335124013015, "(7, 18)": 0.8363211308975482, "(8, 0)": 0.9552343765923325, "(8, 1)": 0.9831578926718219, "(8, 2)": 1, "(8, 3)": 0.9954265793772173, "(8, 4)": 0.995827768206866, "(8, 5)": 0.9798792694648965, "(8, 6)": 0.9826730131217913, "(8, 7)": 0.9866624190980675, "(8, 9)": 0.9814708317704425, "(8, 10)": 0.9835086568600724, "(8, 11)": 0.9819198873436525, "(8, 12)": 0.978038324386263, "(8, 13)": 0.9781275042677402, "(8, 14)": 0.9818323147960105, "(8, 15)": 0.9879162466476591, "(8, 16)": 0.9801454589586918, "(8, 17)": 0.983392640103674, "(8, 18)": 0.982653656899839, "(9, 0)": 0.9360789618436518, "(9, 1)": 0.9526267312819466, "(9, 2)": 1, "(9, 3)": 0.9954265793772173, "(9, 4)": 0.9960369620887713, "(9, 5)": 0.9616597255960833, "(9, 6)": 0.9656927284925673, "(9, 7)": 0.9566169462098814, "(9, 8)": 0.9504132542651405, "(9, 10)": 0.9910638051460863, "(9, 11)": 0.9895922188100826, "(9, 12)": 0.9945100739221802, "(9, 13)": 0.9680688296540334, "(9, 14)": 0.9758293554175993, "(9, 15)": 0.9763460213716371, "(9, 16)": 0.9938961466613931, "(9, 17)": 0.9784107730703295, "(9, 18)": 0.9625784254996095, "(10, 0)": 0.7184776116550395, "(10, 1)": 0.8798976297721379, "(10, 2)": 1, "(10, 3)": 0.8322126309016599, "(10, 4)": 0.9366854228353004, "(10, 5)": 0.8590604159611116, "(10, 6)": 0.8230190362875075, "(10, 7)": 0.8787230074071984, "(10, 8)": 0.8497164705733343, "(10, 9)": 0.9779999431656775, "(10, 11)": 0.9640092166398424, "(10, 12)": 0.9733104767315892, "(10, 13)": 0.9224554808754415, "(10, 14)": 0.9339801322144051, "(10, 15)": 0.9306494734312385, "(10, 16)": 0.9689543744386571, "(10, 17)": 0.864822517685542, "(10, 18)": 0.8497738534900102, "(11, 0)": 0.8833055701107578, "(11, 1)": 0.8870356813806859, "(11, 2)": 1, "(11, 3)": 0.8199215629779314, "(11, 4)": 0.9449936549038777, "(11, 5)": 0.8634371937109331, "(11, 6)": 0.8599845210421769, "(11, 7)": 0.888872595955927, "(11, 8)": 0.8838242124339785, "(11, 9)": 0.9756947084088253, "(11, 10)": 0.9734473429246372, "(11, 12)": 0.9607791841291623, "(11, 13)": 0.9363908213840757, "(11, 14)": 0.9433039912612684, "(11, 15)": 0.9365236819414833, "(11, 16)": 0.9825166418929682, "(11, 17)": 0.9497088583185526, "(11, 18)": 0.8978295527467226, "(12, 0)": 0.7373072739745268, "(12, 1)": 0.8037805838368339, "(12, 2)": 1, "(12, 3)": 0.8890945498975197, "(12, 4)": 0.902318102995196, "(12, 5)": 0.8360458132480464, "(12, 6)": 0.8111466178231818, "(12, 7)": 0.827528934667429, "(12, 8)": 0.8186817609884639, "(12, 9)": 0.9685820039231261, "(12, 10)": 0.9569833557389279, "(12, 11)": 0.9406583450072641, "(12, 13)": 0.8810668035005323, "(12, 14)": 0.8753927904034637, "(12, 15)": 0.8823356343593629, "(12, 16)": 0.9550719315532286, "(12, 17)": 0.8765222081644622, "(12, 18)": 0.7979519893793942, "(13, 0)": 0.7687815509703357, "(13, 1)": 0.7638453392176543, "(13, 2)": 1, "(13, 3)": 0.7155904050207011, "(13, 4)": 0.7851302783173951, "(13, 5)": 0.8064834635631086, "(13, 6)": 0.7822396969771923, "(13, 7)": 0.798898260041323, "(13, 8)": 0.7741815608743936, "(13, 9)": 0.8920620296272824, "(13, 10)": 0.8854205063370574, "(13, 11)": 0.8931262935595794, "(13, 12)": 0.900579527899843, "(13, 14)": 0.8602878981449832, "(13, 15)": 0.8045531753708461, "(13, 16)": 0.896602706662317, "(13, 17)": 0.8536058184399632, "(13, 18)": 0.8092412515695208, "(14, 0)": 0.8044699096067004, "(14, 1)": 0.854250581655112, "(14, 2)": 1, "(14, 3)": 0.8044862683760398, "(14, 4)": 0.8985526131209005, "(14, 5)": 0.8622847789011896, "(14, 6)": 0.8568300325347689, "(14, 7)": 0.8511484585033279, "(14, 8)": 0.8435314517766809, "(14, 9)": 0.916415397971952, "(14, 10)": 0.9076479109368114, "(14, 11)": 0.9277603976740008,