{"(0, 1)": 0.6577455288806524, "(0, 2)": 1, "(0, 3)": 0.7134882661198451, "(0, 4)": 0.7139008617645004, "(0, 5)": 0.6567738902101534, "(0, 6)": 0.6609724397469416, "(0, 7)": 0.652004764939979, "(0, 8)": 0.6633794814089955, "(0, 9)": 0.6723416943117668, "(0, 10)": 0.6696888264014835, "(0, 11)": 0.6703585884215997, "(0, 12)": 0.674064723296711, "(0, 13)": 0.6644676545146008, "(0, 14)": 0.6678999048198754, "(0, 15)": 0.679731583438938, "(0, 16)": 0.6740888146382717, "(0, 17)": 0.667065141587116, "(0, 18)": 0.6594977587996633, "(1, 0)": 0.6625173539620097, "(1, 2)": 1, "(1, 3)": 0.7718728639781272, "(1, 4)": 0.7190551353452299, "(1, 5)": 0.7087247645357517, "(1, 6)": 0.699547956526914, "(1, 7)": 0.7387626421698081, "(1, 8)": 0.7432410195290076, "(1, 9)": 0.7784828372350139, "(1, 10)": 0.7658923829282531, "(1, 11)": 0.7732316315590979, "(1, 12)": 0.7828075113471069, "(1, 13)": 0.7390973032908266, "(1, 14)": 0.7624292856523712, "(1, 15)": 0.7461049900166886, "(1, 16)": 0.780312079047425, "(1, 17)": 0.7459507537095731, "(1, 18)": 0.725100426533402, "(2, 0)": 0.0019355940735201749, "(2, 1)": -0.003347380713233372, "(2, 3)": -0.003645477329687896, "(2, 4)": 0.0019899199918861354, "(2, 5)": 0.0015272125152462346, "(2, 6)": 0.0007576650251760464, "(2, 7)": -0.0050646655492196935, "(2, 8)": 0.002268738171472995, "(2, 9)": 0.0021325917909883474, "(2, 10)": -0.0031909078379419586, "(2, 11)": -0.000683823431625763, "(2, 12)": 0.004493309209698926, "(2, 13)": 0.00028003935935672075, "(2, 14)": -0.0015223495260043851, "(2, 15)": 0.0012213315447456852, "(2, 16)": 0.006063455375825089, "(2, 17)": -0.0038333267058858755, "(2, 18)": 0.004078563891523168, "(3, 0)": 0.009786137589172683, "(3, 1)": 0.023045283531870853, "(3, 2)": 1, "(3, 4)": 0.014668834689446908, "(3, 5)": 0.0052520589896031256, "(3, 6)": 0.009577899539314094, "(3, 7)": 0.021624444550792488, "(3, 8)": 0.013968782234903498, "(3, 9)": 0.0017688382322159635, "(3, 10)": 4.738761175671069e-05, "(3, 11)": 0.00892956316195015, "(3, 12)": 0.008614931370191314, "(3, 13)": 0.00938022984574216, "(3, 14)": 0.008012721646271093, "(3, 15)": 0.009646050814392071, "(3, 16)": 0.0016663335598939844, "(3, 17)": 0.00035138388673194854, "(3, 18)": 0.011044773408075081, "(4, 0)": 0.00841555793067339, "(4, 1)": 0.007022712248048291, "(4, 2)": 1, "(4, 3)": 0.028110047846889974, "(4, 5)": 0.04786413245788668, "(4, 6)": 0.044144744947812176, "(4, 7)": 0.056588702363067456, "(4, 8)": 0.04777151075814656, "(4, 9)": 0.0344149926922519, "(4, 10)": 0.02360172218265033, "(4, 11)": 0.02964858910021395, "(4, 12)": 0.0284242952476077, "(4, 13)": 0.03446488324541408, "(4, 14)": 0.03195030372917296, "(4, 15)": 0.015185536960399038, "(4, 16)": 0.02772162590907501, "(4, 17)": 0.01274098033611848, "(4, 18)": 0.019542200506974194, "(5, 0)": 0.745740216489126, "(5, 1)": 0.7853630527749164, "(5, 2)": 1, "(5, 3)": 0.7026657552973343, "(5, 4)": 0.94330343054656, "(5, 6)": 0.9063563761442297, "(5, 7)": 0.8194966240852477, "(5, 8)": 0.8190110732338018, "(5, 9)": 0.8547130834536871, "(5, 10)": 0.8434739665834408, "(5, 11)": 0.8543673581393706, "(5, 12)": 0.8486986835875696, "(5, 13)": 0.8182615787868883, "(5, 14)": 0.8429635572188595, "(5, 15)": 0.820166223973376, "(5, 16)": 0.8584941037789829, "(5, 17)": 0.8161245777812246, "(5, 18)": 0.7838262838519927, "(6, 0)": 0.9702627323847713, "(6, 1)": 0.9812809828532859, "(6, 2)": 1, "(6, 3)": 0.9962975620870358, "(6, 4)": 0.9966287812863495, "(6, 5)": 0.992001074295925, "(6, 7)": 0.9844326673672118, "(6, 8)": 0.9745181385528398, "(6, 9)": 0.9861830123446115, "(6, 10)": 0.98429504299786, "(6, 11)": 0.986500049778192, "(6, 12)": 0.9836428083456334, "(6, 13)": 0.9806879820620873, "(6, 14)": 0.9855624696519338, "(6, 15)": 0.9831790290250825, "(6, 16)": 0.985555231800722, "(6, 17)": 0.9798560625993317, "(6, 18)": 0.9782728285745801, "(7, 0)": 0.7592127022091857, "(7, 1)": 0.8855184712066172, "(7, 2)": 1, "(7, 3)": 0.7129186602870814, "(7, 4)": 0.9974752154250763, "(7, 5)": 0.8428225537121875, "(7, 6)": 0.8497903563036293, "(7, 8)": 0.903679847378307, "(7, 9)": 0.8599267189351374, "(7, 10)": 0.8566124116926654, "(7, 11)": 0.861753055789117, "(7, 12)": 0.8612305877139627, "(7, 13)": 0.8472575078300787, "(7, 14)": 0.8463384579787778, "(7, 15)": 0.8519241365347188, "(7, 16)": 0.8601269897399364, "(7, 17)": 0.8354874166593288, "(7, 18)": 0.8335521995294172, "(8, 0)": 0.9558599077535571, "(8, 1)": 0.9831536346199369, "(8, 2)": 1, "(8, 3)": 0.9954431533378901, "(8, 4)": 0.9957823471476227, "(8, 5)": 0.9807401128640832, "(8, 6)": 0.9836246594519155, "(8, 7)": 0.986559018680224, "(8, 9)": 0.9811165541636475, "(8, 10)": 0.9829576499161679, "(8, 11)": 0.9824818289322327, "(8, 12)": 0.9776252017848724, "(8, 13)": 0.977474607682775, "(8, 14)": 0.9826101210625365, "(8, 15)": 0.9881104400290484, "(8, 16)": 0.9803549555410587, "(8, 17)": 0.9843441940419053, "(8, 18)": 0.9830114378316188, "(9, 0)": 0.9365584131208363, "(9, 1)": 0.9497782959178638, "(9, 2)": 1, "(9, 3)": 0.9954431533378901, "(9, 4)": 0.9959939556823044, "(9, 5)": 0.9599017250116624, "(9, 6)": 0.9633990887843322, "(9, 7)": 0.9559041532669559, "(9, 8)": 0.951230573971569, "(9, 10)": 0.9908351192089381, "(9, 11)": 0.9894014651828301, "(9, 12)": 0.9940331325136748, "(9, 13)": 0.9675025938331769, "(9, 14)": 0.9752035310814542, "(9, 15)": 0.9770587414538775, "(9, 16)": 0.9935841048125637, "(9, 17)": 0.9775447197194205, "(9, 18)": 0.9612349230811654, "(10, 0)": 0.7193554508538997, "(10, 1)": 0.8782585845910992, "(10, 2)": 1, "(10, 3)": 0.8262702210070632, "(10, 4)": 0.9349591913005977, "(10, 5)": 0.8578266669695664, "(10, 6)": 0.8214064302028785, "(10, 7)": 0.8805889711307666, "(10, 8)": 0.8490833374942126, "(10, 9)": 0.9775201123106464, "(10, 11)": 0.963436116616989, "(10, 12)": 0.9731170993237412, "(10, 13)": 0.9236387339744849, "(10, 14)": 0.93333445829481, "(10, 15)": 0.9298421747346075, "(10, 16)": 0.968175291412761, "(10, 17)": 0.8656143727696227, "(10, 18)": 0.847225539724421, "(11, 0)": 0.8845186964889402, "(11, 1)": 0.8875916938057603, "(11, 2)": 1, "(11, 3)": 0.8313966735019367, "(11, 4)": 0.9392828683876077, "(11, 5)": 0.8615033126425022, "(11, 6)": 0.8621493521051874, "(11, 7)": 0.8878207272219358, "(11, 8)": 0.8849117217735324, "(11, 9)": 0.975386578316179, "(11, 10)": 0.9729193517555015, "(11, 12)": 0.9607555538265344, "(11, 13)": 0.9366554700355929, "(11, 14)": 0.9433979357642668, "(11, 15)": 0.9368742150648445, "(11, 16)": 0.9817054790488701, "(11, 17)": 0.9497525384600772, "(11, 18)": 0.896918589830999, "(12, 0)": 0.7384201491633966, "(12, 1)": 0.8017942698420413, "(12, 2)": 1, "(12, 3)": 0.8846548188653451, "(12, 4)": 0.8948450761044497, "(12, 5)": 0.8361830518994189, "(12, 6)": 0.8131821851905126, "(12, 7)": 0.8216565643474062, "(12, 8)": 0.8191165377697717, "(12, 9)": 0.9689568330509732, "(12, 10)": 0.9553329184405648, "(12, 11)": 0.9409083692767299, "(12, 13)": 0.8802815826112007, "(12, 14)": 0.8740890630636483, "(12, 15)": 0.8809188427882404, "(12, 16)": 0.954591037494307, "(12, 17)": 0.8761866297818329, "(12, 18)": 0.7981545767023734, "(13, 0)": 0.7690004187946441, "(13, 1)": 0.7598497114222957, "(13, 2)": 1, "(13, 3)": 0.7180451127819549, "(13, 4)": 0.790218953578312, "(13, 5)": 0.8047148532614479, "(13, 6)": 0.7822557985302395, "(13, 7)": 0.7976737141958563, "(13, 8)": 0.7743122598332058, "(13, 9)": 0.8929767010705906, "(13, 10)": 0.8849786949794007, "(13, 11)": 0.8923532242105205, "(13, 12)": 0.8975411312031114, "(13, 14)": 0.857100483726094, "(13, 15)": 0.8053541024460409, "(13, 16)": 0.8973996157288128, "(13, 17)": 0.8538895050991613, "(13, 18)": 0.8108233147163066, "(14, 0)": 0.8031369468889524, "(14, 1)": 0.8537089034965213, "(14, 2)": 1, "(14, 3)": 0.8000683526999317, "(14, 4)": 0.8927289907576327, "(14, 5)": 0.8675854497330127, "(14, 6)": 0.8599836549819031, "(14, 7)": 0.8520368737865954, "(14, 8)": 0.8439152507624069, "(14, 9)": 0.915790537728018, "(14, 10)": 0.9069697579030167, "(14, 11)": 0.9288767288778096,