{"(0, 1)": 0.6578303713488203, "(0, 2)": 1, "(0, 3)": 0.7212215946338963, "(0, 4)": 0.7060136640849515, "(0, 5)": 0.6602520280341555, "(0, 6)": 0.6648667800478693, "(0, 7)": 0.6506639652743496, "(0, 8)": 0.6647215028740234, "(0, 9)": 0.672592066563193, "(0, 10)": 0.6739559713647786, "(0, 11)": 0.6754588897651297, "(0, 12)": 0.6754116808718809, "(0, 13)": 0.6610724738098598, "(0, 14)": 0.6635309994177485, "(0, 15)": 0.6873119716265266, "(0, 16)": 0.6706490440425623, "(0, 17)": 0.6687687737884453, "(0, 18)": 0.6595186907956069, "(1, 0)": 0.6671460603204759, "(1, 2)": 1, "(1, 3)": 0.7671996614896838, "(1, 4)": 0.7017032456392686, "(1, 5)": 0.7055564840550443, "(1, 6)": 0.6943811807770968, "(1, 7)": 0.7366661477019706, "(1, 8)": 0.7403219157095909, "(1, 9)": 0.7761137321513256, "(1, 10)": 0.7659145065778159, "(1, 11)": 0.7709308013224446, "(1, 12)": 0.7839754357932254, "(1, 13)": 0.7401470188546329, "(1, 14)": 0.7599089652548826, "(1, 15)": 0.742994799429558, "(1, 16)": 0.7788343024818853, "(1, 17)": 0.7415961185928779, "(1, 18)": 0.731303620013152, "(2, 0)": 0.0017199202056670249, "(2, 1)": -0.0030424462394700313, "(2, 3)": 0.006670055618794524, "(2, 4)": -0.0018864998696566104, "(2, 5)": 7.642830600707029e-05, "(2, 6)": 0.004606690148427628, "(2, 7)": 0.0007444751345304645, "(2, 8)": -0.0028686182471808763, "(2, 9)": -0.001731432897739582, "(2, 10)": 0.002817306445881629, "(2, 11)": 0.000981333230892667, "(2, 12)": 0.003883966431267538, "(2, 13)": -0.0038187908671607484, "(2, 14)": 0.001890580158892874, "(2, 15)": 6.1949975790343e-06, "(2, 16)": 0.0015087999851428613, "(2, 17)": -0.003209030832002968, "(2, 18)": -0.0005831946375749464, "(3, 0)": 0.011272746042502724, "(3, 1)": 0.02218396295982228, "(3, 2)": 1, "(3, 4)": 0.013908128372261519, "(3, 5)": 0.005800225803149983, "(3, 6)": 0.009614071082431064, "(3, 7)": 0.02800889328768852, "(3, 8)": 0.014177827903956386, "(3, 9)": 0.0019406672550994486, "(3, 10)": 0.003957293893575797, "(3, 11)": 0.0042904231286686745, "(3, 12)": 0.007198714454289323, "(3, 13)": 0.007102284859604069, "(3, 14)": 0.007556817409419825, "(3, 15)": 0.009107184025316961, "(3, 16)": 0.006202284154825155, "(3, 17)": 0.008342447967144007, "(3, 18)": 0.009627105476287645, "(4, 0)": 0.01623627247271142, "(4, 1)": 0.005986296074873776, "(4, 2)": 1, "(4, 3)": 0.02849508735413664, "(4, 5)": 0.0541496119094067, "(4, 6)": 0.04510926566828599, "(4, 7)": 0.058658761873225496, "(4, 8)": 0.04776868653399402, "(4, 9)": 0.026367940576757842, "(4, 10)": 0.03154753288669976, "(4, 11)": 0.030283922538966723, "(4, 12)": 0.029378906659545345, "(4, 13)": 0.04065414572308601, "(4, 14)": 0.027550988633754603, "(4, 15)": 0.020476697096179386, "(4, 16)": 0.02910435057412719, "(4, 17)": 0.014501521644649462, "(4, 18)": 0.02265804976138419, "(5, 0)": 0.7495747210816159, "(5, 1)": 0.7911687154472071, "(5, 2)": 1, "(5, 3)": 0.7063805730538637, "(5, 4)": 0.941897775449232, "(5, 6)": 0.908876059102024, "(5, 7)": 0.8261416879754047, "(5, 8)": 0.8237607288329719, "(5, 9)": 0.8580401357942795, "(5, 10)": 0.8476324354338698, "(5, 11)": 0.8568780607012119, "(5, 12)": 0.8544894130453698, "(5, 13)": 0.8191827099008835, "(5, 14)": 0.8481899291797599, "(5, 15)": 0.8240525563287181, "(5, 16)": 0.8621129381220087, "(5, 17)": 0.822763960009603, "(5, 18)": 0.7861384556916098, "(6, 0)": 0.9705923745979186, "(6, 1)": 0.9819339408085583, "(6, 2)": 1, "(6, 3)": 0.9962169944992073, "(6, 4)": 0.9966540225967198, "(6, 5)": 0.9921963887543676, "(6, 7)": 0.9840949409164552, "(6, 8)": 0.9757824517371152, "(6, 9)": 0.9852099928827898, "(6, 10)": 0.9847041831565755, "(6, 11)": 0.9861794624225327, "(6, 12)": 0.9833072814501665, "(6, 13)": 0.9810678576293907, "(6, 14)": 0.986008843404181, "(6, 15)": 0.9838967840890549, "(6, 16)": 0.9865288043785032, "(6, 17)": 0.9812526646467051, "(6, 18)": 0.9785031926415738, "(7, 0)": 0.7565189596288509, "(7, 1)": 0.8877530796647058, "(7, 2)": 1, "(7, 3)": 0.7183115904025174, "(7, 4)": 0.9974899958356126, "(7, 5)": 0.843212949877501, "(7, 6)": 0.8493860980997066, "(7, 8)": 0.9053844772640973, "(7, 9)": 0.8589407865793652, "(7, 10)": 0.8520765281236997, "(7, 11)": 0.8641966942807836, "(7, 12)": 0.8593630671021719, "(7, 13)": 0.8489792788875682, "(7, 14)": 0.8494381887599209, "(7, 15)": 0.8538251403578834, "(7, 16)": 0.8593719609389704, "(7, 17)": 0.8380373648349556, "(7, 18)": 0.8388268424943117, "(8, 0)": 0.9541404161026519, "(8, 1)": 0.9833928794525941, "(8, 2)": 1, "(8, 3)": 0.9953439932297937, "(8, 4)": 0.9958180493578268, "(8, 5)": 0.9796849616889518, "(8, 6)": 0.9831101146466733, "(8, 7)": 0.986996483618508, "(8, 9)": 0.9815246754181834, "(8, 10)": 0.9836701044622033, "(8, 11)": 0.9824264020706014, "(8, 12)": 0.979405209803906, "(8, 13)": 0.9792877477747354, "(8, 14)": 0.9815440529642183, "(8, 15)": 0.9883015539784393, "(8, 16)": 0.9810007004972131, "(8, 17)": 0.983384744761388, "(8, 18)": 0.9821676636946156, "(9, 0)": 0.9325800269338386, "(9, 1)": 0.9493112449929565, "(9, 2)": 1, "(9, 3)": 0.9953439932297937, "(9, 4)": 0.99602704266755, "(9, 5)": 0.9584840742627398, "(9, 6)": 0.9638567541760208, "(9, 7)": 0.9541966179617288, "(9, 8)": 0.9480825957096962, "(9, 10)": 0.990919510156124, "(9, 11)": 0.9891243322437044, "(9, 12)": 0.9934838229131855, "(9, 13)": 0.967592418845994, "(9, 14)": 0.9752245971403253, "(9, 15)": 0.9774112038218973, "(9, 16)": 0.9936101757229256, "(9, 17)": 0.9772970846890984, "(9, 18)": 0.9605939406321362, "(10, 0)": 0.7166781194679654, "(10, 1)": 0.880279927832472, "(10, 2)": 1, "(10, 3)": 0.8268547482329522, "(10, 4)": 0.9396890288326137, "(10, 5)": 0.8576658160712951, "(10, 6)": 0.8203170176572374, "(10, 7)": 0.8790807662476143, "(10, 8)": 0.8482386535721597, "(10, 9)": 0.9774174189357288, "(10, 11)": 0.9634361716213699, "(10, 12)": 0.9731157964554406, "(10, 13)": 0.9225050689824269, "(10, 14)": 0.9342906552583724, "(10, 15)": 0.9301047733328365, "(10, 16)": 0.9683729984756944, "(10, 17)": 0.8648104076943609, "(10, 18)": 0.850034938791425, "(11, 0)": 0.8815756203436496, "(11, 1)": 0.8883965029076578, "(11, 2)": 1, "(11, 3)": 0.8288917511949175, "(11, 4)": 0.9479585814312059, "(11, 5)": 0.8664001106755788, "(11, 6)": 0.8591513889637378, "(11, 7)": 0.8895350494664697, "(11, 8)": 0.8838801706059912, "(11, 9)": 0.974722396920542, "(11, 10)": 0.9737898473465302, "(11, 12)": 0.9599048240087967, "(11, 13)": 0.9357156248333349, "(11, 14)": 0.942877641724921, "(11, 15)": 0.9363639528094371, "(11, 16)": 0.9814634124540601, "(11, 17)": 0.9487178150361903, "(11, 18)": 0.8962789248763074, "(12, 0)": 0.7376122540350594, "(12, 1)": 0.8081309085303032, "(12, 2)": 1, "(12, 3)": 0.8882558375150482, "(12, 4)": 0.897382200478183, "(12, 5)": 0.8317147675677599, "(12, 6)": 0.8098611462422185, "(12, 7)": 0.8276847517016674, "(12, 8)": 0.8151084911550323, "(12, 9)": 0.9695348900644452, "(12, 10)": 0.9560410221336754, "(12, 11)": 0.9411429079450462, "(12, 13)": 0.8818051774764867, "(12, 14)": 0.8749745641919437, "(12, 15)": 0.8844766710593658, "(12, 16)": 0.9547616500598207, "(12, 17)": 0.8770533645032933, "(12, 18)": 0.8041755576064032, "(13, 0)": 0.7627091141457287, "(13, 1)": 0.7623384123650219, "(13, 2)": 1, "(13, 3)": 0.7052165713613121, "(13, 4)": 0.7824080143557738, "(13, 5)": 0.8072207892507798, "(13, 6)": 0.7841367694919487, "(13, 7)": 0.800593550369743, "(13, 8)": 0.7765077930221924, "(13, 9)": 0.8923798193213913, "(13, 10)": 0.8860005980587125, "(13, 11)": 0.8978255992133546, "(13, 12)": 0.9000041477762385, "(13, 14)": 0.8574765923652914, "(13, 15)": 0.8052834478623732, "(13, 16)": 0.8970595381608772, "(13, 17)": 0.8551494325096973, "(13, 18)": 0.8115710386431967, "(14, 0)": 0.8065675535286232, "(14, 1)": 0.8578723728549541, "(14, 2)": 1, "(14, 3)": 0.8105587245372302, "(14, 4)": 0.9032340131504335, "(14, 5)": 0.8692937566324828, "(14, 6)": 0.8621009947263971, "(14, 7)": 0.8556412417336813, "(14, 8)": 0.842841339989219, "(14, 9)": 0.9187287040991061, "(14, 10)": 0.9099641536123106, "(14, 11)": 0.9299060237681503,