{"(0, 1)": 0.6611267097062399, "(0, 2)": 1, "(0, 3)": 0.7159664333802384, "(0, 4)": 0.7141885327964058, "(0, 5)": 0.6581577537444723, "(0, 6)": 0.661129602522657, "(0, 7)": 0.6519554279732803, "(0, 8)": 0.6621667777492135, "(0, 9)": 0.6729652574496485, "(0, 10)": 0.6705053360812013, "(0, 11)": 0.6752083039167694, "(0, 12)": 0.6690916683173471, "(0, 13)": 0.6631718854933402, "(0, 14)": 0.6703439838782687, "(0, 15)": 0.6901564072885451, "(0, 16)": 0.6718832780108943, "(0, 17)": 0.6692398743475785, "(0, 18)": 0.6675337938107726, "(1, 0)": 0.6680741749515362, "(1, 2)": 1, "(1, 3)": 0.7612387886688704, "(1, 4)": 0.7015424553402622, "(1, 5)": 0.709368051791385, "(1, 6)": 0.6995865756886053, "(1, 7)": 0.7402870009399714, "(1, 8)": 0.7471915015967262, "(1, 9)": 0.7772822223388115, "(1, 10)": 0.7690863937246171, "(1, 11)": 0.7731701054134323, "(1, 12)": 0.7865233534301125, "(1, 13)": 0.7414248674362003, "(1, 14)": 0.7649954913069898, "(1, 15)": 0.7418363845339422, "(1, 16)": 0.7785624447223375, "(1, 17)": 0.7435313238241785, "(1, 18)": 0.7317494692482784, "(2, 0)": 0.00012668235966772912, "(2, 1)": -0.0036970243405121117, "(2, 3)": -0.0037775080237463232, "(2, 4)": 0.0037480336759674326, "(2, 5)": -0.0005431059813318928, "(2, 6)": -0.0022674791798449334, "(2, 7)": -0.0036560749305998286, "(2, 8)": -0.0023376789083571214, "(2, 9)": -8.428238215718586e-05, "(2, 10)": 0.0009531002908814701, "(2, 11)": -0.004475446878766887, "(2, 12)": -0.00715373401473296, "(2, 13)": 0.0006402068987818588, "(2, 14)": 0.002089494681418058, "(2, 15)": -0.0029088610179395236, "(2, 16)": -0.0027280911325699986, "(2, 17)": -0.0007191999798807913, "(2, 18)": 0.0004943244565946969, "(3, 0)": 0.007162912564111834, "(3, 1)": 0.018517520285180167, "(3, 2)": 1, "(3, 4)": 0.004126155593260794, "(3, 5)": 0.0044111042634746855, "(3, 6)": 0.01193267933032538, "(3, 7)": 0.027092521131437564, "(3, 8)": 0.010751083901723746, "(3, 9)": -0.0027961968628404943, "(3, 10)": -0.0003848630311871215, "(3, 11)": 0.0018724359555826187, "(3, 12)": 0.006584631216369541, "(3, 13)": 0.002486550879148508, "(3, 14)": 0.01022363039167351, "(3, 15)": 0.013432383498398814, "(3, 16)": 0.005822985316984219, "(3, 17)": 0.004193522265979133, "(3, 18)": 0.01374264825380389, "(4, 0)": 0.00808737433544926, "(4, 1)": 0.00022225172755829803, "(4, 2)": 1, "(4, 3)": 0.023184053883814726, "(4, 5)": 0.050746475761462295, "(4, 6)": 0.044473028369735323, "(4, 7)": 0.06265663943312083, "(4, 8)": 0.04901242193345057, "(4, 9)": 0.03261248261190053, "(4, 10)": 0.034134298517650596, "(4, 11)": 0.0339528471875169, "(4, 12)": 0.03153926543812158, "(4, 13)": 0.04081651133717301, "(4, 14)": 0.03461715056449055, "(4, 15)": 0.018594710479921894, "(4, 16)": 0.03018047940381352, "(4, 17)": 0.016752598493248394, "(4, 18)": 0.021952044847482588, "(5, 0)": 0.749403042850878, "(5, 1)": 0.7891950433456725, "(5, 2)": 1, "(5, 3)": 0.7096225364608122, "(5, 4)": 0.9510817049580601, "(5, 6)": 0.9079246202748193, "(5, 7)": 0.8247003227453682, "(5, 8)": 0.8249796367477379, "(5, 9)": 0.8562219406006719, "(5, 10)": 0.844393206234523, "(5, 11)": 0.853724641219298, "(5, 12)": 0.8533155332796502, "(5, 13)": 0.8165196685801239, "(5, 14)": 0.8450099782194902, "(5, 15)": 0.8238622647338851, "(5, 16)": 0.8597548908240995, "(5, 17)": 0.8170485294478915, "(5, 18)": 0.7857114455966265, "(6, 0)": 0.9715478274701934, "(6, 1)": 0.9815558878192057, "(6, 2)": 1, "(6, 3)": 0.9962513336385209, "(6, 4)": 0.9967190764650111, "(6, 5)": 0.9925615749077463, "(6, 7)": 0.985431063042293, "(6, 8)": 0.9760093301893702, "(6, 9)": 0.9855580478828634, "(6, 10)": 0.9858576075174688, "(6, 11)": 0.9868787488914853, "(6, 12)": 0.983591859522059, "(6, 13)": 0.9816973993261578, "(6, 14)": 0.9854890367504021, "(6, 15)": 0.9837553074871028, "(6, 16)": 0.9857756055412019, "(6, 17)": 0.9814580481555053, "(6, 18)": 0.9783602861006875, "(7, 0)": 0.7579341795101253, "(7, 1)": 0.8871998353934217, "(7, 2)": 1, "(7, 3)": 0.7153897154784723, "(7, 4)": 0.9975413714471184, "(7, 5)": 0.8431572699665082, "(7, 6)": 0.8501607832477438, "(7, 8)": 0.9051838339641834, "(7, 9)": 0.8616129694253867, "(7, 10)": 0.8586677729168557, "(7, 11)": 0.8657395998451906, "(7, 12)": 0.8638728817516996, "(7, 13)": 0.8499241168824991, "(7, 14)": 0.8480235249814974, "(7, 15)": 0.8535060801522065, "(7, 16)": 0.8634074558885885, "(7, 17)": 0.8410540723448047, "(7, 18)": 0.8354453556255198, "(8, 0)": 0.9548873868619053, "(8, 1)": 0.9834537042871273, "(8, 2)": 1, "(8, 3)": 0.9953862567858719, "(8, 4)": 0.995896781482904, "(8, 5)": 0.9814038915283092, "(8, 6)": 0.9830418243774929, "(8, 7)": 0.9864013179040797, "(8, 9)": 0.9824397236432938, "(8, 10)": 0.9833760487163835, "(8, 11)": 0.98246834158281, "(8, 12)": 0.9795587747858611, "(8, 13)": 0.9789599107269262, "(8, 14)": 0.9824011242320504, "(8, 15)": 0.9882057747538613, "(8, 16)": 0.981182109040461, "(8, 17)": 0.9842585279987668, "(8, 18)": 0.9831178493425442, "(9, 0)": 0.9351657489900909, "(9, 1)": 0.9469713409689504, "(9, 2)": 1, "(9, 3)": 0.9953862567858719, "(9, 4)": 0.9961023552284307, "(9, 5)": 0.9599032632684469, "(9, 6)": 0.9646948037467316, "(9, 7)": 0.9539889381872018, "(9, 8)": 0.950430680229891, "(9, 10)": 0.990614249679345, "(9, 11)": 0.9894701356051862, "(9, 12)": 0.9937384227119778, "(9, 13)": 0.9664067557469564, "(9, 14)": 0.9749702941024746, "(9, 15)": 0.9768278191182339, "(9, 16)": 0.9936813020617801, "(9, 17)": 0.9774430845634492, "(9, 18)": 0.9616116757685287, "(10, 0)": 0.7155961039564809, "(10, 1)": 0.8787653090384859, "(10, 2)": 1, "(10, 3)": 0.8249661168140149, "(10, 4)": 0.938790234374602, "(10, 5)": 0.8578103946239204, "(10, 6)": 0.8272360235058361, "(10, 7)": 0.8791896160740934, "(10, 8)": 0.8487020377598736, "(10, 9)": 0.9779383967214783, "(10, 11)": 0.9643520534842717, "(10, 12)": 0.9737268835053262, "(10, 13)": 0.924736575449556, "(10, 14)": 0.9342342846283199, "(10, 15)": 0.9320521961537238, "(10, 16)": 0.9694595195175332, "(10, 17)": 0.8671250469158289, "(10, 18)": 0.8530018867243293, "(11, 0)": 0.8826311627136189, "(11, 1)": 0.8871350733702137, "(11, 2)": 1, "(11, 3)": 0.8238126810104829, "(11, 4)": 0.9447089188467291, "(11, 5)": 0.862125947771363, "(11, 6)": 0.859394671804823, "(11, 7)": 0.8892975368590011, "(11, 8)": 0.8833465855128836, "(11, 9)": 0.9754200109837233, "(11, 10)": 0.9729458595874888, "(11, 12)": 0.9610278028844307, "(11, 13)": 0.9359625489707674, "(11, 14)": 0.9427642494370644, "(11, 15)": 0.9372453273935675, "(11, 16)": 0.9817490968717605, "(11, 17)": 0.9489814795195287, "(11, 18)": 0.896376240027062, "(12, 0)": 0.7382342211264904, "(12, 1)": 0.8014135547560342, "(12, 2)": 1, "(12, 3)": 0.8823495480397332, "(12, 4)": 0.902360727268207, "(12, 5)": 0.8357372845386825, "(12, 6)": 0.8115565277535763, "(12, 7)": 0.8264667660853011, "(12, 8)": 0.8200639661512089, "(12, 9)": 0.9693186636695379, "(12, 10)": 0.9565955128913709, "(12, 11)": 0.9426354012671966, "(12, 13)": 0.8828987739667697, "(12, 14)": 0.8768091187516945, "(12, 15)": 0.8862965286620578, "(12, 16)": 0.9549698002733927, "(12, 17)": 0.875242650994305, "(12, 18)": 0.7998950037199644, "(13, 0)": 0.7691290017368353, "(13, 1)": 0.7578658637703877, "(13, 2)": 1, "(13, 3)": 0.7220219713487815, "(13, 4)": 0.7937868542824803, "(13, 5)": 0.8072195544676596, "(13, 6)": 0.7810666600563605, "(13, 7)": 0.7990462642308702, "(13, 8)": 0.776055533363162, "(13, 9)": 0.8938138914972291, "(13, 10)": 0.8855826965357677, "(13, 11)": 0.8940952277456778, "(13, 12)": 0.9001747095699791, "(13, 14)": 0.8582387729660558, "(13, 15)": 0.8031915875908523, "(13, 16)": 0.8967022905934297, "(13, 17)": 0.8535311184117295, "(13, 18)": 0.8106187870568529, "(14, 0)": 0.8059220134630417, "(14, 1)": 0.8549317282260207, "(14, 2)": 1, "(14, 3)": 0.8039159133995555, "(14, 4)": 0.9003049898129389, "(14, 5)": 0.868112674501188, "(14, 6)": 0.8601775394356238, "(14, 7)": 0.853436986746761, "(14, 8)": 0.8417790130090149, "(14, 9)": 0.9190210526527587, "(14, 10)": 0.9083828984962473, "(14, 11)": 0.9295167675082027,