{"(0, 1)": 0.4190544519395448, "(0, 2)": 0.4687500455987157, "(0, 3)": 0.4004991567527886, "(0, 4)": 0.3918797668366981, "(0, 5)": 0.37917961279822077, "(0, 6)": 0.3665162598386922, "(0, 7)": 0.36003891929251497, "(0, 8)": 0.38758325527729576, "(0, 9)": 0.36083588442701287, "(0, 10)": 0.49337261573374924, "(1, 0)": 0.1741534323672579, "(1, 2)": 0.025331805230294213, "(1, 3)": 0.036932686342914134, "(1, 4)": 0.039305787822343285, "(1, 5)": 0.0276607574629002, "(1, 6)": 0.037072506049244836, "(1, 7)": 0.029384736877936968, "(1, 8)": 0.03948505255803991, "(1, 9)": 0.026613828062293732, "(1, 10)": 0.06805039356843468, "(2, 0)": 0.46838730881409385, "(2, 1)": 0.3803500254020984, "(2, 3)": 0.38661841176148215, "(2, 4)": 0.4031078978316799, "(2, 5)": 0.3913852529808053, "(2, 6)": 0.3745360370400347, "(2, 7)": 0.3772804888690475, "(2, 8)": 0.3991670716192206, "(2, 9)": 0.36857030138973, "(2, 10)": 0.38682828911672573, "(3, 0)": 0.39002229549138623, "(3, 1)": 0.3300116888232899, "(3, 2)": 0.3373049294162952, "(3, 4)": 0.54071089876154, "(3, 5)": 0.5701243348138512, "(3, 6)": 0.41512722464396423, "(3, 7)": 0.5139015752817174, "(3, 8)": 0.5564116085713564, "(3, 9)": 0.45873669659738225, "(3, 10)": 0.3593413370144046, "(4, 0)": 0.4727103536429297, "(4, 1)": 0.2926460402266591, "(4, 2)": 0.3218057425163121, "(4, 3)": 0.4916210229446861, "(4, 5)": 0.7773899099362296, "(4, 6)": 0.5402961217616011, "(4, 7)": 0.7732391103796568, "(4, 8)": 0.8546370160684595, "(4, 9)": 0.4882708378227161, "(4, 10)": 0.3362721486742144, "(5, 0)": 0.21525104514941384, "(5, 1)": 0.05293321454332145, "(5, 2)": 0.10493993922135603, "(5, 3)": 0.3959994862051084, "(5, 4)": 0.7401817657876818, "(5, 6)": 0.40662701825629144, "(5, 7)": 0.7155012586013674, "(5, 8)": 0.7968581134363076, "(5, 9)": 0.39395594884387697, "(5, 10)": 0.17724297817157053, "(6, 0)": 0.1542258998569913, "(6, 1)": 0.09926064081230257, "(6, 2)": 0.07921175121070145, "(6, 3)": 0.19679423083342706, "(6, 4)": 0.3572327711348108, "(6, 5)": 0.3312740346915656, "(6, 7)": 0.36054785578214144, "(6, 8)": 0.3715582570495368, "(6, 9)": 0.13501056767570474, "(6, 10)": 0.09509962318718013, "(7, 0)": 0.3047139955912158, "(7, 1)": 0.18068978758226084, "(7, 2)": 0.18367471029041627, "(7, 3)": 0.4038763204644851, "(7, 4)": 0.7524271339803015, "(7, 5)": 0.7674852061779132, "(7, 6)": 0.48946610550747893, "(7, 8)": 0.8098786612143927, "(7, 9)": 0.4583998562553032, "(7, 10)": 0.2597845103260633, "(8, 0)": 0.36431400177921447, "(8, 1)": 0.16683911491407688, "(8, 2)": 0.17913541179807613, "(8, 3)": 0.42228347801385835, "(8, 4)": 0.8315379640293383, "(8, 5)": 0.8032413735718549, "(8, 6)": 0.48103770092450815, "(8, 7)": 0.7961536055839648, "(8, 9)": 0.4193658400953828, "(8, 10)": 0.18871805876891612, "(9, 0)": 0.4033933514898128, "(9, 1)": 0.37801669027291085, "(9, 2)": 0.3824940830599809, "(9, 3)": 0.4955149080570782, "(9, 4)": 0.5593729791901381, "(9, 5)": 0.5917612282113413, "(9, 6)": 0.42311308305512374, "(9, 7)": 0.57592957034581, "(9, 8)": 0.5804902834494972, "(9, 10)": 0.41858477785653325, "(10, 0)": 0.5002396084334848, "(10, 1)": 0.38225546015409595, "(10, 2)": 0.36801543849656193, "(10, 3)": 0.37546700783025666, "(10, 4)": 0.41656202150917, "(10, 5)": 0.40637551218924217, "(10, 6)": 0.3787712291008123, "(10, 7)": 0.40026306691872127, "(10, 8)": 0.4047028256788662, "(10, 9)": 0.40784412750184484}