{"(0, 1)": 0.42177752338677954, "(0, 2)": 0.46374305278677486, "(0, 3)": 0.40139037176509695, "(0, 4)": 0.3947297393333856, "(0, 5)": 0.37777716041311127, "(0, 6)": 0.3693742246318662, "(0, 7)": 0.36130169339806373, "(0, 8)": 0.3864375307128436, "(0, 9)": 0.3611497973815001, "(0, 10)": 0.4830922602272162, "(1, 0)": 0.17534830866073214, "(1, 2)": 0.031228853029861448, "(1, 3)": 0.0335658068443051, "(1, 4)": 0.03274786332942636, "(1, 5)": 0.0319750050551576, "(1, 6)": 0.03688836610771429, "(1, 7)": 0.02830308276733684, "(1, 8)": 0.036014703453271846, "(1, 9)": 0.022196600546663947, "(1, 10)": 0.06963209849556518, "(2, 0)": 0.47611331307481075, "(2, 1)": 0.38005794435772244, "(2, 3)": 0.3871012999204547, "(2, 4)": 0.4023489568574562, "(2, 5)": 0.3964350360978761, "(2, 6)": 0.3785856092348364, "(2, 7)": 0.3796945106408608, "(2, 8)": 0.3973428388383443, "(2, 9)": 0.37368581504703036, "(2, 10)": 0.38193343534384416, "(3, 0)": 0.39895490050471505, "(3, 1)": 0.3376496973068074, "(3, 2)": 0.34301653914329067, "(3, 4)": 0.5464044258272982, "(3, 5)": 0.57540296409806, "(3, 6)": 0.41765525619825783, "(3, 7)": 0.5147880892653475, "(3, 8)": 0.5634118286318026, "(3, 9)": 0.4686833234242114, "(3, 10)": 0.3633401778219971, "(4, 0)": 0.4685788399921791, "(4, 1)": 0.29673840111839767, "(4, 2)": 0.3219550540360644, "(4, 3)": 0.49029902999956976, "(4, 5)": 0.7785436567878197, "(4, 6)": 0.5371497373981116, "(4, 7)": 0.769427237991882, "(4, 8)": 0.8517835809348142, "(4, 9)": 0.4899580599014327, "(4, 10)": 0.3354800939032708, "(5, 0)": 0.218918948504514, "(5, 1)": 0.05157118652278447, "(5, 2)": 0.10533218755443485, "(5, 3)": 0.3990665573322172, "(5, 4)": 0.7432084896892879, "(5, 6)": 0.40855315313849017, "(5, 7)": 0.7137536069979957, "(5, 8)": 0.7983818803511165, "(5, 9)": 0.39888511281320804, "(5, 10)": 0.17992354853651082, "(6, 0)": 0.1545885036685235, "(6, 1)": 0.0987102158062162, "(6, 2)": 0.07709672075636353, "(6, 3)": 0.20155810572136357, "(6, 4)": 0.34842119350557477, "(6, 5)": 0.32997167479814704, "(6, 7)": 0.35582259674676664, "(6, 8)": 0.36763453851063865, "(6, 9)": 0.13268461886354255, "(6, 10)": 0.09385522358782106, "(7, 0)": 0.30398897492735844, "(7, 1)": 0.18077732329689244, "(7, 2)": 0.17820088752564556, "(7, 3)": 0.41082501655463166, "(7, 4)": 0.7493545080498362, "(7, 5)": 0.766165307003072, "(7, 6)": 0.48941888241111897, "(7, 8)": 0.8075641183480498, "(7, 9)": 0.4585591839666284, "(7, 10)": 0.2631541868220634, "(8, 0)": 0.3622428510487622, "(8, 1)": 0.15684191909838563, "(8, 2)": 0.18001692368718647, "(8, 3)": 0.4237170030223948, "(8, 4)": 0.8301412385420024, "(8, 5)": 0.803269042700505, "(8, 6)": 0.48236914358746397, "(8, 7)": 0.7922122127577442, "(8, 9)": 0.41746338592050414, "(8, 10)": 0.1864027828821727, "(9, 0)": 0.4031718015181258, "(9, 1)": 0.3850891894670807, "(9, 2)": 0.37777404343206855, "(9, 3)": 0.49695400122057887, "(9, 4)": 0.5597472639291929, "(9, 5)": 0.5910807420526315, "(9, 6)": 0.43021248324256944, "(9, 7)": 0.5797318147570107, "(9, 8)": 0.5805823166399795, "(9, 10)": 0.41906092046647125, "(10, 0)": 0.5053525340548184, "(10, 1)": 0.380929111398533, "(10, 2)": 0.37242687704312616, "(10, 3)": 0.3818221620979726, "(10, 4)": 0.4160388844397718, "(10, 5)": 0.4064283050150119, "(10, 6)": 0.3740611757495923, "(10, 7)": 0.4011200584793019, "(10, 8)": 0.4046861716931466, "(10, 9)": 0.40883546778416435}