{"(0, 1)": 0.42273298244421476, "(0, 2)": 0.46333408754292194, "(0, 3)": 0.3971831856107577, "(0, 4)": 0.3946737693582053, "(0, 5)": 0.3776728869337781, "(0, 6)": 0.3675066193511818, "(0, 7)": 0.3577961440322649, "(0, 8)": 0.3854695937299628, "(0, 9)": 0.3609800288454237, "(0, 10)": 0.4885229944622046, "(1, 0)": 0.1784824205122535, "(1, 2)": 0.029461413588469876, "(1, 3)": 0.03599620366148282, "(1, 4)": 0.03680626603744064, "(1, 5)": 0.027857778777996223, "(1, 6)": 0.042275546397792185, "(1, 7)": 0.03081259779674439, "(1, 8)": 0.03311573513284516, "(1, 9)": 0.025520012854859164, "(1, 10)": 0.06746416079565276, "(2, 0)": 0.47173745018655466, "(2, 1)": 0.3784296666155401, "(2, 3)": 0.3793791204751642, "(2, 4)": 0.40677353339393296, "(2, 5)": 0.39607874222599204, "(2, 6)": 0.3768600356431082, "(2, 7)": 0.37717251531027063, "(2, 8)": 0.39959516892056635, "(2, 9)": 0.365470679257729, "(2, 10)": 0.38314575895142755, "(3, 0)": 0.39442329560083333, "(3, 1)": 0.33339478459256844, "(3, 2)": 0.3372488392914177, "(3, 4)": 0.5408842899408783, "(3, 5)": 0.5725375946961532, "(3, 6)": 0.41945176616406776, "(3, 7)": 0.5156029296174565, "(3, 8)": 0.560634495714723, "(3, 9)": 0.46430894230050546, "(3, 10)": 0.36461998429226106, "(4, 0)": 0.47028961048879203, "(4, 1)": 0.30204582099413135, "(4, 2)": 0.31923213118234883, "(4, 3)": 0.487137728022379, "(4, 5)": 0.7747547649377816, "(4, 6)": 0.5406778873989504, "(4, 7)": 0.7721481954817727, "(4, 8)": 0.8538806262270198, "(4, 9)": 0.49211076203640614, "(4, 10)": 0.3329265493959339, "(5, 0)": 0.2186940055607659, "(5, 1)": 0.05274569774045257, "(5, 2)": 0.1007656950098601, "(5, 3)": 0.3904836424865449, "(5, 4)": 0.7438213843904281, "(5, 6)": 0.4115095574822829, "(5, 7)": 0.7117229913296033, "(5, 8)": 0.797518632761554, "(5, 9)": 0.3916584241308635, "(5, 10)": 0.1871803564143456, "(6, 0)": 0.15349187448978752, "(6, 1)": 0.10107482142136703, "(6, 2)": 0.07683744511856017, "(6, 3)": 0.19978349722966038, "(6, 4)": 0.35595925324299205, "(6, 5)": 0.3300934156546498, "(6, 7)": 0.35673557250636734, "(6, 8)": 0.369750397714231, "(6, 9)": 0.135967380565991, "(6, 10)": 0.0922530798852933, "(7, 0)": 0.3095824292047472, "(7, 1)": 0.18560866679747035, "(7, 2)": 0.186657009088672, "(7, 3)": 0.40460227868386966, "(7, 4)": 0.7523711542327944, "(7, 5)": 0.7693458278269154, "(7, 6)": 0.4919209459179994, "(7, 8)": 0.8100929982999783, "(7, 9)": 0.4580990241350008, "(7, 10)": 0.2579804914646556, "(8, 0)": 0.3642815383331608, "(8, 1)": 0.16492267306851593, "(8, 2)": 0.17627499189761875, "(8, 3)": 0.4236009929346217, "(8, 4)": 0.8302228011337975, "(8, 5)": 0.8042260426778094, "(8, 6)": 0.480114034249464, "(8, 7)": 0.7970605854080053, "(8, 9)": 0.4246401333133166, "(8, 10)": 0.19247026925198618, "(9, 0)": 0.4031968480610879, "(9, 1)": 0.3794057658353116, "(9, 2)": 0.38124099002080203, "(9, 3)": 0.4940580807309104, "(9, 4)": 0.5622626356123959, "(9, 5)": 0.5933699297803953, "(9, 6)": 0.4304147967222143, "(9, 7)": 0.579775996589819, "(9, 8)": 0.5825146142536345, "(9, 10)": 0.42167206283045355, "(10, 0)": 0.4985983465828979, "(10, 1)": 0.375751552745602, "(10, 2)": 0.36780392699742337, "(10, 3)": 0.3764383250840132, "(10, 4)": 0.4101950666380718, "(10, 5)": 0.40401171097948196, "(10, 6)": 0.370008680398071, "(10, 7)": 0.3974042879380303, "(10, 8)": 0.40009779532405176, "(10, 9)": 0.4028623945698525}