{"(0, 1)": 0.4241156453014743, "(0, 2)": 0.4668431530317335, "(0, 3)": 0.3987499992512098, "(0, 4)": 0.394031895854132, "(0, 5)": 0.3816143944580501, "(0, 6)": 0.36521440538875716, "(0, 7)": 0.36067011669445237, "(0, 8)": 0.3850883936728495, "(0, 9)": 0.3608709435404702, "(0, 10)": 0.4868011273698444, "(1, 0)": 0.18034070547697612, "(1, 2)": 0.027537277329482857, "(1, 3)": 0.03689367857556325, "(1, 4)": 0.03695771695890193, "(1, 5)": 0.028971993601273227, "(1, 6)": 0.03696008479569601, "(1, 7)": 0.031356018622007986, "(1, 8)": 0.03760347924649632, "(1, 9)": 0.024272161131311587, "(1, 10)": 0.07451650806456889, "(2, 0)": 0.4702819623102572, "(2, 1)": 0.3816291310575185, "(2, 3)": 0.37928655707608583, "(2, 4)": 0.40578992504823663, "(2, 5)": 0.39396736876248883, "(2, 6)": 0.3744761972351104, "(2, 7)": 0.3784478963918796, "(2, 8)": 0.3990933307874056, "(2, 9)": 0.36964904465132997, "(2, 10)": 0.37803346698767115, "(3, 0)": 0.39669646533488034, "(3, 1)": 0.33537484218442737, "(3, 2)": 0.34165490842780577, "(3, 4)": 0.5389604082986774, "(3, 5)": 0.5694198166530231, "(3, 6)": 0.4190901969990478, "(3, 7)": 0.516534305233949, "(3, 8)": 0.5604750927782689, "(3, 9)": 0.4644945110858629, "(3, 10)": 0.36018673035035, "(4, 0)": 0.47042256848743846, "(4, 1)": 0.3020027295200768, "(4, 2)": 0.32216241274897217, "(4, 3)": 0.48360098927747774, "(4, 5)": 0.7754775496848716, "(4, 6)": 0.5439267917193893, "(4, 7)": 0.7723746314876038, "(4, 8)": 0.854795058138904, "(4, 9)": 0.49155809422537955, "(4, 10)": 0.33668214176400446, "(5, 0)": 0.21686071832452447, "(5, 1)": 0.04971810840393964, "(5, 2)": 0.10958105822864528, "(5, 3)": 0.39461235310377574, "(5, 4)": 0.7424653614059548, "(5, 6)": 0.41449351048071903, "(5, 7)": 0.7133104478264267, "(5, 8)": 0.7976189967819255, "(5, 9)": 0.38782718816642336, "(5, 10)": 0.18149771924432245, "(6, 0)": 0.1486619056403392, "(6, 1)": 0.1009609614658108, "(6, 2)": 0.08130552567219007, "(6, 3)": 0.20129236112644266, "(6, 4)": 0.35842056225182883, "(6, 5)": 0.3287769521008763, "(6, 7)": 0.3545005398387172, "(6, 8)": 0.3671540390934874, "(6, 9)": 0.1273888599627192, "(6, 10)": 0.09597905795840922, "(7, 0)": 0.3066214240201113, "(7, 1)": 0.18144796333528113, "(7, 2)": 0.183630408216079, "(7, 3)": 0.4040246527490764, "(7, 4)": 0.7530758680383802, "(7, 5)": 0.7678425774416789, "(7, 6)": 0.49147663851162293, "(7, 8)": 0.8094975486375435, "(7, 9)": 0.4547332404071974, "(7, 10)": 0.26531983987410557, "(8, 0)": 0.36684401941704614, "(8, 1)": 0.16912623036924634, "(8, 2)": 0.19088402724470488, "(8, 3)": 0.4213398918399809, "(8, 4)": 0.8301764902236379, "(8, 5)": 0.8046077478547363, "(8, 6)": 0.48391347493845427, "(8, 7)": 0.7960436118833503, "(8, 9)": 0.4176907467366716, "(8, 10)": 0.1937117345971201, "(9, 0)": 0.40616672630363926, "(9, 1)": 0.3825317768200053, "(9, 2)": 0.3802582334956188, "(9, 3)": 0.4907767250268683, "(9, 4)": 0.5595664924454815, "(9, 5)": 0.5925305238924299, "(9, 6)": 0.42646188063835566, "(9, 7)": 0.5792840025895749, "(9, 8)": 0.5808345238503889, "(9, 10)": 0.4188366288419054, "(10, 0)": 0.5016232235625064, "(10, 1)": 0.38025186074185224, "(10, 2)": 0.37066085768435564, "(10, 3)": 0.3748783480928548, "(10, 4)": 0.4127198811120585, "(10, 5)": 0.40767656207246816, "(10, 6)": 0.3712275094264932, "(10, 7)": 0.39675529917017294, "(10, 8)": 0.40084128133001595, "(10, 9)": 0.40302098908162676}