{"(0, 1)": 0.41911351891617943, "(0, 2)": 0.46283688202835727, "(0, 3)": 0.3992188509429895, "(0, 4)": 0.3909279720732648, "(0, 5)": 0.37733473799112716, "(0, 6)": 0.36766211190374265, "(0, 7)": 0.3636645785317122, "(0, 8)": 0.381987790030377, "(0, 9)": 0.360554780061635, "(0, 10)": 0.4853811839189266, "(1, 0)": 0.17981926820856076, "(1, 2)": 0.037525182252506784, "(1, 3)": 0.042152955789254376, "(1, 4)": 0.03465607991800279, "(1, 5)": 0.026081801179390962, "(1, 6)": 0.03716141245829985, "(1, 7)": 0.03530991097601266, "(1, 8)": 0.034934652891843165, "(1, 9)": 0.027806436028539383, "(1, 10)": 0.06721478145805793, "(2, 0)": 0.46956506316201896, "(2, 1)": 0.3856669824925698, "(2, 3)": 0.3813794623189295, "(2, 4)": 0.407386966717752, "(2, 5)": 0.39408742563493204, "(2, 6)": 0.3758772812622774, "(2, 7)": 0.3763721604328907, "(2, 8)": 0.3960650495545911, "(2, 9)": 0.3683709863467126, "(2, 10)": 0.3805162772592603, "(3, 0)": 0.39697607098927545, "(3, 1)": 0.33119785149425496, "(3, 2)": 0.3423920825394482, "(3, 4)": 0.5408990806863749, "(3, 5)": 0.5715020132997366, "(3, 6)": 0.4169693220608298, "(3, 7)": 0.5133599078960269, "(3, 8)": 0.5602390110551283, "(3, 9)": 0.46312760142246734, "(3, 10)": 0.36882436658105555, "(4, 0)": 0.47029247457312817, "(4, 1)": 0.2954996917640994, "(4, 2)": 0.3142447195953525, "(4, 3)": 0.4902046128434593, "(4, 5)": 0.7760523739151048, "(4, 6)": 0.5376432395927092, "(4, 7)": 0.7726640489838051, "(4, 8)": 0.8540556486162938, "(4, 9)": 0.4844122604618578, "(4, 10)": 0.33035121699506154, "(5, 0)": 0.2135699915352286, "(5, 1)": 0.049911072113900445, "(5, 2)": 0.10437622520006651, "(5, 3)": 0.3886989777643347, "(5, 4)": 0.7409169136460783, "(5, 6)": 0.411196024273063, "(5, 7)": 0.7156477524139508, "(5, 8)": 0.7978786288070205, "(5, 9)": 0.3895545876980565, "(5, 10)": 0.1794398768677331, "(6, 0)": 0.15859970888381236, "(6, 1)": 0.09962625528257141, "(6, 2)": 0.08011953087758472, "(6, 3)": 0.19847043774765427, "(6, 4)": 0.359562082662385, "(6, 5)": 0.33423007012274264, "(6, 7)": 0.3595446029405561, "(6, 8)": 0.37609537511467095, "(6, 9)": 0.13397226896303682, "(6, 10)": 0.09460982223415249, "(7, 0)": 0.30773854677384327, "(7, 1)": 0.1867714995465226, "(7, 2)": 0.18523788268745567, "(7, 3)": 0.4060494926124497, "(7, 4)": 0.7522516427393241, "(7, 5)": 0.7695838506253047, "(7, 6)": 0.49236793282420077, "(7, 8)": 0.8100831960749022, "(7, 9)": 0.45718909243769434, "(7, 10)": 0.2602634701426222, "(8, 0)": 0.361954010277481, "(8, 1)": 0.1680081288871096, "(8, 2)": 0.17887670337041484, "(8, 3)": 0.4236693113371405, "(8, 4)": 0.8297868568424688, "(8, 5)": 0.803593417270279, "(8, 6)": 0.4803256929153277, "(8, 7)": 0.7961588677389185, "(8, 9)": 0.4163124672334877, "(8, 10)": 0.1900839125132635, "(9, 0)": 0.40295876950814935, "(9, 1)": 0.38432513164059423, "(9, 2)": 0.3821027683457635, "(9, 3)": 0.4964811703668608, "(9, 4)": 0.5619770028287243, "(9, 5)": 0.5933727662855734, "(9, 6)": 0.42589410021754803, "(9, 7)": 0.5770435005296939, "(9, 8)": 0.5835767533483713, "(9, 10)": 0.41878327020253925, "(10, 0)": 0.5039632150682625, "(10, 1)": 0.3791308047803278, "(10, 2)": 0.3718221852226299, "(10, 3)": 0.3756092541634638, "(10, 4)": 0.4111970466058049, "(10, 5)": 0.40375182555380307, "(10, 6)": 0.3747752127698648, "(10, 7)": 0.39538845574555037, "(10, 8)": 0.40170524518019257, "(10, 9)": 0.3977655326519086}