{"(0, 1)": 0.23346927442365206, "(0, 2)": 0.5627564589556513, "(1, 0)": 0.23324691352408344, "(1, 2)": 0.20066008048421835, "(2, 0)": 0.5975337204534588, "(2, 1)": 0.2505131099312048}