{"(0, 1)": 0.23569248262776932, "(0, 2)": 0.5633531088620899, "(1, 0)": 0.23328114392104293, "(1, 2)": 0.20581356022816133, "(2, 0)": 0.6000724436649314, "(2, 1)": 0.25127796769162614}