{"(0, 1)": 0.23091031479044832, "(0, 2)": 0.5643044479418755, "(1, 0)": 0.23475084054335082, "(1, 2)": 0.2046017465740575, "(2, 0)": 0.5978469692404584, "(2, 1)": 0.2489181426512287}