{"(0, 1)": 0.2362011987570296, "(0, 2)": 0.564755384876537, "(1, 0)": 0.23303399001017389, "(1, 2)": 0.1988087977081343, "(2, 0)": 0.59669685399822, "(2, 1)": 0.24898866871322778}