{"(0, 1)": 0.23709463898696825, "(0, 2)": 0.5687704063368539, "(1, 0)": 0.2357524178195224, "(1, 2)": 0.2015359846682866, "(2, 0)": 0.5997432295087013, "(2, 1)": 0.2533531421423171}