{"(0, 1)": 0.9952423359111401, "(0, 2)": 0.9961097530168902, "(0, 3)": 0.9964573820134942, "(0, 4)": 0.9941027991412466, "(0, 5)": 0.9957787583708136, "(1, 0)": 0.9953802601578189, "(1, 2)": 0.9944518892827166, "(1, 3)": 0.9938092089581069, "(1, 4)": 0.9942419810859899, "(1, 5)": 0.9948672375868823, "(2, 0)": 0.9406802455069057, "(2, 1)": 0.9200184621607795, "(2, 3)": 0.9300428974471072, "(2, 4)": 0.9217670270592575, "(2, 5)": 0.9239115480944922, "(3, 0)": 0.9419020374211459, "(3, 1)": 0.8997185159325716, "(3, 2)": 0.9380293189892862, "(3, 4)": 0.9027554622070353, "(3, 5)": 0.920943106962673, "(4, 0)": 0.9943767500685435, "(4, 1)": 0.9937793042050328, "(4, 2)": 0.9943849229601481, "(4, 3)": 0.9945797869580714, "(4, 5)": 0.9945555104095123, "(5, 0)": 0.9956090933229644, "(5, 1)": 0.9944392089368995, "(5, 2)": 0.995867307169638, "(5, 3)": 0.9952675818428046, "(5, 4)": 0.994393556625813}