{"(0, 1)": 0.9952541036363869, "(0, 2)": 0.9961032784122352, "(0, 3)": 0.9964594443526009, "(0, 4)": 0.994117206016139, "(0, 5)": 0.9957716478005231, "(1, 0)": 0.9953679573986325, "(1, 2)": 0.9944282064424077, "(1, 3)": 0.9938183419822656, "(1, 4)": 0.9942611492067593, "(1, 5)": 0.9948527755392321, "(2, 0)": 0.939555320316956, "(2, 1)": 0.9198458679428796, "(2, 3)": 0.9275974584026743, "(2, 4)": 0.9199149538422915, "(2, 5)": 0.9226434875737244, "(3, 0)": 0.9433631571472381, "(3, 1)": 0.9037657262520693, "(3, 2)": 0.9377088267829751, "(3, 4)": 0.9026601570089973, "(3, 5)": 0.9208049618726842, "(4, 0)": 0.9943624883485671, "(4, 1)": 0.993797481713605, "(4, 2)": 0.9943686681148015, "(4, 3)": 0.9945856543506103, "(4, 5)": 0.9945459763994877, "(5, 0)": 0.9955952432820683, "(5, 1)": 0.9944548107788378, "(5, 2)": 0.9958512634822211, "(5, 3)": 0.9952711300651897, "(5, 4)": 0.9944117210680061}