{"(0, 1)": 0.9952335784593138, "(0, 2)": 0.9961129613859712, "(0, 3)": 0.9964601314792211, "(0, 4)": 0.9941231310505365, "(0, 5)": 0.9957689271212294, "(1, 0)": 0.9953664832930041, "(1, 2)": 0.9944528562690174, "(1, 3)": 0.9938192176302464, "(1, 4)": 0.9942649011866518, "(1, 5)": 0.9948505111693833, "(2, 0)": 0.9416457872000813, "(2, 1)": 0.9210047656734779, "(2, 3)": 0.9300489241467561, "(2, 4)": 0.9188973719897326, "(2, 5)": 0.9237793875722328, "(3, 0)": 0.9416443364275383, "(3, 1)": 0.902098908739074, "(3, 2)": 0.9370742550007791, "(3, 4)": 0.902113293896377, "(3, 5)": 0.9200777842514929, "(4, 0)": 0.9943595151506804, "(4, 1)": 0.9937684528007986, "(4, 2)": 0.994385765948536, "(4, 3)": 0.9945857193120681, "(4, 5)": 0.9945421805255656, "(5, 0)": 0.9955973217242026, "(5, 1)": 0.9944335779623585, "(5, 2)": 0.9958648795663098, "(5, 3)": 0.9952722121358965, "(5, 4)": 0.9944139782328636}