{"(0, 1)": 0.9952458857560302, "(0, 2)": 0.9961045935332887, "(0, 3)": 0.9964612000137171, "(0, 4)": 0.994137891437055, "(0, 5)": 0.9957780657958217, "(1, 0)": 0.9953764027605609, "(1, 2)": 0.9944396012936302, "(1, 3)": 0.9938224116951611, "(1, 4)": 0.9942790879904821, "(1, 5)": 0.9948616208378682, "(2, 0)": 0.9403426684551162, "(2, 1)": 0.9183554649547481, "(2, 3)": 0.9278649828240499, "(2, 4)": 0.9159446335866718, "(2, 5)": 0.9227539314851317, "(3, 0)": 0.9427817107056684, "(3, 1)": 0.8985604069193152, "(3, 2)": 0.9346100248748278, "(3, 4)": 0.9016947604713583, "(3, 5)": 0.9185286241466243, "(4, 0)": 0.9943720228479763, "(4, 1)": 0.9937846582563373, "(4, 2)": 0.9943753645128597, "(4, 3)": 0.9945870953780868, "(4, 5)": 0.9945593887219526, "(5, 0)": 0.995603010179537, "(5, 1)": 0.99444660282835, "(5, 2)": 0.9958566874180235, "(5, 3)": 0.9952744630105765, "(5, 4)": 0.9944311649249087}