{"(0, 1)": 0.9952538514629485, "(0, 2)": 0.9961003895579986, "(0, 3)": 0.9964545419584785, "(0, 4)": 0.9941261528268893, "(0, 5)": 0.9957777993704457, "(1, 0)": 0.9953703528383, "(1, 2)": 0.9944322310001618, "(1, 3)": 0.9938096153309963, "(1, 4)": 0.994267889944533, "(1, 5)": 0.9948647196521694, "(2, 0)": 0.9411688546365009, "(2, 1)": 0.9200623505282833, "(2, 3)": 0.9274334305263668, "(2, 4)": 0.9181811703651432, "(2, 5)": 0.9244922555055362, "(3, 0)": 0.9402897308760412, "(3, 1)": 0.8997030633280846, "(3, 2)": 0.9361175741623007, "(3, 4)": 0.9002669460237767, "(3, 5)": 0.9218363893877008, "(4, 0)": 0.994362856803044, "(4, 1)": 0.993797343429316, "(4, 2)": 0.9943683022318504, "(4, 3)": 0.9945742843721699, "(4, 5)": 0.9945589553151328, "(5, 0)": 0.9955954231227, "(5, 1)": 0.9944577108954156, "(5, 2)": 0.9958522951723886, "(5, 3)": 0.9952619099823289, "(5, 4)": 0.994420350013854}