{"(0, 1)": 0.9742377086943387, "(0, 2)": 0.9742494465425429, "(0, 3)": 0.9714766308525176, "(1, 0)": 0.9295150608974402, "(1, 2)": 0.9481654709228254, "(1, 3)": 0.9407061170656822, "(2, 0)": 0.9267289454479563, "(2, 1)": 0.9533164756236394, "(2, 3)": 0.9339822181360202, "(3, 0)": 0.83686738718147, "(3, 1)": 0.8747842024846237, "(3, 2)": 0.8664748007061749}