{"(0, 1)": 0.9748943129879816, "(0, 2)": 0.9751566277433662, "(0, 3)": 0.9725718066038035, "(1, 0)": 0.9285633473614735, "(1, 2)": 0.9494234941243286, "(1, 3)": 0.9432264470105698, "(2, 0)": 0.9269136028332765, "(2, 1)": 0.9530422892358807, "(2, 3)": 0.9360909212609232, "(3, 0)": 0.8344715694663333, "(3, 1)": 0.8750303938478711, "(3, 2)": 0.867638887948301}