{"(0, 1)": 0.9742634914920385, "(0, 2)": 0.9747305917086342, "(0, 3)": 0.9715218929660064, "(1, 0)": 0.925201385765002, "(1, 2)": 0.9478461168274174, "(1, 3)": 0.9390365787561239, "(2, 0)": 0.9273509275855054, "(2, 1)": 0.9525022896157141, "(2, 3)": 0.9364898432894073, "(3, 0)": 0.8360311757303931, "(3, 1)": 0.8731190024116259, "(3, 2)": 0.8640510937108316}