{"(0, 1)": 0.9746241718128834, "(0, 2)": 0.9747602337321771, "(0, 3)": 0.9721318707594971, "(1, 0)": 0.9276886342914763, "(1, 2)": 0.9486390671971414, "(1, 3)": 0.9397909139601097, "(2, 0)": 0.9275063665932557, "(2, 1)": 0.9521854882356559, "(2, 3)": 0.9353204705410858, "(3, 0)": 0.8310136489116775, "(3, 1)": 0.8732094115811881, "(3, 2)": 0.8643333953401091}