{"(0, 1)": 0.9744782886298695, "(0, 2)": 0.9746789256651264, "(0, 3)": 0.9716280090368572, "(1, 0)": 0.9277524371812285, "(1, 2)": 0.9488143957399231, "(1, 3)": 0.9402153167978471, "(2, 0)": 0.9280078989583769, "(2, 1)": 0.953141154387921, "(2, 3)": 0.9363744850966054, "(3, 0)": 0.8349022772662253, "(3, 1)": 0.8748063320806106, "(3, 2)": 0.8670137645566158}