{"(0, 1)": 0.8489167283146346, "(0, 2)": 0.6048841026967922, "(0, 3)": 0.8041505527261863, "(0, 4)": 0.7521978881816872, "(0, 5)": 0.7397879719345274, "(0, 6)": 0.7357110345691831, "(1, 0)": 0.8482665716937572, "(1, 2)": 0.6184205299247348, "(1, 3)": 0.8044254672549457, "(1, 4)": 0.734366047220141, "(1, 5)": 0.7283058761897643, "(1, 6)": 0.7552828584080443, "(2, 0)": 0.5970274765793899, "(2, 1)": 0.6122377246197075, "(2, 3)": 0.647529263423015, "(2, 4)": 0.5691592518342182, "(2, 5)": 0.6173392060926708, "(2, 6)": 0.6623670737456689, "(3, 0)": 0.907742292718798, "(3, 1)": 0.908038779255293, "(3, 2)": 0.8335041523868126, "(3, 4)": 0.9156142024520332, "(3, 5)": 0.9098873377548298, "(3, 6)": 0.9047135824896878, "(4, 0)": 0.8310095598029232, "(4, 1)": 0.8215577026975265, "(4, 2)": 0.7094506311099772, "(4, 3)": 0.876192850779575, "(4, 5)": 0.809184262554379, "(4, 6)": 0.7693990217259408, "(5, 0)": 0.786110219910589, "(5, 1)": 0.7803751335009795, "(5, 2)": 0.6896662422561102, "(5, 3)": 0.842804945817118, "(5, 4)": 0.7700296451259693, "(5, 6)": 0.7568349891972301, "(6, 0)": 0.7873603060167392, "(6, 1)": 0.8063164705548105, "(6, 2)": 0.7289490059504589, "(6, 3)": 0.8345561262489984, "(6, 4)": 0.731996850387629, "(6, 5)": 0.756537109914725}