{"(0, 1)": 0.8494660246181882, "(0, 2)": 0.6080275591319091, "(0, 3)": 0.8056098521547438, "(0, 4)": 0.7521775655207424, "(0, 5)": 0.7396486342713027, "(0, 6)": 0.7365361264087915, "(1, 0)": 0.8485698911116373, "(1, 2)": 0.6210327404831326, "(1, 3)": 0.8042437964900152, "(1, 4)": 0.7342824769053609, "(1, 5)": 0.7308991040943842, "(1, 6)": 0.7547532960508776, "(2, 0)": 0.5984528780396953, "(2, 1)": 0.6167603297753077, "(2, 3)": 0.6524324396685592, "(2, 4)": 0.5748842095289626, "(2, 5)": 0.619870810296298, "(2, 6)": 0.6644562977162249, "(3, 0)": 0.9083341757145091, "(3, 1)": 0.9071841326556844, "(3, 2)": 0.836189375072778, "(3, 4)": 0.9174228237071181, "(3, 5)": 0.9102339357876605, "(3, 6)": 0.9053035702703633, "(4, 0)": 0.832814011372425, "(4, 1)": 0.8226580212084273, "(4, 2)": 0.7115711915277552, "(4, 3)": 0.8765223704606274, "(4, 5)": 0.8108325230141665, "(4, 6)": 0.7706583835825318, "(5, 0)": 0.7875492506302656, "(5, 1)": 0.7826521103262762, "(5, 2)": 0.6920010853561838, "(5, 3)": 0.8441404254088267, "(5, 4)": 0.7723622925157111, "(5, 6)": 0.7602125800474373, "(6, 0)": 0.790793910533724, "(6, 1)": 0.8051363060088912, "(6, 2)": 0.7296139419976768, "(6, 3)": 0.837292516464664, "(6, 4)": 0.7371401825671495, "(6, 5)": 0.7596116383488314}