{"(0, 1)": 0.8499374846991811, "(0, 2)": 0.6061843437078308, "(0, 3)": 0.8047222802682729, "(0, 4)": 0.7539341671907477, "(0, 5)": 0.7373400132118326, "(0, 6)": 0.7349246795150715, "(1, 0)": 0.8496785372510931, "(1, 2)": 0.6225114284177568, "(1, 3)": 0.804834265189988, "(1, 4)": 0.7345484139477009, "(1, 5)": 0.7269444884783507, "(1, 6)": 0.755090858061018, "(2, 0)": 0.5976598449803237, "(2, 1)": 0.6151000956186895, "(2, 3)": 0.6492420040492146, "(2, 4)": 0.5713937853526037, "(2, 5)": 0.6149892839655594, "(2, 6)": 0.6633007095729591, "(3, 0)": 0.9093644867574752, "(3, 1)": 0.906748896230295, "(3, 2)": 0.8349358041828377, "(3, 4)": 0.9173614789476893, "(3, 5)": 0.9096579629119061, "(3, 6)": 0.9041151605723404, "(4, 0)": 0.8334516821184543, "(4, 1)": 0.8226479155140857, "(4, 2)": 0.7110171693618488, "(4, 3)": 0.8770359500227649, "(4, 5)": 0.806497274375536, "(4, 6)": 0.7671666537013274, "(5, 0)": 0.7844284278537618, "(5, 1)": 0.7786116215241057, "(5, 2)": 0.6918477664701783, "(5, 3)": 0.8430269403167056, "(5, 4)": 0.7683714542875543, "(5, 6)": 0.7571094959892481, "(6, 0)": 0.7917674712311134, "(6, 1)": 0.80784507424531, "(6, 2)": 0.7293048500308799, "(6, 3)": 0.837379003099622, "(6, 4)": 0.7349697113891808, "(6, 5)": 0.7586622800003242}