{"(0, 1)": 0.8500337378734346, "(0, 2)": 0.6097093670313761, "(0, 3)": 0.8061896214493383, "(0, 4)": 0.7535865162651567, "(0, 5)": 0.7410457040923619, "(0, 6)": 0.7357861060455535, "(1, 0)": 0.848078062819534, "(1, 2)": 0.6218135580417351, "(1, 3)": 0.8054122339853205, "(1, 4)": 0.7342627232523014, "(1, 5)": 0.7307686301376621, "(1, 6)": 0.7582422071715371, "(2, 0)": 0.6008944496285127, "(2, 1)": 0.6166262820885122, "(2, 3)": 0.6513056005275659, "(2, 4)": 0.5754665755790016, "(2, 5)": 0.6209712711224991, "(2, 6)": 0.663810687946226, "(3, 0)": 0.909692351835427, "(3, 1)": 0.9079118280418188, "(3, 2)": 0.8350583992350878, "(3, 4)": 0.9156454182063299, "(3, 5)": 0.9106007707572705, "(3, 6)": 0.9050065602816401, "(4, 0)": 0.8340328986938105, "(4, 1)": 0.821564815589352, "(4, 2)": 0.7131972329559559, "(4, 3)": 0.8751980289746805, "(4, 5)": 0.8093097958723201, "(4, 6)": 0.7676431452548672, "(5, 0)": 0.7867520460585976, "(5, 1)": 0.7803561355218198, "(5, 2)": 0.6935483462215388, "(5, 3)": 0.8446002161803057, "(5, 4)": 0.7717643057157417, "(5, 6)": 0.7602388652277406, "(6, 0)": 0.7923966540382115, "(6, 1)": 0.8072332398726669, "(6, 2)": 0.7312280184430155, "(6, 3)": 0.8373663296905293, "(6, 4)": 0.7342531101474932, "(6, 5)": 0.7606170034072174}