{"(0, 1)": 0.8501134640125161, "(0, 2)": 0.6110101675323839, "(0, 3)": 0.805797259408619, "(0, 4)": 0.7539221833225204, "(0, 5)": 0.7394578906158951, "(0, 6)": 0.7346744048824467, "(1, 0)": 0.8494085142089047, "(1, 2)": 0.624306040291539, "(1, 3)": 0.8052673540847342, "(1, 4)": 0.7345020887479479, "(1, 5)": 0.730097293774346, "(1, 6)": 0.7567511611042921, "(2, 0)": 0.6019710826491553, "(2, 1)": 0.6157545623019137, "(2, 3)": 0.6534444647855635, "(2, 4)": 0.5745991252899244, "(2, 5)": 0.621368670863218, "(2, 6)": 0.6659412999699585, "(3, 0)": 0.9101743934667103, "(3, 1)": 0.9088860206396846, "(3, 2)": 0.8371115227952097, "(3, 4)": 0.9167234405229387, "(3, 5)": 0.9104737503005363, "(3, 6)": 0.9045381698340149, "(4, 0)": 0.834488404563709, "(4, 1)": 0.8245632399002226, "(4, 2)": 0.7115856623560353, "(4, 3)": 0.8759411904726938, "(4, 5)": 0.8089288376987558, "(4, 6)": 0.7671440362786178, "(5, 0)": 0.7867225437726397, "(5, 1)": 0.7818796938897306, "(5, 2)": 0.6932475169945852, "(5, 3)": 0.8443898727234491, "(5, 4)": 0.7713755635685494, "(5, 6)": 0.7590315312076512, "(6, 0)": 0.7914304475871178, "(6, 1)": 0.8089519511517096, "(6, 2)": 0.7342628451761601, "(6, 3)": 0.8392192862907882, "(6, 4)": 0.7365188710454988, "(6, 5)": 0.7604711162768508}