{"(0, 1)": 0.557460700831039, "(0, 2)": 0.5616404666021944, "(0, 3)": 0.554870132658385, "(0, 4)": 0.547541073353081, "(0, 5)": 0.5373146206923145, "(1, 0)": 0.3700202660619537, "(1, 2)": 0.39085301672425976, "(1, 3)": 0.3678654163561088, "(1, 4)": 0.3886662441192602, "(1, 5)": 0.34584162942247965, "(2, 0)": 0.24421131080369018, "(2, 1)": 0.21610255564880398, "(2, 3)": 0.3128425707638661, "(2, 4)": 0.22366938516775958, "(2, 5)": 0.2303887328213824, "(3, 0)": 0.058383706803407986, "(3, 1)": 0.05774909172024234, "(3, 2)": 0.09704294096081778, "(3, 4)": 0.050195224600698585, "(3, 5)": 0.1629503878607228, "(4, 0)": 0.30323154493758153, "(4, 1)": 0.3004038558722346, "(4, 2)": 0.27976056086390544, "(4, 3)": 0.2980423076170954, "(4, 5)": 0.24917627029954048, "(5, 0)": 0.3441636265718657, "(5, 1)": 0.35128544251888827, "(5, 2)": 0.3559225559225334, "(5, 3)": 0.5578234142290039, "(5, 4)": 0.3520089476275836}