{"(0, 1)": 0.5558714400952316, "(0, 2)": 0.5644141477263408, "(0, 3)": 0.5584426765087815, "(0, 4)": 0.543233938080246, "(0, 5)": 0.5372221772405747, "(1, 0)": 0.3647089173995731, "(1, 2)": 0.39202020656896897, "(1, 3)": 0.36976918080271115, "(1, 4)": 0.38962682068631904, "(1, 5)": 0.34843873701655215, "(2, 0)": 0.25647834583103857, "(2, 1)": 0.20944125482918352, "(2, 3)": 0.3137052879276111, "(2, 4)": 0.21469633619172745, "(2, 5)": 0.23278456991928875, "(3, 0)": 0.05764548284731108, "(3, 1)": 0.06372303732015072, "(3, 2)": 0.09813902372337746, "(3, 4)": 0.05103159922645284, "(3, 5)": 0.1712300811917994, "(4, 0)": 0.3066116625038515, "(4, 1)": 0.2971644953345767, "(4, 2)": 0.28361792068551295, "(4, 3)": 0.2962887938549519, "(4, 5)": 0.2533026406943132, "(5, 0)": 0.34256434552533455, "(5, 1)": 0.3528546763270136, "(5, 2)": 0.356592923080728, "(5, 3)": 0.5566531879100898, "(5, 4)": 0.3484438032785334}