{"(0, 1)": 0.5627382057677842, "(0, 2)": 0.5684401451743627, "(0, 3)": 0.5575159940343423, "(0, 4)": 0.5503073182717341, "(0, 5)": 0.5423467840520201, "(1, 0)": 0.36854396648593046, "(1, 2)": 0.3878397296155255, "(1, 3)": 0.3694157216972529, "(1, 4)": 0.3907399622378356, "(1, 5)": 0.3516047509171003, "(2, 0)": 0.2535600963680741, "(2, 1)": 0.21495887991484508, "(2, 3)": 0.3235189739562536, "(2, 4)": 0.2199642574153461, "(2, 5)": 0.24461746170259335, "(3, 0)": 0.059260711578599135, "(3, 1)": 0.06291027917848968, "(3, 2)": 0.10225597006655573, "(3, 4)": 0.0503562380796172, "(3, 5)": 0.1720597289865854, "(4, 0)": 0.3001841300924015, "(4, 1)": 0.2955954208845496, "(4, 2)": 0.2782416949467661, "(4, 3)": 0.3001000666790048, "(4, 5)": 0.2507682442115554, "(5, 0)": 0.3473734541363266, "(5, 1)": 0.3473964994250831, "(5, 2)": 0.36145700716187457, "(5, 3)": 0.5553018569541132, "(5, 4)": 0.34880371011411426}