{"(0, 1)": 0.5575589247286484, "(0, 2)": 0.561793609748112, "(0, 3)": 0.5600666829103568, "(0, 4)": 0.5447171999106106, "(0, 5)": 0.5339529474074407, "(1, 0)": 0.36798239375197284, "(1, 2)": 0.38439429045731943, "(1, 3)": 0.36539994917532237, "(1, 4)": 0.3908299426981018, "(1, 5)": 0.35201403067218584, "(2, 0)": 0.2597711365108827, "(2, 1)": 0.21499172442703474, "(2, 3)": 0.3108343330943999, "(2, 4)": 0.22105616050295385, "(2, 5)": 0.23179720554765282, "(3, 0)": 0.06344481107774491, "(3, 1)": 0.06091481010582245, "(3, 2)": 0.09615423590903727, "(3, 4)": 0.04725677247434057, "(3, 5)": 0.1678973003284291, "(4, 0)": 0.3031126708974051, "(4, 1)": 0.2962970534463212, "(4, 2)": 0.2830146517152319, "(4, 3)": 0.3025636402190076, "(4, 5)": 0.25130479850344833, "(5, 0)": 0.3428934881339162, "(5, 1)": 0.3544821043987717, "(5, 2)": 0.35675141774737185, "(5, 3)": 0.5612463450289507, "(5, 4)": 0.3532512659172974}