{"(0, 1)": 0.5589131302342609, "(0, 2)": 0.561358045586448, "(0, 3)": 0.5592463265224248, "(0, 4)": 0.5439837722202927, "(0, 5)": 0.5347798410041311, "(1, 0)": 0.37540385119189834, "(1, 2)": 0.3851056930351272, "(1, 3)": 0.3654444957465961, "(1, 4)": 0.39539355325514924, "(1, 5)": 0.3501615093611494, "(2, 0)": 0.2505567433261334, "(2, 1)": 0.21278793999960355, "(2, 3)": 0.32498137604883215, "(2, 4)": 0.22112227946840501, "(2, 5)": 0.24043669232541498, "(3, 0)": 0.054080114585867145, "(3, 1)": 0.060634700471882574, "(3, 2)": 0.09596297609628501, "(3, 4)": 0.05383952471585807, "(3, 5)": 0.16365063805569946, "(4, 0)": 0.30494539517697095, "(4, 1)": 0.2986595607085528, "(4, 2)": 0.28388887560898457, "(4, 3)": 0.29968765255182794, "(4, 5)": 0.25527971053362974, "(5, 0)": 0.3440920507721583, "(5, 1)": 0.35487022708570737, "(5, 2)": 0.3562450777095305, "(5, 3)": 0.5574593346511596, "(5, 4)": 0.3486342786691775}