{"(0, 1)": 0.029546426280075533, "(0, 2)": 0.036743845142518605, "(0, 3)": 0.037337600136376436, "(0, 4)": 0.029119530297424423, "(1, 0)": 0.6436322058680495, "(1, 2)": 0.6701226968389478, "(1, 3)": 0.6467798215487397, "(1, 4)": 0.6124777199274958, "(2, 0)": 0.632921012109127, "(2, 1)": 0.9483941493444596, "(2, 3)": 0.9964555510539046, "(2, 4)": 0.996663961124595, "(3, 0)": 0.5794015285999239, "(3, 1)": 0.853887697627272, "(3, 2)": 0.9421525062547347, "(3, 4)": 0.9141594156772346, "(4, 0)": 0.5724417931640544, "(4, 1)": 0.8500167424844045, "(4, 2)": 0.9655060199814567, "(4, 3)": 0.9391898147831784}