{"(0, 1)": 0.03512536560577051, "(0, 2)": 0.03676978474528958, "(0, 3)": 0.04049084816182236, "(0, 4)": 0.027189802501476845, "(1, 0)": 0.6484204355110823, "(1, 2)": 0.6719184003962062, "(1, 3)": 0.6430016079280043, "(1, 4)": 0.6059551972577173, "(2, 0)": 0.6315446570503429, "(2, 1)": 0.9504975472196053, "(2, 3)": 0.9964562743968357, "(2, 4)": 0.9966503172243746, "(3, 0)": 0.5836709475860754, "(3, 1)": 0.8578184021096393, "(3, 2)": 0.944250025384387, "(3, 4)": 0.9169695173444254, "(4, 0)": 0.5787501116122182, "(4, 1)": 0.8519104625108174, "(4, 2)": 0.9663075863661792, "(4, 3)": 0.942885559524481}