{"(0, 1)": 0.03766074115371931, "(0, 2)": 0.03732646934386785, "(0, 3)": 0.035809450336360404, "(0, 4)": 0.022707798445924854, "(1, 0)": 0.6456700881144826, "(1, 2)": 0.6683364664052525, "(1, 3)": 0.6473020360402779, "(1, 4)": 0.6170568153748004, "(2, 0)": 0.6359865450787142, "(2, 1)": 0.9489852071637377, "(2, 3)": 0.9964632929134826, "(2, 4)": 0.9966494631200263, "(3, 0)": 0.5858938680954368, "(3, 1)": 0.853835230601633, "(3, 2)": 0.9453994704340543, "(3, 4)": 0.9147361367539559, "(4, 0)": 0.5794650106581152, "(4, 1)": 0.8469116748960378, "(4, 2)": 0.9662527910747005, "(4, 3)": 0.9412727754706085}