{"(0, 1)": 0.03228141631138415, "(0, 2)": 0.03736356827357312, "(0, 3)": 0.03771147350988602, "(0, 4)": 0.023472601019928208, "(1, 0)": 0.6465843188008265, "(1, 2)": 0.6752856648851799, "(1, 3)": 0.648187816866572, "(1, 4)": 0.6132555809843533, "(2, 0)": 0.638916260302414, "(2, 1)": 0.9494250064121469, "(2, 3)": 0.9964566329530056, "(2, 4)": 0.9966465441982967, "(3, 0)": 0.5825806863052441, "(3, 1)": 0.8547702478743513, "(3, 2)": 0.9455815349977483, "(3, 4)": 0.917344207029542, "(4, 0)": 0.5779725131443554, "(4, 1)": 0.8455118362550308, "(4, 2)": 0.9639663323981449, "(4, 3)": 0.9385377106309932}