{"(0, 1)": 0.0314889116606476, "(0, 2)": 0.03505650977189512, "(0, 3)": 0.036863122502265866, "(0, 4)": 0.028292264367159814, "(1, 0)": 0.643062359421946, "(1, 2)": 0.6695307577825669, "(1, 3)": 0.6474611076868865, "(1, 4)": 0.6128609595624881, "(2, 0)": 0.6347109652235884, "(2, 1)": 0.9493360048705056, "(2, 3)": 0.9964594687981672, "(2, 4)": 0.9966518337775844, "(3, 0)": 0.5809248252043331, "(3, 1)": 0.8546486651070017, "(3, 2)": 0.9442666954022708, "(3, 4)": 0.9163086793249176, "(4, 0)": 0.5743221760248587, "(4, 1)": 0.8511087044315526, "(4, 2)": 0.9652650282112359, "(4, 3)": 0.9401194921943086}