{"(0, 1)": 0.19260015625375881, "(0, 2)": 0.13893444866667937, "(0, 3)": 0.22864454408592927, "(0, 4)": 0.21083595501013852, "(0, 5)": 0.20894641492902633, "(1, 0)": 0.2112694585678565, "(1, 2)": 0.1785115634473582, "(1, 3)": 0.16143850057152587, "(1, 4)": 0.1804888620102567, "(1, 5)": 0.18429854046501426, "(2, 0)": 0.5591518007881423, "(2, 1)": 0.5316035158188186, "(2, 3)": 0.5216921002565751, "(2, 4)": 0.5240360093874, "(2, 5)": 0.543936389994627, "(3, 0)": 0.3760469427059817, "(3, 1)": 0.32412915960391375, "(3, 2)": 0.3272141080807256, "(3, 4)": 0.3857556457977399, "(3, 5)": 0.3127531077262502, "(4, 0)": 0.17052788080947245, "(4, 1)": 0.16554241261605473, "(4, 2)": 0.14800679772216152, "(4, 3)": 0.24338549643060636, "(4, 5)": 0.23391391689667584, "(5, 0)": 0.08921039940564046, "(5, 1)": 0.012953041871722193, "(5, 2)": 0.020444479993050768, "(5, 3)": 0.06457666516795557, "(5, 4)": 0.042871688752911474}