{"(0, 1)": 0.1905491424647705, "(0, 2)": 0.13712391267639334, "(0, 3)": 0.22740843016199053, "(0, 4)": 0.20571033164917263, "(0, 5)": 0.20674698417444037, "(1, 0)": 0.21454202001561162, "(1, 2)": 0.18074842459055962, "(1, 3)": 0.16221123997772902, "(1, 4)": 0.18209265188933044, "(1, 5)": 0.1886438492146073, "(2, 0)": 0.5570179280205514, "(2, 1)": 0.5310207349608396, "(2, 3)": 0.5225868011264792, "(2, 4)": 0.5183263476123693, "(2, 5)": 0.5456187944603101, "(3, 0)": 0.3739871450710758, "(3, 1)": 0.32832729582677833, "(3, 2)": 0.32285445465044527, "(3, 4)": 0.3865647798351133, "(3, 5)": 0.32088100771767225, "(4, 0)": 0.17372589829573148, "(4, 1)": 0.16657976823214216, "(4, 2)": 0.1521685452235736, "(4, 3)": 0.24478929721993392, "(4, 5)": 0.23260659418469865, "(5, 0)": 0.09283203570921583, "(5, 1)": 0.015114658231583866, "(5, 2)": 0.02158118405407794, "(5, 3)": 0.06639187642263233, "(5, 4)": 0.05078874851297566}