{"(0, 1)": 0.19043186197215378, "(0, 2)": 0.13646415452717564, "(0, 3)": 0.2310474638242258, "(0, 4)": 0.2091351438057517, "(0, 5)": 0.20724169621492006, "(1, 0)": 0.21723111407939266, "(1, 2)": 0.18024330528743915, "(1, 3)": 0.16030050700937515, "(1, 4)": 0.1815602832509171, "(1, 5)": 0.1780743797694535, "(2, 0)": 0.5525474618543258, "(2, 1)": 0.5291568006845577, "(2, 3)": 0.5207071344806937, "(2, 4)": 0.5234153094766989, "(2, 5)": 0.55056427698256, "(3, 0)": 0.3780365395844516, "(3, 1)": 0.32773424086269853, "(3, 2)": 0.3280894813042313, "(3, 4)": 0.3837219664399729, "(3, 5)": 0.3179961761269804, "(4, 0)": 0.16936685994683287, "(4, 1)": 0.1627655593056765, "(4, 2)": 0.14901819416384965, "(4, 3)": 0.241793819784206, "(4, 5)": 0.23628024151252058, "(5, 0)": 0.09256311312811671, "(5, 1)": 0.01162206834376156, "(5, 2)": 0.01999003210496464, "(5, 3)": 0.0639396878124765, "(5, 4)": 0.05460024378002315}