{"(0, 1)": 0.1893295333363909, "(0, 2)": 0.14056123964495115, "(0, 3)": 0.23049875649019436, "(0, 4)": 0.20831489428104455, "(0, 5)": 0.2060132461807327, "(1, 0)": 0.21540935293426944, "(1, 2)": 0.18554515843326636, "(1, 3)": 0.1584260677042616, "(1, 4)": 0.18084537153700486, "(1, 5)": 0.17113886944900514, "(2, 0)": 0.5545425776110462, "(2, 1)": 0.525960518579043, "(2, 3)": 0.5184759909180388, "(2, 4)": 0.5273137132350293, "(2, 5)": 0.5503129460864823, "(3, 0)": 0.3786511074884953, "(3, 1)": 0.33717084081922666, "(3, 2)": 0.3309638839823671, "(3, 4)": 0.3870180750167007, "(3, 5)": 0.31530979717025365, "(4, 0)": 0.17503165484122496, "(4, 1)": 0.1598527902145115, "(4, 2)": 0.15068114483715467, "(4, 3)": 0.24041769335942664, "(4, 5)": 0.22701251542335255, "(5, 0)": 0.09839539489393245, "(5, 1)": 0.00865222801661969, "(5, 2)": 0.0249068865128389, "(5, 3)": 0.06792425540880542, "(5, 4)": 0.046593177042799305}