{"(0, 1)": 0.19796475637732758, "(0, 2)": 0.14514855411173633, "(0, 3)": 0.22891275779021092, "(0, 4)": 0.21353823647217351, "(0, 5)": 0.20933621764099564, "(1, 0)": 0.2183992273634927, "(1, 2)": 0.17940181394151455, "(1, 3)": 0.157983757134323, "(1, 4)": 0.18350871349449416, "(1, 5)": 0.1824299057259935, "(2, 0)": 0.5579349793064546, "(2, 1)": 0.5304995056917154, "(2, 3)": 0.5208450231317455, "(2, 4)": 0.5190125159831684, "(2, 5)": 0.5520486417109741, "(3, 0)": 0.3842188459559642, "(3, 1)": 0.32936040518352616, "(3, 2)": 0.3255885431603872, "(3, 4)": 0.38770626305271993, "(3, 5)": 0.3164949275095863, "(4, 0)": 0.17459941054417594, "(4, 1)": 0.1634391642676577, "(4, 2)": 0.15137265188280358, "(4, 3)": 0.24417682100801286, "(4, 5)": 0.23159069457349324, "(5, 0)": 0.08939025422677238, "(5, 1)": 0.012858393950007097, "(5, 2)": 0.024442276917433614, "(5, 3)": 0.06830218216370265, "(5, 4)": 0.05222599694468655}