{"(0, 1)": 0.29103520816701334, "(0, 2)": 0.2831712904242465, "(0, 3)": 0.30182184227953224, "(0, 4)": 0.422360822117098, "(1, 0)": 0.2784313896896339, "(1, 2)": 0.2776714945112564, "(1, 3)": 0.2658973097558993, "(1, 4)": 0.35941996146034305, "(2, 0)": 0.2605243913011074, "(2, 1)": 0.2345385908180082, "(2, 3)": 0.26611800262170415, "(2, 4)": 0.3440516096137083, "(3, 0)": 0.22725419029538296, "(3, 1)": 0.2082234206322262, "(3, 2)": 0.2434929791851269, "(3, 4)": 0.33725127383073894, "(4, 0)": 0.26691852459622734, "(4, 1)": 0.22526313397323383, "(4, 2)": 0.20416048357558292, "(4, 3)": 0.3210916296684865}