{"(0, 1)": 0.28849669629657804, "(0, 2)": 0.28423837673225905, "(0, 3)": 0.2939088003448127, "(0, 4)": 0.4148073096802223, "(1, 0)": 0.27849034760051894, "(1, 2)": 0.2727484023096626, "(1, 3)": 0.2691434915375558, "(1, 4)": 0.3493465331550295, "(2, 0)": 0.25619114414574806, "(2, 1)": 0.23698821245254764, "(2, 3)": 0.25708775256797534, "(2, 4)": 0.3476164483696329, "(3, 0)": 0.22475031040939197, "(3, 1)": 0.21034085249716072, "(3, 2)": 0.2354964251581423, "(3, 4)": 0.33750557391234026, "(4, 0)": 0.27156305273343084, "(4, 1)": 0.21738845302127308, "(4, 2)": 0.19501489719170528, "(4, 3)": 0.3219111951946275}