{"(0, 1)": 0.29120173415290096, "(0, 2)": 0.2784226600469454, "(0, 3)": 0.2973516444426755, "(0, 4)": 0.42023036912963174, "(1, 0)": 0.27608008189891076, "(1, 2)": 0.2784987387360077, "(1, 3)": 0.2645724181231308, "(1, 4)": 0.3577157610858577, "(2, 0)": 0.2611060310570116, "(2, 1)": 0.2397190526245947, "(2, 3)": 0.26584421722974994, "(2, 4)": 0.3496655791217427, "(3, 0)": 0.21696483133568256, "(3, 1)": 0.2060271359897189, "(3, 2)": 0.24285539990523364, "(3, 4)": 0.3413818278030263, "(4, 0)": 0.2659937487031132, "(4, 1)": 0.2133570577937769, "(4, 2)": 0.20045029907703527, "(4, 3)": 0.32079439937095067}