{"(0, 1)": 0.2883492034999382, "(0, 2)": 0.2753455762918595, "(0, 3)": 0.30314455173173327, "(0, 4)": 0.41537758328989527, "(1, 0)": 0.27657119230877847, "(1, 2)": 0.2717177185917341, "(1, 3)": 0.26090258006271794, "(1, 4)": 0.3510089204959925, "(2, 0)": 0.2632716201969818, "(2, 1)": 0.23976442218075522, "(2, 3)": 0.26461031068083163, "(2, 4)": 0.34978769590544023, "(3, 0)": 0.21939360388205076, "(3, 1)": 0.21687034565768637, "(3, 2)": 0.24096304563973026, "(3, 4)": 0.3404451492357059, "(4, 0)": 0.2661249523986233, "(4, 1)": 0.21806372177939992, "(4, 2)": 0.20229536403941484, "(4, 3)": 0.3230237318394146}