{"(0, 1)": 0.289427653271464, "(0, 2)": 0.2757359213333701, "(0, 3)": 0.29591397807486175, "(0, 4)": 0.4187952900940868, "(1, 0)": 0.2736009615444539, "(1, 2)": 0.2779137583254724, "(1, 3)": 0.2613878153367538, "(1, 4)": 0.35277686220323967, "(2, 0)": 0.26200024620815887, "(2, 1)": 0.2412225559322102, "(2, 3)": 0.26411686786530986, "(2, 4)": 0.3480990281915617, "(3, 0)": 0.2209605323085706, "(3, 1)": 0.21047065300101775, "(3, 2)": 0.23580265600975203, "(3, 4)": 0.3443669259076969, "(4, 0)": 0.2638946144876064, "(4, 1)": 0.22322767870900684, "(4, 2)": 0.2004005560239358, "(4, 3)": 0.3218099394425633}