{"(0, 1)": 0.9783395091034928, "(0, 2)": 0.9319278360053423, "(0, 3)": 0.9287835925605674, "(0, 4)": 0.9172169724600796, "(1, 0)": 0.9826241149834671, "(1, 2)": 0.9329840502817612, "(1, 3)": 0.9504840615830616, "(1, 4)": 0.9258957287990338, "(2, 0)": 0.9403920734597015, "(2, 1)": 0.9309980946243644, "(2, 3)": 0.9260680304835553, "(2, 4)": 0.9214149781478354, "(3, 0)": 0.9388057966961257, "(3, 1)": 0.9494284429696264, "(3, 2)": 0.9279822022784865, "(3, 4)": 0.9267543640806601, "(4, 0)": 0.9265704737241405, "(4, 1)": 0.9282109333487167, "(4, 2)": 0.9222374757994586, "(4, 3)": 0.9342650759011841}