{"(0, 1)": 0.9781183419024283, "(0, 2)": 0.9305019415156262, "(0, 3)": 0.9280415514939516, "(0, 4)": 0.9154169532273052, "(1, 0)": 0.982661840546568, "(1, 2)": 0.9331635980873699, "(1, 3)": 0.950562909524113, "(1, 4)": 0.9252347606206964, "(2, 0)": 0.9402129429736821, "(2, 1)": 0.9313535279080205, "(2, 3)": 0.9265950540604619, "(2, 4)": 0.921011286807726, "(3, 0)": 0.9391072100320483, "(3, 1)": 0.9495412237298139, "(3, 2)": 0.9284991605863964, "(3, 4)": 0.9264980270808212, "(4, 0)": 0.9267480600233498, "(4, 1)": 0.928440639420917, "(4, 2)": 0.9224443177957066, "(4, 3)": 0.9343302258821042}