{"(0, 1)": 0.9782025245273606, "(0, 2)": 0.9319057214749606, "(0, 3)": 0.9279506898755291, "(0, 4)": 0.9165872046880579, "(1, 0)": 0.9826348273152392, "(1, 2)": 0.9332526578589131, "(1, 3)": 0.9504089570207493, "(1, 4)": 0.9256336284634956, "(2, 0)": 0.9404966895218253, "(2, 1)": 0.9311418571219904, "(2, 3)": 0.9257208329421216, "(2, 4)": 0.920972276821962, "(3, 0)": 0.9389427584708393, "(3, 1)": 0.9493549792503256, "(3, 2)": 0.9283436290114245, "(3, 4)": 0.9267553268884693, "(4, 0)": 0.9266533362321274, "(4, 1)": 0.9283708907550579, "(4, 2)": 0.9226622349255718, "(4, 3)": 0.934154894818312}