{"(0, 1)": 0.978458635717521, "(0, 2)": 0.9323245285909694, "(0, 3)": 0.927476095584062, "(0, 4)": 0.9167433894996948, "(1, 0)": 0.982725098562045, "(1, 2)": 0.9330727732055626, "(1, 3)": 0.9504403438906145, "(1, 4)": 0.9258312515993639, "(2, 0)": 0.9407999423900311, "(2, 1)": 0.9316745317541812, "(2, 3)": 0.926170789571662, "(2, 4)": 0.9212692077198331, "(3, 0)": 0.9392275440731221, "(3, 1)": 0.9497269758726248, "(3, 2)": 0.9280867765756005, "(3, 4)": 0.9270123379357704, "(4, 0)": 0.9270728980874003, "(4, 1)": 0.9286028660576012, "(4, 2)": 0.9223214985221438, "(4, 3)": 0.9341100939482843}