{"(0, 1)": 0.977772639857711, "(0, 2)": 0.9317417443695958, "(0, 3)": 0.9277475351854255, "(0, 4)": 0.9172374206871233, "(1, 0)": 0.9826006458576799, "(1, 2)": 0.9329794207259186, "(1, 3)": 0.950341266728864, "(1, 4)": 0.9254227956478307, "(2, 0)": 0.9406589517628755, "(2, 1)": 0.931129654267959, "(2, 3)": 0.92610630924955, "(2, 4)": 0.9209765900595439, "(3, 0)": 0.938827488232186, "(3, 1)": 0.9492574269119637, "(3, 2)": 0.9279883953802353, "(3, 4)": 0.9266094749528458, "(4, 0)": 0.9265685540768597, "(4, 1)": 0.9283055007646943, "(4, 2)": 0.9223668096795349, "(4, 3)": 0.9339814606191948}