{"(0, 1)": 0.019014223186566537, "(0, 2)": 0.006268375450075303, "(0, 3)": 0.02393874148555397, "(0, 4)": -0.0048232290053016325, "(0, 5)": 0.0018989766042917244, "(0, 6)": 0.004954746828145562, "(1, 0)": 0.029900998147189384, "(1, 2)": 0.00965727899099933, "(1, 3)": 0.007271028867406271, "(1, 4)": -0.00019733430123580753, "(1, 5)": -0.0021441018494532393, "(1, 6)": 0.0010298737579200745, "(2, 0)": 0.16505051668089155, "(2, 1)": 0.15085754831255815, "(2, 3)": 0.18787127301359385, "(2, 4)": 0.10949591697659966, "(2, 5)": 0.1656314767413699, "(2, 6)": 0.3025326538257824, "(3, 0)": 0.09537467665507704, "(3, 1)": 0.032239509283379375, "(3, 2)": 0.08439902988624504, "(3, 4)": 0.3236010944979708, "(3, 5)": 0.1709852639468602, "(3, 6)": 0.1096769531621099, "(4, 0)": 0.004848111383168763, "(4, 1)": 0.005516308400487668, "(4, 2)": 0.007228120886882516, "(4, 3)": 0.02026868624635636, "(4, 5)": 0.02055839869813092, "(4, 6)": 0.0014678529370734106, "(5, 0)": 0.08977179463117468, "(5, 1)": 0.08548122781498568, "(5, 2)": 0.11742440966926537, "(5, 3)": 0.20325331393840185, "(5, 4)": 0.4318706172329866, "(5, 6)": 0.12336197362591939, "(6, 0)": 0.6099593699646249, "(6, 1)": 0.5884493205609872, "(6, 2)": 0.6620700235695631, "(6, 3)": 0.6307548901038721, "(6, 4)": 0.582178642138971, "(6, 5)": 0.6171099259780567}