{"(0, 1)": 0.014748933913325657, "(0, 2)": 0.0027150048527038173, "(0, 3)": 0.028455423355294274, "(0, 4)": 0.006841120744862983, "(0, 5)": 0.0007986470720943162, "(0, 6)": -0.002083243017389824, "(1, 0)": 0.02325758089027652, "(1, 2)": 0.0009646986755064146, "(1, 3)": 0.0022665328580135924, "(1, 4)": -0.0024029124378093236, "(1, 5)": 0.003106252131730214, "(1, 6)": 0.008349703215883464, "(2, 0)": 0.16865236941054307, "(2, 1)": 0.1318397177069608, "(2, 3)": 0.18519683057636527, "(2, 4)": 0.12621544088204928, "(2, 5)": 0.16607144261379714, "(2, 6)": 0.306915801757233, "(3, 0)": 0.083448542061342, "(3, 1)": 0.03382629892338662, "(3, 2)": 0.07684486317244399, "(3, 4)": 0.3363089131447783, "(3, 5)": 0.16502235009994792, "(3, 6)": 0.10595499147626186, "(4, 0)": 0.0006459498652419127, "(4, 1)": -0.0014944747003131642, "(4, 2)": 0.006855247758377425, "(4, 3)": 0.01888652804105473, "(4, 5)": 0.023190727543840772, "(4, 6)": 0.0057771807474065184, "(5, 0)": 0.09121253572303534, "(5, 1)": 0.07633580591637057, "(5, 2)": 0.12556429183060536, "(5, 3)": 0.19965710931217595, "(5, 4)": 0.44180816087936725, "(5, 6)": 0.1256943313502198, "(6, 0)": 0.6099593699646249, "(6, 1)": 0.5827162345688601, "(6, 2)": 0.6608128721648088, "(6, 3)": 0.63091915199796, "(6, 4)": 0.5528789847656436, "(6, 5)": 0.6209755512502011}