{"(0, 1)": 0.030043053015879062, "(0, 2)": 0.007186117543944048, "(0, 3)": 0.02423831106189367, "(0, 4)": -0.008426431012017899, "(0, 5)": -0.001305699571963359, "(0, 6)": -0.0016322553444547694, "(1, 0)": 0.0236203145707784, "(1, 2)": 0.006116662992109334, "(1, 3)": 0.004256926386649318, "(1, 4)": -0.0017524190351325686, "(1, 5)": 0.0068703765139997985, "(1, 6)": 0.006805308307093583, "(2, 0)": 0.16153134455252427, "(2, 1)": 0.14142575661565127, "(2, 3)": 0.1827507223482271, "(2, 4)": 0.12252433059091772, "(2, 5)": 0.16658849758655214, "(2, 6)": 0.307998482927038, "(3, 0)": 0.08971518591683125, "(3, 1)": 0.04164538195859613, "(3, 2)": 0.07931930895754935, "(3, 4)": 0.3611139432841206, "(3, 5)": 0.1686405027218879, "(3, 6)": 0.10750995601910829, "(4, 0)": 0.006536470705908792, "(4, 1)": 1.3495752376080361e-05, "(4, 2)": 0.00531018242729786, "(4, 3)": 0.016573486273248283, "(4, 5)": 0.022236812341936307, "(4, 6)": 0.00013431111141060104, "(5, 0)": 0.09571653622064968, "(5, 1)": 0.07911425241903836, "(5, 2)": 0.11592954826848378, "(5, 3)": 0.196668172011485, "(5, 4)": 0.4526712555280885, "(5, 6)": 0.12765927706098767, "(6, 0)": 0.6119926983571303, "(6, 1)": 0.5872967787345782, "(6, 2)": 0.6623768039421803, "(6, 3)": 0.635115044548759, "(6, 4)": 0.5688132182830787, "(6, 5)": 0.6166149863249251}