{"(0, 1)": 0.018326299437824822, "(0, 2)": 0.006838745639123345, "(0, 3)": 0.026946583331582508, "(0, 4)": -0.002871144005877957, "(0, 5)": 0.004238442151473953, "(0, 6)": 0.003180952483750721, "(1, 0)": 0.023909179947621095, "(1, 2)": 0.0006964224184987655, "(1, 3)": 0.0015437254634038666, "(1, 4)": 0.004783228638169157, "(1, 5)": 0.0019238772009203542, "(1, 6)": -0.003024512984802774, "(2, 0)": 0.16222439886192763, "(2, 1)": 0.13685721679198448, "(2, 3)": 0.18238778891808827, "(2, 4)": 0.15572043078201048, "(2, 5)": 0.16192540379570342, "(2, 6)": 0.30523632282085833, "(3, 0)": 0.08662328528289842, "(3, 1)": 0.02973647936893664, "(3, 2)": 0.08211474186715506, "(3, 4)": 0.2830470398647672, "(3, 5)": 0.16747207490935323, "(3, 6)": 0.10543886507220046, "(4, 0)": 0.00025631699092121263, "(4, 1)": 0.00027147680573591515, "(4, 2)": 0.003019628531780172, "(4, 3)": 0.02034920741748858, "(4, 5)": 0.01678531192356636, "(4, 6)": -0.002580859014305714, "(5, 0)": 0.10031072882129333, "(5, 1)": 0.08269281786974747, "(5, 2)": 0.12356030444334465, "(5, 3)": 0.19903051523623327, "(5, 4)": 0.42427094845260027, "(5, 6)": 0.13123538300674453, "(6, 0)": 0.6097077503320842, "(6, 1)": 0.5846037392779873, "(6, 2)": 0.6572286907644267, "(6, 3)": 0.6293676327914157, "(6, 4)": 0.564515061343378, "(6, 5)": 0.6141567556550996}