{"(0, 1)": 0.011634140905329216, "(0, 2)": 0.0035248415456731186, "(0, 3)": 0.034416122515669834, "(0, 4)": 0.0008079377016680933, "(0, 5)": 0.0036428645024664252, "(0, 6)": 0.0023188643877689596, "(1, 0)": 0.02327090116174302, "(1, 2)": 0.0031268912547135486, "(1, 3)": 0.0032173054724262684, "(1, 4)": -0.0012239342664448483, "(1, 5)": -0.0023791685308263144, "(1, 6)": -0.0009198693221443843, "(2, 0)": 0.17348454813764713, "(2, 1)": 0.13967144413976262, "(2, 3)": 0.18283835563496287, "(2, 4)": 0.13757950078568726, "(2, 5)": 0.16175599741412983, "(2, 6)": 0.30701370344187506, "(3, 0)": 0.08518247093640252, "(3, 1)": 0.04054575678919037, "(3, 2)": 0.07988152282391847, "(3, 4)": 0.3010776889847545, "(3, 5)": 0.1688699900580367, "(3, 6)": 0.10959553485687512, "(4, 0)": 0.0001641898034127065, "(4, 1)": 0.002754144598143382, "(4, 2)": 0.0055312145775407995, "(4, 3)": 0.015847476817120842, "(4, 5)": 0.022559898247127563, "(4, 6)": 0.004849426185503658, "(5, 0)": 0.09471348879304475, "(5, 1)": 0.08797457427485766, "(5, 2)": 0.12244477227445494, "(5, 3)": 0.20268345241433738, "(5, 4)": 0.4385707754034047, "(5, 6)": 0.13182294156435992, "(6, 0)": 0.6057842866353504, "(6, 1)": 0.5867693005728072, "(6, 2)": 0.6600713629101789, "(6, 3)": 0.6367399281167588, "(6, 4)": 0.5528966925313856, "(6, 5)": 0.6148248995464822}