{"(0, 1)": 0.6751917888249692, "(0, 2)": 0.7730597641753076, "(0, 3)": 0.6970008565759086, "(0, 4)": 0.6581462633639923, "(0, 5)": 0.667288499643485, "(1, 0)": 0.7294425948186873, "(1, 2)": 0.8402026496986046, "(1, 3)": 0.7490209489778982, "(1, 4)": 0.7252908311134123, "(1, 5)": 0.7135024453049075, "(2, 0)": 0.7516524937491798, "(2, 1)": 0.7773279048541273, "(2, 3)": 0.7514379690825467, "(2, 4)": 0.733852119857063, "(2, 5)": 0.7013900502428994, "(3, 0)": 0.32123753092458784, "(3, 1)": 0.3265024832984127, "(3, 2)": 0.3303191736875225, "(3, 4)": 0.2868928475780723, "(3, 5)": 0.29317382961232596, "(4, 0)": 0.5853222161658278, "(4, 1)": 0.5863976675817708, "(4, 2)": 0.6748051392313946, "(4, 3)": 0.553487809214215, "(4, 5)": 0.5568394419160855, "(5, 0)": 0.5632425882380745, "(5, 1)": 0.5719820933801312, "(5, 2)": 0.6277833215447102, "(5, 3)": 0.5803661099416489, "(5, 4)": 0.5480530858683786}