{"(0, 1)": 0.6770014339134334, "(0, 2)": 0.7749891626878734, "(0, 3)": 0.6920163341886054, "(0, 4)": 0.667192115628172, "(0, 5)": 0.6665076085656849, "(1, 0)": 0.731079751806179, "(1, 2)": 0.8396164523777574, "(1, 3)": 0.7488365508105109, "(1, 4)": 0.7287888732708969, "(1, 5)": 0.7154045072459692, "(2, 0)": 0.7518522823245063, "(2, 1)": 0.7824896895882252, "(2, 3)": 0.7648755925417443, "(2, 4)": 0.7344156574546976, "(2, 5)": 0.7022660265385483, "(3, 0)": 0.33063744595644595, "(3, 1)": 0.32785533602565675, "(3, 2)": 0.3339951830181901, "(3, 4)": 0.2893552445579748, "(3, 5)": 0.28982323278440625, "(4, 0)": 0.5846021847295779, "(4, 1)": 0.5866962190281275, "(4, 2)": 0.666729563541709, "(4, 3)": 0.5483650684445062, "(4, 5)": 0.5550348653959145, "(5, 0)": 0.5622030384759688, "(5, 1)": 0.576234253324001, "(5, 2)": 0.6292417995457997, "(5, 3)": 0.5742167772372486, "(5, 4)": 0.5508595920515753}