{"(0, 1)": 0.6738605017554248, "(0, 2)": 0.7753081996244053, "(0, 3)": 0.698805251950153, "(0, 4)": 0.6629656399003184, "(0, 5)": 0.6678893601848956, "(1, 0)": 0.7287519758495835, "(1, 2)": 0.8376395082366371, "(1, 3)": 0.7557957138981917, "(1, 4)": 0.7319474881098684, "(1, 5)": 0.7113063100621257, "(2, 0)": 0.7574371502908469, "(2, 1)": 0.7822273212133471, "(2, 3)": 0.7636604921552855, "(2, 4)": 0.7381785268691117, "(2, 5)": 0.6999643915778486, "(3, 0)": 0.32649604965988366, "(3, 1)": 0.32808542605595625, "(3, 2)": 0.3308401383131965, "(3, 4)": 0.29366916568946333, "(3, 5)": 0.2939817245687595, "(4, 0)": 0.5853387402444592, "(4, 1)": 0.5861149781689203, "(4, 2)": 0.6747815246045559, "(4, 3)": 0.5530436890847177, "(4, 5)": 0.557334860501727, "(5, 0)": 0.5603275584692614, "(5, 1)": 0.5725923864036662, "(5, 2)": 0.625445865837368, "(5, 3)": 0.5816429582863427, "(5, 4)": 0.5518385271822813}