{"(0, 1)": 0.6754554416944994, "(0, 2)": 0.772655125552915, "(0, 3)": 0.6976497200414521, "(0, 4)": 0.665236080305837, "(0, 5)": 0.6689099146136182, "(1, 0)": 0.729397919064023, "(1, 2)": 0.8399873673762164, "(1, 3)": 0.7516110738830912, "(1, 4)": 0.7268416647889877, "(1, 5)": 0.7115219479020709, "(2, 0)": 0.7540003423742785, "(2, 1)": 0.7839608551051371, "(2, 3)": 0.7634584284767952, "(2, 4)": 0.7356826727045552, "(2, 5)": 0.6988014429071949, "(3, 0)": 0.3258739193409539, "(3, 1)": 0.32685184799746225, "(3, 2)": 0.33525828302480154, "(3, 4)": 0.29262113693434577, "(3, 5)": 0.28996513580617045, "(4, 0)": 0.5806910493197004, "(4, 1)": 0.5870954582032801, "(4, 2)": 0.6708006664008064, "(4, 3)": 0.5524395572996281, "(4, 5)": 0.5555832181035809, "(5, 0)": 0.5608535787164228, "(5, 1)": 0.5814855277564661, "(5, 2)": 0.6283628218223248, "(5, 3)": 0.5864593784812775, "(5, 4)": 0.549059732506036}