{"(0, 1)": 0.6709172713877081, "(0, 2)": 0.7715654921076438, "(0, 3)": 0.6957970873160251, "(0, 4)": 0.6612987563955894, "(0, 5)": 0.6689691205937773, "(1, 0)": 0.726555062348873, "(1, 2)": 0.8410008047388091, "(1, 3)": 0.7484104207076188, "(1, 4)": 0.7265638034076971, "(1, 5)": 0.7154869067742099, "(2, 0)": 0.7505971133545993, "(2, 1)": 0.7807534903472901, "(2, 3)": 0.7626310147243722, "(2, 4)": 0.732258507326847, "(2, 5)": 0.6979558934183461, "(3, 0)": 0.32764307647829016, "(3, 1)": 0.3224603426831695, "(3, 2)": 0.32457200780315565, "(3, 4)": 0.28761268303955145, "(3, 5)": 0.2878351096721863, "(4, 0)": 0.5834275672635876, "(4, 1)": 0.5866165730303766, "(4, 2)": 0.6721003197343514, "(4, 3)": 0.5508576123133027, "(4, 5)": 0.5549597109642703, "(5, 0)": 0.5601403208774632, "(5, 1)": 0.5688864985464406, "(5, 2)": 0.627055509029564, "(5, 3)": 0.578202053612353, "(5, 4)": 0.5461820227729425}