{"(0, 1)": 0.6854041570705349, "(0, 2)": 0.6580282212825443, "(0, 3)": 0.7010595668313789, "(0, 4)": 0.6795284803795328, "(1, 0)": 0.009880980311260057, "(1, 2)": 0.14830769613250117, "(1, 3)": 0.019265596446804478, "(1, 4)": 0.020387422444123282, "(2, 0)": 0.01295921163024516, "(2, 1)": 0.08601272012421501, "(2, 3)": -0.003023821815768102, "(2, 4)": 0.006075560632615273, "(3, 0)": 0.02393264392733563, "(3, 1)": 0.009891744072334396, "(3, 2)": -0.0008598499040413099, "(3, 4)": 0.026957845945866254, "(4, 0)": 0.17241887427637803, "(4, 1)": 0.17655821038995734, "(4, 2)": 0.14565323893306614, "(4, 3)": 0.35590136932418814}