{"(0, 1)": 0.6784827149251353, "(0, 2)": 0.6652258252775543, "(0, 3)": 0.724751247595165, "(0, 4)": 0.6771775107066782, "(1, 0)": 0.013054739751904298, "(1, 2)": 0.13916127698188852, "(1, 3)": 0.022962280724638795, "(1, 4)": 0.015544879369846831, "(2, 0)": 0.0044380548811779885, "(2, 1)": 0.07787890979272427, "(2, 3)": -0.0011934989321364942, "(2, 4)": 0.0002916718016003905, "(3, 0)": 0.0275436638101747, "(3, 1)": 0.007896714128600268, "(3, 2)": -0.0015028335686031458, "(3, 4)": 0.03218917633856688, "(4, 0)": 0.17496994193698712, "(4, 1)": 0.17685135753474568, "(4, 2)": 0.15422098813421903, "(4, 3)": 0.35637560782934075}