{"(0, 1)": 0.6849975446678878, "(0, 2)": 0.6701350358044589, "(0, 3)": 0.7067049683023159, "(0, 4)": 0.6792107470070785, "(1, 0)": 0.01565701074666248, "(1, 2)": 0.1490612739221866, "(1, 3)": 0.020638471836617378, "(1, 4)": 0.013309787481316837, "(2, 0)": 0.006623857482856543, "(2, 1)": 0.08359726362883901, "(2, 3)": 0.002026752100878104, "(2, 4)": -0.0003803035554741374, "(3, 0)": 0.02350203776472304, "(3, 1)": 0.00970111414541397, "(3, 2)": 0.006391541309096027, "(3, 4)": 0.02827740359757369, "(4, 0)": 0.175194548229741, "(4, 1)": 0.17179547225845337, "(4, 2)": 0.14611381131435575, "(4, 3)": 0.34955248440787134}