{"(0, 1)": 0.6851894582008378, "(0, 2)": 0.6674375467707077, "(0, 3)": 0.7226548193506519, "(0, 4)": 0.6747387013217062, "(1, 0)": 0.013489065182595295, "(1, 2)": 0.15245927302009699, "(1, 3)": 0.014232400904692466, "(1, 4)": 0.017895926781059, "(2, 0)": 0.006144220976203374, "(2, 1)": 0.08035119047632633, "(2, 3)": -0.0027094992707201726, "(2, 4)": 0.008868610185449821, "(3, 0)": 0.03134720635001409, "(3, 1)": 0.009016350535144824, "(3, 2)": -0.00344519516045394, "(3, 4)": 0.03493551067882816, "(4, 0)": 0.17392290156475965, "(4, 1)": 0.1719766440299959, "(4, 2)": 0.1451828875327742, "(4, 3)": 0.3835030769502612}