{"(0, 1)": 0.6825031811854148, "(0, 2)": 0.6644732408787196, "(0, 3)": 0.7179667077110943, "(0, 4)": 0.6778952399597582, "(1, 0)": 0.013297962907152572, "(1, 2)": 0.15694153750602058, "(1, 3)": 0.023306446486463628, "(1, 4)": 0.013899381684886691, "(2, 0)": 0.006807501898383195, "(2, 1)": 0.0841408627624689, "(2, 3)": -0.001831303478417201, "(2, 4)": 0.0015444064930894008, "(3, 0)": 0.02760205970272689, "(3, 1)": 0.008201870877035056, "(3, 2)": 0.001143168789516591, "(3, 4)": 0.032279560249831696, "(4, 0)": 0.17240439993049195, "(4, 1)": 0.1741689827721371, "(4, 2)": 0.14124141745657204, "(4, 3)": 0.3485644063979081}