{"(0, 1)": 0.7389880121930739, "(0, 2)": 0.7255555523451922, "(0, 3)": 0.7301537370232831, "(0, 4)": 0.7626894866269986, "(0, 5)": 0.7371664219303518, "(0, 6)": 0.6750321257902965, "(0, 7)": 0.745570902845559, "(0, 8)": 0.8010927366328774, "(0, 9)": 0.733389788941657, "(0, 10)": 0.6863398244704098, "(1, 0)": 0.7616949905799355, "(1, 2)": 0.7600875393831734, "(1, 3)": 0.7607718739092539, "(1, 4)": 0.7446382504666097, "(1, 5)": 0.7647159300972938, "(1, 6)": 0.7759630692050761, "(1, 7)": 0.7892972499813333, "(1, 8)": 0.7534258005966356, "(1, 9)": 0.788878693388393, "(1, 10)": 0.7851946005950469, "(2, 0)": 0.4070463895307824, "(2, 1)": 0.4470416805376808, "(2, 3)": 0.47458650235069744, "(2, 4)": 0.45629125640424506, "(2, 5)": 0.4678327705035108, "(2, 6)": 0.43176955285603713, "(2, 7)": 0.4493227141205478, "(2, 8)": 0.4497771409864545, "(2, 9)": 0.43270102989015136, "(2, 10)": 0.4682144878146729, "(3, 0)": 0.44636942297428495, "(3, 1)": 0.36342493646037766, "(3, 2)": 0.4521671470382965, "(3, 4)": 0.4016760962859087, "(3, 5)": 0.42769969517198014, "(3, 6)": 0.3740846057349747, "(3, 7)": 0.35710194642493465, "(3, 8)": 0.3462814097200635, "(3, 9)": 0.4028600500555859, "(3, 10)": 0.40675810157138526, "(4, 0)": 0.6590517716099955, "(4, 1)": 0.5846586054939009, "(4, 2)": 0.5472295282448649, "(4, 3)": 0.5773194260490897, "(4, 5)": 0.7996956386909485, "(4, 6)": 0.6305218702547507, "(4, 7)": 0.6733698063398916, "(4, 8)": 0.6170903011749492, "(4, 9)": 0.6585914908052938, "(4, 10)": 0.6642529958234178, "(5, 0)": 0.77832564313112, "(5, 1)": 0.7614480082454378, "(5, 2)": 0.7382575847547727, "(5, 3)": 0.7714567391331362, "(5, 4)": 0.9087959436383595, "(5, 6)": 0.8075037802441036, "(5, 7)": 0.8490369646910609, "(5, 8)": 0.8203665221017311, "(5, 9)": 0.8042435976868811, "(5, 10)": 0.850981025232767, "(6, 0)": 0.2221111296442907, "(6, 1)": 0.24516078077495518, "(6, 2)": 0.20035437215501406, "(6, 3)": 0.28801141328130875, "(6, 4)": 0.3297234527610037, "(6, 5)": 0.3622878549829248, "(6, 7)": 0.2816321753242076, "(6, 8)": 0.2280291989523192, "(6, 9)": 0.22877640574305613, "(6, 10)": 0.3584252770247892, "(7, 0)": 0.6056860922424312, "(7, 1)": 0.584865758762543, "(7, 2)": 0.5888935293420233, "(7, 3)": 0.5901193354783767, "(7, 4)": 0.709476251672615, "(7, 5)": 0.7216957422351562, "(7, 6)": 0.5604913999663896, "(7, 8)": 0.5874060941358503, "(7, 9)": 0.5776401765518404, "(7, 10)": 0.634784818424894, "(8, 0)": 0.8171227858383197, "(8, 1)": 0.7419593030334057, "(8, 2)": 0.7415215481631172, "(8, 3)": 0.7316113277713179, "(8, 4)": 0.7612189849317385, "(8, 5)": 0.7710759403441889, "(8, 6)": 0.7205373677221547, "(8, 7)": 0.7018834753690519, "(8, 9)": 0.7585695541575004, "(8, 10)": 0.762756282066443, "(9, 0)": 0.45740046636694776, "(9, 1)": 0.5313496688283328, "(9, 2)": 0.45084863288734756, "(9, 3)": 0.4933201138501715, "(9, 4)": 0.5106460119513998, "(9, 5)": 0.5268804789285527, "(9, 6)": 0.4459509242231474, "(9, 7)": 0.4250962746507879, "(9, 8)": 0.5337942915976732, "(9, 10)": 0.5683811251644258, "(10, 0)": 0.7252240416734619, "(10, 1)": 0.7187951448134047, "(10, 2)": 0.6650522551859949, "(10, 3)": 0.7069989398294665, "(10, 4)": 0.7724761268144638, "(10, 5)": 0.8219246898999406, "(10, 6)": 0.7536638245501963, "(10, 7)": 0.7674428621459088, "(10, 8)": 0.7366827801227203, "(10, 9)": 0.7952380544042622}