{"(0, 1)": 0.7331453386776379, "(0, 2)": 0.7215568015461351, "(0, 3)": 0.729159649097539, "(0, 4)": 0.7602981152581099, "(0, 5)": 0.7367166634722854, "(0, 6)": 0.675000146141014, "(0, 7)": 0.7427568876567481, "(0, 8)": 0.7988008754231317, "(0, 9)": 0.7311815165114322, "(0, 10)": 0.6843549656139799, "(1, 0)": 0.7586394088672672, "(1, 2)": 0.7657746633105398, "(1, 3)": 0.7625259274187672, "(1, 4)": 0.7473461050435597, "(1, 5)": 0.7653187509067012, "(1, 6)": 0.774359156767789, "(1, 7)": 0.7849406536201242, "(1, 8)": 0.7536264720519843, "(1, 9)": 0.784205457911321, "(1, 10)": 0.7803809298839068, "(2, 0)": 0.40315388107111394, "(2, 1)": 0.44983549513483356, "(2, 3)": 0.46548798978386985, "(2, 4)": 0.46205370515523414, "(2, 5)": 0.4660015023743467, "(2, 6)": 0.43226609605569255, "(2, 7)": 0.4500007399940871, "(2, 8)": 0.4509270387152968, "(2, 9)": 0.43138261153043267, "(2, 10)": 0.46613468205563946, "(3, 0)": 0.450282501903683, "(3, 1)": 0.3738817140151939, "(3, 2)": 0.45007128946977826, "(3, 4)": 0.39959468161902223, "(3, 5)": 0.42673371122938786, "(3, 6)": 0.37695975070113796, "(3, 7)": 0.35858569904795845, "(3, 8)": 0.3522850771421, "(3, 9)": 0.4053101792054272, "(3, 10)": 0.40299470779733393, "(4, 0)": 0.6577822386643899, "(4, 1)": 0.5818026720699729, "(4, 2)": 0.5389558846004276, "(4, 3)": 0.5733002380864508, "(4, 5)": 0.7966651423966251, "(4, 6)": 0.6289619980975143, "(4, 7)": 0.6677307622355981, "(4, 8)": 0.6174328709905448, "(4, 9)": 0.6562858687470736, "(4, 10)": 0.6648567198702813, "(5, 0)": 0.7801592256626967, "(5, 1)": 0.7556094539043998, "(5, 2)": 0.7414281036979626, "(5, 3)": 0.769300932997084, "(5, 4)": 0.9101862846145982, "(5, 6)": 0.8080554597003244, "(5, 7)": 0.851275411085663, "(5, 8)": 0.8195122600457626, "(5, 9)": 0.8051678946810727, "(5, 10)": 0.8472936184022312, "(6, 0)": 0.22105914314162034, "(6, 1)": 0.24263517202233642, "(6, 2)": 0.1984645846788161, "(6, 3)": 0.2838235429569079, "(6, 4)": 0.32371342593503794, "(6, 5)": 0.3566429445167185, "(6, 7)": 0.2813145016946277, "(6, 8)": 0.2295657411011065, "(6, 9)": 0.23282872291804735, "(6, 10)": 0.35222067306141436, "(7, 0)": 0.6078479249798283, "(7, 1)": 0.5870661497194885, "(7, 2)": 0.5936091547849615, "(7, 3)": 0.5861350718291298, "(7, 4)": 0.7091353156861433, "(7, 5)": 0.7183370373271203, "(7, 6)": 0.5620217180121228, "(7, 8)": 0.5886233978510014, "(7, 9)": 0.5755521619083812, "(7, 10)": 0.6346241156529264, "(8, 0)": 0.815520385403493, "(8, 1)": 0.737382762162231, "(8, 2)": 0.7374072160790067, "(8, 3)": 0.7248837000416029, "(8, 4)": 0.7621647613491919, "(8, 5)": 0.7721449008797392, "(8, 6)": 0.7176852891435421, "(8, 7)": 0.6983089982308989, "(8, 9)": 0.754009657136675, "(8, 10)": 0.7672014325769368, "(9, 0)": 0.46052831818565343, "(9, 1)": 0.5202056728170853, "(9, 2)": 0.4414198737574989, "(9, 3)": 0.4951697796081903, "(9, 4)": 0.5090626155342967, "(9, 5)": 0.5238250928490918, "(9, 6)": 0.4537155525554384, "(9, 7)": 0.4215849740419044, "(9, 8)": 0.5301567576778341, "(9, 10)": 0.5689787948329765, "(10, 0)": 0.7287025424098842, "(10, 1)": 0.722706267538956, "(10, 2)": 0.6713645508069181, "(10, 3)": 0.713620188296097, "(10, 4)": 0.7705126614525112, "(10, 5)": 0.8214768110099706, "(10, 6)": 0.7556119396998429, "(10, 7)": 0.7698150049856164, "(10, 8)": 0.7344880619201293, "(10, 9)": 0.7978701430398312}