{"(0, 1)": 0.7398850421854792, "(0, 2)": 0.7249362807044426, "(0, 3)": 0.7283252813581546, "(0, 4)": 0.7621165020123178, "(0, 5)": 0.7407631669865087, "(0, 6)": 0.6766472376640761, "(0, 7)": 0.7439759919747462, "(0, 8)": 0.7989026648438896, "(0, 9)": 0.7305883599163354, "(0, 10)": 0.6923828126102951, "(1, 0)": 0.7605589429916033, "(1, 2)": 0.7653704152250652, "(1, 3)": 0.762838533963865, "(1, 4)": 0.7468060044889435, "(1, 5)": 0.7643702212173593, "(1, 6)": 0.7772089911487225, "(1, 7)": 0.7900878707095693, "(1, 8)": 0.7496930621652247, "(1, 9)": 0.7860136356218637, "(1, 10)": 0.7818786922786276, "(2, 0)": 0.4069952209725609, "(2, 1)": 0.44583956811884073, "(2, 3)": 0.46090367531050624, "(2, 4)": 0.46202792683454774, "(2, 5)": 0.4678896755873003, "(2, 6)": 0.42763384300783036, "(2, 7)": 0.4455117298469362, "(2, 8)": 0.4501682649406382, "(2, 9)": 0.4238651246044144, "(2, 10)": 0.46197063634617574, "(3, 0)": 0.44509884704429226, "(3, 1)": 0.3666581490001314, "(3, 2)": 0.45323933534088623, "(3, 4)": 0.40103880268952663, "(3, 5)": 0.4362360215296024, "(3, 6)": 0.3794492481671671, "(3, 7)": 0.3571234428542881, "(3, 8)": 0.35377113824744866, "(3, 9)": 0.40568246255351126, "(3, 10)": 0.4090998164555847, "(4, 0)": 0.6578206636305537, "(4, 1)": 0.5890410488351128, "(4, 2)": 0.5430932414568501, "(4, 3)": 0.579949858632213, "(4, 5)": 0.7985844294085975, "(4, 6)": 0.6324955730308686, "(4, 7)": 0.6746553201352299, "(4, 8)": 0.6181358004335614, "(4, 9)": 0.6628046474669679, "(4, 10)": 0.6637547775521544, "(5, 0)": 0.7775995284642053, "(5, 1)": 0.7573857178354858, "(5, 2)": 0.7343823005625412, "(5, 3)": 0.7730160620196649, "(5, 4)": 0.9093485761170575, "(5, 6)": 0.8058651583289818, "(5, 7)": 0.8497789950143471, "(5, 8)": 0.8205996838352565, "(5, 9)": 0.8028854540691232, "(5, 10)": 0.8483677371026933, "(6, 0)": 0.22348571760693903, "(6, 1)": 0.25134985276686206, "(6, 2)": 0.20503375465088136, "(6, 3)": 0.28798243499079135, "(6, 4)": 0.3324144723269191, "(6, 5)": 0.36293083823476346, "(6, 7)": 0.2848584110307606, "(6, 8)": 0.23109400183214812, "(6, 9)": 0.2313509672443521, "(6, 10)": 0.35380959929289757, "(7, 0)": 0.6094609414975166, "(7, 1)": 0.5783786721722708, "(7, 2)": 0.5941822133750595, "(7, 3)": 0.5906006570471889, "(7, 4)": 0.7086636497588549, "(7, 5)": 0.7202634322564387, "(7, 6)": 0.5592549916303052, "(7, 8)": 0.5867144146285087, "(7, 9)": 0.5780706912971977, "(7, 10)": 0.6323163536897212, "(8, 0)": 0.8151419389287516, "(8, 1)": 0.741001470533338, "(8, 2)": 0.7403201544868141, "(8, 3)": 0.7274749664979436, "(8, 4)": 0.7642617149743115, "(8, 5)": 0.7754217515292425, "(8, 6)": 0.7196722472862711, "(8, 7)": 0.702038533064308, "(8, 9)": 0.7521550099080668, "(8, 10)": 0.7649633453001559, "(9, 0)": 0.45608740839728645, "(9, 1)": 0.5274273653160964, "(9, 2)": 0.4470078407844852, "(9, 3)": 0.4942807835966466, "(9, 4)": 0.5044523715905636, "(9, 5)": 0.5227872228356292, "(9, 6)": 0.45281375321418216, "(9, 7)": 0.4249817498558981, "(9, 8)": 0.5328156868750037, "(9, 10)": 0.5695025005657808, "(10, 0)": 0.7238019218341918, "(10, 1)": 0.7147192902573271, "(10, 2)": 0.6663410714083515, "(10, 3)": 0.7074042350457239, "(10, 4)": 0.7709066849706807, "(10, 5)": 0.8188787975817262, "(10, 6)": 0.7545177000489105, "(10, 7)": 0.766785140025494, "(10, 8)": 0.7342141273497829, "(10, 9)": 0.7970523159567718}