{"(0, 1)": 0.7352878768598138, "(0, 2)": 0.7270049808968722, "(0, 3)": 0.72653765008658, "(0, 4)": 0.7551345890914318, "(0, 5)": 0.7386177638453831, "(0, 6)": 0.673689216675259, "(0, 7)": 0.7406801991281079, "(0, 8)": 0.7997454342808232, "(0, 9)": 0.7303565586595169, "(0, 10)": 0.6882843051133893, "(1, 0)": 0.7541330878436547, "(1, 2)": 0.7613966274550541, "(1, 3)": 0.7580999877252522, "(1, 4)": 0.7415095110731966, "(1, 5)": 0.7625133602644679, "(1, 6)": 0.7736146272798714, "(1, 7)": 0.7858562375058437, "(1, 8)": 0.7492710121963384, "(1, 9)": 0.7825349627865767, "(1, 10)": 0.781475389818107, "(2, 0)": 0.40412653782957175, "(2, 1)": 0.44508062200055487, "(2, 3)": 0.46803937283383457, "(2, 4)": 0.4652637532658873, "(2, 5)": 0.47118741140194664, "(2, 6)": 0.4274342530864492, "(2, 7)": 0.4461380706195488, "(2, 8)": 0.45307338513098816, "(2, 9)": 0.43257496823201913, "(2, 10)": 0.4629343932332247, "(3, 0)": 0.4420148460772396, "(3, 1)": 0.36817053617500684, "(3, 2)": 0.45232917444608467, "(3, 4)": 0.3965692256043162, "(3, 5)": 0.4296106802238361, "(3, 6)": 0.3801791611497335, "(3, 7)": 0.36211326592015713, "(3, 8)": 0.34203762106758284, "(3, 9)": 0.4075361904776438, "(3, 10)": 0.4008154383120325, "(4, 0)": 0.6589287832351626, "(4, 1)": 0.5863707499311361, "(4, 2)": 0.5398593316439217, "(4, 3)": 0.5768398419014551, "(4, 5)": 0.799012784796055, "(4, 6)": 0.6303536251731231, "(4, 7)": 0.66926189731218, "(4, 8)": 0.615879354562072, "(4, 9)": 0.6588266395832565, "(4, 10)": 0.6605603151226977, "(5, 0)": 0.7757852076307452, "(5, 1)": 0.7550526107336337, "(5, 2)": 0.737395052008853, "(5, 3)": 0.7757684066571221, "(5, 4)": 0.9089327818274994, "(5, 6)": 0.8062821598211584, "(5, 7)": 0.8508305598347972, "(5, 8)": 0.8230050484789673, "(5, 9)": 0.8067481462479107, "(5, 10)": 0.84840657918384, "(6, 0)": 0.22612703644232324, "(6, 1)": 0.2500539193989594, "(6, 2)": 0.2017318530569444, "(6, 3)": 0.2925744538788694, "(6, 4)": 0.320764788283857, "(6, 5)": 0.3568504367363121, "(6, 7)": 0.28446968383380744, "(6, 8)": 0.22486412968552316, "(6, 9)": 0.22527630994344117, "(6, 10)": 0.3526794058460243, "(7, 0)": 0.6089118491184844, "(7, 1)": 0.5889438025729976, "(7, 2)": 0.5933748471176075, "(7, 3)": 0.5951087074892742, "(7, 4)": 0.7073182409091471, "(7, 5)": 0.7174935304623575, "(7, 6)": 0.5625364430691944, "(7, 8)": 0.5898793883016085, "(7, 9)": 0.5843111817558531, "(7, 10)": 0.6331967803438815, "(8, 0)": 0.816218675545474, "(8, 1)": 0.7363976674964542, "(8, 2)": 0.738849941980863, "(8, 3)": 0.7239716653781375, "(8, 4)": 0.7614045241072818, "(8, 5)": 0.7693298485584799, "(8, 6)": 0.7149715293596458, "(8, 7)": 0.7019204488222965, "(8, 9)": 0.7557875823313084, "(8, 10)": 0.7649866061505427, "(9, 0)": 0.46077031840108174, "(9, 1)": 0.528882406660296, "(9, 2)": 0.44439756170590694, "(9, 3)": 0.4907727264646631, "(9, 4)": 0.5103523654707416, "(9, 5)": 0.5184006703467354, "(9, 6)": 0.4463718542883951, "(9, 7)": 0.4234632378952575, "(9, 8)": 0.5391965845036071, "(9, 10)": 0.571799226977278, "(10, 0)": 0.7223473017569872, "(10, 1)": 0.7168390870213324, "(10, 2)": 0.6649860794119976, "(10, 3)": 0.7057924223196455, "(10, 4)": 0.7696876218863524, "(10, 5)": 0.8223245400479464, "(10, 6)": 0.7514282113324339, "(10, 7)": 0.7653496320061428, "(10, 8)": 0.7384754126386325, "(10, 9)": 0.7951869766553802}