{"(0, 1)": 0.7310533281414355, "(0, 2)": 0.729071321397202, "(0, 3)": 0.7277408072452423, "(0, 4)": 0.76003035504129, "(0, 5)": 0.7368427679174998, "(0, 6)": 0.6698448896476232, "(0, 7)": 0.7436947738528072, "(0, 8)": 0.8033631675987858, "(0, 9)": 0.7315469051646881, "(0, 10)": 0.6940095632679897, "(1, 0)": 0.7568614790685182, "(1, 2)": 0.766625831338446, "(1, 3)": 0.7625709778768286, "(1, 4)": 0.7450568216602065, "(1, 5)": 0.7666618561152303, "(1, 6)": 0.7768171060378672, "(1, 7)": 0.7922334872751378, "(1, 8)": 0.7520029917867, "(1, 9)": 0.7855096436773981, "(1, 10)": 0.7855698279038824, "(2, 0)": 0.4104912970229794, "(2, 1)": 0.4547650837199866, "(2, 3)": 0.46903169356941077, "(2, 4)": 0.4695073648704823, "(2, 5)": 0.47122004382722094, "(2, 6)": 0.42769970697397564, "(2, 7)": 0.4479159310529961, "(2, 8)": 0.4524656456464874, "(2, 9)": 0.43276930316866213, "(2, 10)": 0.46872231511286133, "(3, 0)": 0.43984073952276026, "(3, 1)": 0.3690271784813428, "(3, 2)": 0.4463276359883882, "(3, 4)": 0.3987137351968011, "(3, 5)": 0.4245321399054768, "(3, 6)": 0.3789113935039282, "(3, 7)": 0.36107048308386425, "(3, 8)": 0.349284766788308, "(3, 9)": 0.4062129234553993, "(3, 10)": 0.40622561912195443, "(4, 0)": 0.6556571645700698, "(4, 1)": 0.5875499067906791, "(4, 2)": 0.5436793414407939, "(4, 3)": 0.5768332475689117, "(4, 5)": 0.8006693047256435, "(4, 6)": 0.6344655875888572, "(4, 7)": 0.670572043303665, "(4, 8)": 0.6192263484351554, "(4, 9)": 0.659073046636727, "(4, 10)": 0.6666148537165452, "(5, 0)": 0.7798922294162717, "(5, 1)": 0.7597344981208942, "(5, 2)": 0.7382304475720025, "(5, 3)": 0.7728206816175482, "(5, 4)": 0.9112369779335968, "(5, 6)": 0.8078450466758362, "(5, 7)": 0.8471306368849509, "(5, 8)": 0.8199496927198603, "(5, 9)": 0.8080842858296373, "(5, 10)": 0.8514043801684457, "(6, 0)": 0.22396659965693944, "(6, 1)": 0.24656842136773782, "(6, 2)": 0.20514378909796294, "(6, 3)": 0.28450915384986797, "(6, 4)": 0.32455564402647497, "(6, 5)": 0.35645106222702694, "(6, 7)": 0.279790937184916, "(6, 8)": 0.21934260780273196, "(6, 9)": 0.22829055214524385, "(6, 10)": 0.3575914498615578, "(7, 0)": 0.6106973089111147, "(7, 1)": 0.5899378376396686, "(7, 2)": 0.5942576710966871, "(7, 3)": 0.5933909384299201, "(7, 4)": 0.7062112031366687, "(7, 5)": 0.7190979466871259, "(7, 6)": 0.5593929758686693, "(7, 8)": 0.586004912050784, "(7, 9)": 0.5796879264150705, "(7, 10)": 0.635823704362419, "(8, 0)": 0.8154618777229313, "(8, 1)": 0.7408771283525253, "(8, 2)": 0.7380650892704075, "(8, 3)": 0.7260142890802217, "(8, 4)": 0.7587432265422219, "(8, 5)": 0.7689014538746459, "(8, 6)": 0.7177266861589333, "(8, 7)": 0.6965171481052834, "(8, 9)": 0.7542720587186404, "(8, 10)": 0.7644922476855032, "(9, 0)": 0.4557753854575448, "(9, 1)": 0.526638690389903, "(9, 2)": 0.4443829942533615, "(9, 3)": 0.49038017566703707, "(9, 4)": 0.5058656591259867, "(9, 5)": 0.5278587813952014, "(9, 6)": 0.45332011221103174, "(9, 7)": 0.4198576887372649, "(9, 8)": 0.5339643025049434, "(9, 10)": 0.5736323201871817, "(10, 0)": 0.723211010699083, "(10, 1)": 0.7214014111607836, "(10, 2)": 0.6605620112727979, "(10, 3)": 0.7049765000391719, "(10, 4)": 0.771623542509863, "(10, 5)": 0.819701326667901, "(10, 6)": 0.7555994713158496, "(10, 7)": 0.7659679053719832, "(10, 8)": 0.7350850244784031, "(10, 9)": 0.7989405708380497}