{"(0, 1)": 0.6867864590573025, "(0, 2)": 0.733138213844506, "(1, 0)": 0.3971869899585301, "(1, 2)": 0.4194521738418069, "(2, 0)": 0.6110750062202088, "(2, 1)": 0.6973430880371556}