{"(0, 1)": 0.6799360720928102, "(0, 2)": 0.7312954022595062, "(1, 0)": 0.3944840450795344, "(1, 2)": 0.41943012425923765, "(2, 0)": 0.6058134051091135, "(2, 1)": 0.6918103240958566}