{"(0, 1)": 0.677450076731466, "(0, 2)": 0.7313853305738645, "(1, 0)": 0.3961787247115316, "(1, 2)": 0.42051440439414123, "(2, 0)": 0.6106475337810551, "(2, 1)": 0.6919853678905468}