{"(0, 1)": 0.6857904398477048, "(0, 2)": 0.7358304293822479, "(1, 0)": 0.39295595429393837, "(1, 2)": 0.418486548936541, "(2, 0)": 0.6092505740620388, "(2, 1)": 0.6961025946096923}