{"(0, 1)": 0.6822738429197277, "(0, 2)": 0.7351924642116668, "(1, 0)": 0.3970339641424925, "(1, 2)": 0.4225462411080999, "(2, 0)": 0.6097921159316085, "(2, 1)": 0.691087686236694}