{"(0, 1)": 0.3673239611502662, "(0, 2)": 0.642666785987501, "(0, 3)": 0.6094209673050865, "(1, 0)": 0.23015508228908776, "(1, 2)": 0.25310318056858216, "(1, 3)": 0.26318481649197245, "(2, 0)": 0.6978384354650201, "(2, 1)": 0.5193122549219928, "(2, 3)": 0.7936948261150594, "(3, 0)": 0.5578736317260381, "(3, 1)": 0.4715276491734861, "(3, 2)": 0.728675498116971}