{"(0, 1)": 0.357108882248509, "(0, 2)": 0.6437679297948329, "(0, 3)": 0.6124634445484707, "(1, 0)": 0.2238206665485224, "(1, 2)": 0.25620909816489956, "(1, 3)": 0.26139772980468634, "(2, 0)": 0.6939562226818858, "(2, 1)": 0.5176751850583619, "(2, 3)": 0.7929886361894098, "(3, 0)": 0.5554847920512125, "(3, 1)": 0.4633191436252224, "(3, 2)": 0.7235980674964897}