{"(0, 1)": 0.3626059300546025, "(0, 2)": 0.6463526044839345, "(0, 3)": 0.6171299497121308, "(1, 0)": 0.22410227940046534, "(1, 2)": 0.2563733245791372, "(1, 3)": 0.26031059237019316, "(2, 0)": 0.6980242120387207, "(2, 1)": 0.5203690385422448, "(2, 3)": 0.7954181858509347, "(3, 0)": 0.5579086496378114, "(3, 1)": 0.4661391095226193, "(3, 2)": 0.7288219093686593}