{"(0, 1)": 0.36250676375024027, "(0, 2)": 0.6435328706906278, "(0, 3)": 0.6106826246714245, "(1, 0)": 0.22412985330427926, "(1, 2)": 0.2553691107257734, "(1, 3)": 0.2592642589532662, "(2, 0)": 0.6959084455539399, "(2, 1)": 0.5181154939129731, "(2, 3)": 0.7925861772873148, "(3, 0)": 0.5591158424343394, "(3, 1)": 0.46551650863686544, "(3, 2)": 0.7279977491489918}