{"(0, 1)": 0.36671502677546886, "(0, 2)": 0.6464450830105588, "(0, 3)": 0.6083467020955404, "(1, 0)": 0.22029357010885242, "(1, 2)": 0.2519867861796452, "(1, 3)": 0.26330287918022977, "(2, 0)": 0.6969923653938985, "(2, 1)": 0.5249182613753491, "(2, 3)": 0.793941877319571, "(3, 0)": 0.5605694104448744, "(3, 1)": 0.47154559402977414, "(3, 2)": 0.7287648181006832}