{"(0, 1)": 0.8191942614336016, "(0, 2)": 0.7277886915109819, "(0, 3)": 0.5870560649873291, "(0, 4)": 0.12000081536757368, "(0, 5)": 0.12669248736055694, "(0, 6)": 0.14500391542480806, "(0, 7)": 0.08490404815859465, "(0, 8)": 0.23067028656477095, "(1, 0)": 0.8323704706328513, "(1, 2)": 0.7088250034553698, "(1, 3)": 0.5392614996499207, "(1, 4)": 0.1451944325143505, "(1, 5)": 0.13803547125198434, "(1, 6)": 0.14755143871479548, "(1, 7)": 0.10330591898124308, "(1, 8)": 0.26073835934988276, "(2, 0)": 0.7353527169410223, "(2, 1)": 0.7083638330580793, "(2, 3)": 0.6176010200768163, "(2, 4)": 0.10148268602337851, "(2, 5)": 0.11146061225215054, "(2, 6)": 0.1311793700817705, "(2, 7)": 0.10614138683567931, "(2, 8)": 0.15209026147588733, "(3, 0)": 0.5761124708288217, "(3, 1)": 0.5337110591061303, "(3, 2)": 0.6292274360116825, "(3, 4)": 0.142264616459436, "(3, 5)": 0.14305382649353926, "(3, 6)": 0.16887709449234556, "(3, 7)": 0.14405544319939223, "(3, 8)": 0.10633717585343372, "(4, 0)": 0.19942456312772283, "(4, 1)": 0.1884546294847319, "(4, 2)": 0.17921365758620533, "(4, 3)": 0.16750504742109318, "(4, 5)": 0.2102167780704065, "(4, 6)": 0.21440210598260734, "(4, 7)": 0.1971127376749917, "(4, 8)": 0.13821924992310786, "(5, 0)": 0.1845437366746091, "(5, 1)": 0.1739159121034598, "(5, 2)": 0.1770377995993947, "(5, 3)": 0.17492268683053436, "(5, 4)": 0.20084236265918431, "(5, 6)": 0.24045325715078336, "(5, 7)": 0.1513019616100627, "(5, 8)": 0.10036295875599943, "(6, 0)": 0.18918592157478997, "(6, 1)": 0.16278679709516353, "(6, 2)": 0.18095736732659418, "(6, 3)": 0.19029610039431777, "(6, 4)": 0.19317966091763739, "(6, 5)": 0.22345985142095903, "(6, 7)": 0.14608642087516666, "(6, 8)": 0.09414539223854146, "(7, 0)": 0.15700979525424108, "(7, 1)": 0.13207623866595097, "(7, 2)": 0.14130247163798548, "(7, 3)": 0.1960654196503342, "(7, 4)": 0.19667630749963427, "(7, 5)": 0.1889867439262033, "(7, 6)": 0.22272668869745893, "(7, 8)": 0.12683277228158796, "(8, 0)": 0.4552322549871144, "(8, 1)": 0.4343469669531098, "(8, 2)": 0.421522791101687, "(8, 3)": 0.3397331405561409, "(8, 4)": 0.26422694648531486, "(8, 5)": 0.2611239566307324, "(8, 6)": 0.26200582238699743, "(8, 7)": 0.2262927081691607}