{"(0, 1)": 0.8197305314255219, "(0, 2)": 0.7298964846115732, "(0, 3)": 0.5910792992678027, "(0, 4)": 0.12365342958301706, "(0, 5)": 0.13095711049368508, "(0, 6)": 0.14909586969113275, "(0, 7)": 0.08858518900468892, "(0, 8)": 0.22945494746453488, "(1, 0)": 0.8316101272979213, "(1, 2)": 0.7133463391562278, "(1, 3)": 0.5463384145153779, "(1, 4)": 0.15475178317204807, "(1, 5)": 0.14377954200728293, "(1, 6)": 0.14603468596286528, "(1, 7)": 0.10347486730921585, "(1, 8)": 0.2590176948455395, "(2, 0)": 0.7387909045357086, "(2, 1)": 0.7107212086002299, "(2, 3)": 0.6194616651738983, "(2, 4)": 0.10601141512156975, "(2, 5)": 0.11820324417242001, "(2, 6)": 0.13299519248124747, "(2, 7)": 0.1055413513402228, "(2, 8)": 0.13511450783235024, "(3, 0)": 0.5824601261640703, "(3, 1)": 0.5396301510131262, "(3, 2)": 0.6314383708734436, "(3, 4)": 0.1430868902190724, "(3, 5)": 0.14120375115400718, "(3, 6)": 0.16508719766207458, "(3, 7)": 0.14273968384185043, "(3, 8)": 0.10776197566782642, "(4, 0)": 0.20590875078409654, "(4, 1)": 0.18371841152952495, "(4, 2)": 0.17951492884997944, "(4, 3)": 0.16825768815696895, "(4, 5)": 0.21496049196527034, "(4, 6)": 0.21044905753869336, "(4, 7)": 0.19862949524711726, "(4, 8)": 0.1353286846492734, "(5, 0)": 0.18653948674491427, "(5, 1)": 0.175141206678177, "(5, 2)": 0.18268764829134354, "(5, 3)": 0.18201272072533425, "(5, 4)": 0.2002315035677218, "(5, 6)": 0.2409493689817681, "(5, 7)": 0.1498365846352664, "(5, 8)": 0.1038332994907909, "(6, 0)": 0.19390430189075436, "(6, 1)": 0.1654205897409392, "(6, 2)": 0.18541427273133604, "(6, 3)": 0.19534331801042937, "(6, 4)": 0.19090693398590275, "(6, 5)": 0.23846639214595167, "(6, 7)": 0.14885008591719373, "(6, 8)": 0.09146201857401615, "(7, 0)": 0.15427475915306677, "(7, 1)": 0.13735991059809205, "(7, 2)": 0.1446000367635153, "(7, 3)": 0.1931557671872245, "(7, 4)": 0.1930104313533575, "(7, 5)": 0.18543299983618566, "(7, 6)": 0.21704367712484907, "(7, 8)": 0.11845157021307884, "(8, 0)": 0.4632998408042155, "(8, 1)": 0.44173581001441486, "(8, 2)": 0.42458313499085865, "(8, 3)": 0.34529367407195166, "(8, 4)": 0.27459202092931323, "(8, 5)": 0.2644701358220407, "(8, 6)": 0.26957766712948605, "(8, 7)": 0.2281235639506115}