{"(0, 1)": 0.8203235590811366, "(0, 2)": 0.7288541337546829, "(0, 3)": 0.5906127521032747, "(0, 4)": 0.1229483389851943, "(0, 5)": 0.1323535063031901, "(0, 6)": 0.14512072405864118, "(0, 7)": 0.07864361299508482, "(0, 8)": 0.23436321114762992, "(1, 0)": 0.8324617219993533, "(1, 2)": 0.7105354810030405, "(1, 3)": 0.5417903718008783, "(1, 4)": 0.15527431165574768, "(1, 5)": 0.1400043487538285, "(1, 6)": 0.14757752790080136, "(1, 7)": 0.1068464456171524, "(1, 8)": 0.25488815065522563, "(2, 0)": 0.7385118741750853, "(2, 1)": 0.7085517448201442, "(2, 3)": 0.6215648163295435, "(2, 4)": 0.10423690334700308, "(2, 5)": 0.12149750728548336, "(2, 6)": 0.13226083284817414, "(2, 7)": 0.11137033851009781, "(2, 8)": 0.1516663998243304, "(3, 0)": 0.5808047969388088, "(3, 1)": 0.536424897556437, "(3, 2)": 0.635858352545817, "(3, 4)": 0.14913517734309323, "(3, 5)": 0.14669157840275038, "(3, 6)": 0.17057728031836816, "(3, 7)": 0.14117933204004274, "(3, 8)": 0.09540162643723415, "(4, 0)": 0.20606285926656476, "(4, 1)": 0.19023487775440662, "(4, 2)": 0.18215447462309842, "(4, 3)": 0.16597038596644853, "(4, 5)": 0.21687204650871195, "(4, 6)": 0.21965207271927145, "(4, 7)": 0.19959145473367357, "(4, 8)": 0.13887102523140604, "(5, 0)": 0.19203407086977753, "(5, 1)": 0.17534026842977601, "(5, 2)": 0.1905599437137807, "(5, 3)": 0.18129260558893223, "(5, 4)": 0.20441663942597232, "(5, 6)": 0.24105743738469465, "(5, 7)": 0.14848287787992753, "(5, 8)": 0.10102656300799351, "(6, 0)": 0.19266963517247226, "(6, 1)": 0.16425268502415857, "(6, 2)": 0.179300845187489, "(6, 3)": 0.1907108104671974, "(6, 4)": 0.19772216999966719, "(6, 5)": 0.2272889971234352, "(6, 7)": 0.15075640082931263, "(6, 8)": 0.09256872057203647, "(7, 0)": 0.16195545751026785, "(7, 1)": 0.1406023137612067, "(7, 2)": 0.14283273447824207, "(7, 3)": 0.19624582293676085, "(7, 4)": 0.19894811862840134, "(7, 5)": 0.18605408174893978, "(7, 6)": 0.22209416733977716, "(7, 8)": 0.12137565212305856, "(8, 0)": 0.45817084169915523, "(8, 1)": 0.4386476298495332, "(8, 2)": 0.42522091200215384, "(8, 3)": 0.341650265486397, "(8, 4)": 0.2743555000192205, "(8, 5)": 0.2653155095428952, "(8, 6)": 0.2731169696764292, "(8, 7)": 0.22716046176673788}