{"(0, 1)": 0.8199215081846193, "(0, 2)": 0.7289387701282771, "(0, 3)": 0.589461687177782, "(0, 4)": 0.12305580256200055, "(0, 5)": 0.12565085251679142, "(0, 6)": 0.14950391955721865, "(0, 7)": 0.08323238151954282, "(0, 8)": 0.2217487180827563, "(1, 0)": 0.8317626446505657, "(1, 2)": 0.7109933613790813, "(1, 3)": 0.5430340915289648, "(1, 4)": 0.15040411927401964, "(1, 5)": 0.1448841188006682, "(1, 6)": 0.15000572247256483, "(1, 7)": 0.10638961693584392, "(1, 8)": 0.2574357338636676, "(2, 0)": 0.737185045531696, "(2, 1)": 0.7118988972568341, "(2, 3)": 0.6203347128385384, "(2, 4)": 0.10156025646974698, "(2, 5)": 0.12477053138789063, "(2, 6)": 0.13206469840797963, "(2, 7)": 0.10618397581509498, "(2, 8)": 0.13637004701265165, "(3, 0)": 0.5780906667267264, "(3, 1)": 0.5353930792734867, "(3, 2)": 0.6291949753996394, "(3, 4)": 0.14183403337078937, "(3, 5)": 0.14581479342774106, "(3, 6)": 0.1662062832043285, "(3, 7)": 0.14426623005688943, "(3, 8)": 0.10092465381466731, "(4, 0)": 0.20743448996702774, "(4, 1)": 0.18615972018512272, "(4, 2)": 0.18237061111666564, "(4, 3)": 0.17123485869907762, "(4, 5)": 0.2117798585290197, "(4, 6)": 0.21153719397527637, "(4, 7)": 0.19597022120932728, "(4, 8)": 0.13687549599923454, "(5, 0)": 0.1872570814912511, "(5, 1)": 0.17227179525548797, "(5, 2)": 0.1800005886951217, "(5, 3)": 0.18044505291170432, "(5, 4)": 0.19902471189654514, "(5, 6)": 0.23705869318113448, "(5, 7)": 0.1530725147050458, "(5, 8)": 0.0958649934911826, "(6, 0)": 0.19153428611414836, "(6, 1)": 0.17003789881202847, "(6, 2)": 0.18137233673915232, "(6, 3)": 0.19210350014493482, "(6, 4)": 0.1927242997456079, "(6, 5)": 0.22894806794164524, "(6, 7)": 0.14345587007620597, "(6, 8)": 0.09991241887267144, "(7, 0)": 0.15755765434760893, "(7, 1)": 0.12959260841388853, "(7, 2)": 0.13926725113683658, "(7, 3)": 0.19466557707814247, "(7, 4)": 0.19983876927290367, "(7, 5)": 0.19388892976984407, "(7, 6)": 0.22205206385490928, "(7, 8)": 0.1241748915332409, "(8, 0)": 0.4570664602216119, "(8, 1)": 0.4354355886954143, "(8, 2)": 0.42807514380103917, "(8, 3)": 0.34474666256620135, "(8, 4)": 0.2710877104642133, "(8, 5)": 0.259572264184191, "(8, 6)": 0.26359209555570506, "(8, 7)": 0.2252392684565484}