{"(0, 1)": 0.8191480987534805, "(0, 2)": 0.7291590926732854, "(0, 3)": 0.5931285607866116, "(0, 4)": 0.12093950411884324, "(0, 5)": 0.13211098964095214, "(0, 6)": 0.1442182698655472, "(0, 7)": 0.08692387484700781, "(0, 8)": 0.22860731151946434, "(1, 0)": 0.8325390541344873, "(1, 2)": 0.7122464165316418, "(1, 3)": 0.5440924111304655, "(1, 4)": 0.1467332588699155, "(1, 5)": 0.13720391749732574, "(1, 6)": 0.13883203406644773, "(1, 7)": 0.10413239640805216, "(1, 8)": 0.2599383515847288, "(2, 0)": 0.7397918530007992, "(2, 1)": 0.7124917029669368, "(2, 3)": 0.6196747983556419, "(2, 4)": 0.10240752338444858, "(2, 5)": 0.11837378517984865, "(2, 6)": 0.12763195866022436, "(2, 7)": 0.10632206853864024, "(2, 8)": 0.14522784050407378, "(3, 0)": 0.581152155200026, "(3, 1)": 0.5350287839601628, "(3, 2)": 0.6308404559384315, "(3, 4)": 0.14325465289288697, "(3, 5)": 0.1465295216003648, "(3, 6)": 0.16150079224844716, "(3, 7)": 0.13595959411196623, "(3, 8)": 0.09882640225519801, "(4, 0)": 0.2029916946190995, "(4, 1)": 0.18890954544402816, "(4, 2)": 0.1748021027797565, "(4, 3)": 0.16712865551963962, "(4, 5)": 0.20999374820163008, "(4, 6)": 0.21224825363486788, "(4, 7)": 0.19781503591708882, "(4, 8)": 0.13718143698630092, "(5, 0)": 0.18450409644291665, "(5, 1)": 0.17025740314956073, "(5, 2)": 0.17827584155362275, "(5, 3)": 0.17749245358436427, "(5, 4)": 0.1957970897458018, "(5, 6)": 0.23053535559054084, "(5, 7)": 0.14605243415810254, "(5, 8)": 0.10073971239772195, "(6, 0)": 0.1859242397826587, "(6, 1)": 0.16372471769319397, "(6, 2)": 0.1749100639795279, "(6, 3)": 0.18977544388345435, "(6, 4)": 0.19077871638250354, "(6, 5)": 0.2194912960267189, "(6, 7)": 0.14764125088993163, "(6, 8)": 0.09736644115190107, "(7, 0)": 0.1551235198921227, "(7, 1)": 0.1325009788643443, "(7, 2)": 0.1380565140238913, "(7, 3)": 0.19270271029123198, "(7, 4)": 0.1988832570892266, "(7, 5)": 0.19286409355244993, "(7, 6)": 0.2177278909045507, "(7, 8)": 0.12898844957664257, "(8, 0)": 0.45441395198557755, "(8, 1)": 0.4377606511901859, "(8, 2)": 0.4210503571851042, "(8, 3)": 0.34297927499291003, "(8, 4)": 0.2702935528596935, "(8, 5)": 0.25789739061242334, "(8, 6)": 0.2684574379222784, "(8, 7)": 0.2202054902354451}