{"(0, 1)": 0.9999400984287408, "(0, 2)": 0.9999400984287408, "(0, 3)": 0.9999400984287408, "(0, 4)": 0.9912691937365616, "(0, 5)": 0.9913905565202459, "(0, 6)": 0.989643690108774, "(0, 7)": 0.9903174922724033, "(0, 8)": 0.9917518951396465, "(0, 9)": 0.9913707057969293, "(1, 0)": 0.9999400984287408, "(1, 2)": 0.9999400984287408, "(1, 3)": 0.9999400984287408, "(1, 4)": 0.9912691937365616, "(1, 5)": 0.9913905565202459, "(1, 6)": 0.989643690108774, "(1, 7)": 0.9903174922724033, "(1, 8)": 0.9917518951396465, "(1, 9)": 0.9913707057969293, "(2, 0)": 0.9999400984287408, "(2, 1)": 0.9999400984287408, "(2, 3)": 0.9999400984287408, "(2, 4)": 0.9912691937365616, "(2, 5)": 0.9913905565202459, "(2, 6)": 0.989643690108774, "(2, 7)": 0.9903174922724033, "(2, 8)": 0.9917518951396465, "(2, 9)": 0.9913707057969293, "(3, 0)": 0.9999400984287408, "(3, 1)": 0.9999400984287408, "(3, 2)": 0.9999400984287408, "(3, 4)": 0.9912691937365616, "(3, 5)": 0.9913905565202459, "(3, 6)": 0.989643690108774, "(3, 7)": 0.9903174922724033, "(3, 8)": 0.9917518951396465, "(3, 9)": 0.9913707057969293, "(4, 0)": 0.9748662556591722, "(4, 1)": 0.9755573017276082, "(4, 2)": 0.975105307544475, "(4, 3)": 0.9752937698540508, "(4, 5)": 0.9791085606198119, "(4, 6)": 0.9751294942967917, "(4, 7)": 0.9807411043602168, "(4, 8)": 0.9825710762050388, "(4, 9)": 0.9775539446809527, "(5, 0)": 0.9698969176434609, "(5, 1)": 0.9700025943927572, "(5, 2)": 0.9700992687463728, "(5, 3)": 0.9697766393011704, "(5, 4)": 0.9759809538922413, "(5, 6)": 0.9739262148818598, "(5, 7)": 0.9687546133387382, "(5, 8)": 0.979759085773313, "(5, 9)": 0.9725772275776253, "(6, 0)": 0.9248278408676067, "(6, 1)": 0.9239904836693708, "(6, 2)": 0.9229953025468588, "(6, 3)": 0.9249407176134485, "(6, 4)": 0.9265674639040553, "(6, 5)": 0.9289421662378774, "(6, 7)": 0.9314244394039284, "(6, 8)": 0.9253191134975546, "(6, 9)": 0.9289903713601785, "(7, 0)": 0.9434371595388544, "(7, 1)": 0.9448441012638037, "(7, 2)": 0.9444004494766679, "(7, 3)": 0.943594105063552, "(7, 4)": 0.9374852282820112, "(7, 5)": 0.9372084838982122, "(7, 6)": 0.9380547109912455, "(7, 8)": 0.9356462125290357, "(7, 9)": 0.9425808630805991, "(8, 0)": 0.9858302099986661, "(8, 1)": 0.9857587620329469, "(8, 2)": 0.9854208973950543, "(8, 3)": 0.9858468035907045, "(8, 4)": 0.9965747861681591, "(8, 5)": 0.9939079262429859, "(8, 6)": 0.9857351926354665, "(8, 7)": 0.9886245560854999, "(8, 9)": 0.9889316312007356, "(9, 0)": 0.9913800813358375, "(9, 1)": 0.9913800813358375, "(9, 2)": 0.9913800813358375, "(9, 3)": 0.9913800813358375, "(9, 4)": 0.9919297097577084, "(9, 5)": 0.9921675734225867, "(9, 6)": 0.9907231897455038, "(9, 7)": 0.9917198366751224, "(9, 8)": 0.9925919066150583}