{"(0, 1)": 0.999940100298851, "(0, 2)": 0.999940100298851, "(0, 3)": 0.999940100298851, "(0, 4)": 0.9912681207461448, "(0, 5)": 0.9913795357963203, "(0, 6)": 0.9896129236357977, "(0, 7)": 0.9903086649577455, "(0, 8)": 0.9917415108225591, "(0, 9)": 0.991368966567406, "(1, 0)": 0.999940100298851, "(1, 2)": 0.999940100298851, "(1, 3)": 0.999940100298851, "(1, 4)": 0.9912681207461448, "(1, 5)": 0.9913795357963203, "(1, 6)": 0.9896129236357977, "(1, 7)": 0.9903086649577455, "(1, 8)": 0.9917415108225591, "(1, 9)": 0.991368966567406, "(2, 0)": 0.999940100298851, "(2, 1)": 0.999940100298851, "(2, 3)": 0.999940100298851, "(2, 4)": 0.9912681207461448, "(2, 5)": 0.9913795357963203, "(2, 6)": 0.9896129236357977, "(2, 7)": 0.9903086649577455, "(2, 8)": 0.9917415108225591, "(2, 9)": 0.991368966567406, "(3, 0)": 0.999940100298851, "(3, 1)": 0.999940100298851, "(3, 2)": 0.999940100298851, "(3, 4)": 0.9912681207461448, "(3, 5)": 0.9913795357963203, "(3, 6)": 0.9896129236357977, "(3, 7)": 0.9903086649577455, "(3, 8)": 0.9917415108225591, "(3, 9)": 0.991368966567406, "(4, 0)": 0.9753421992830849, "(4, 1)": 0.9754327598265131, "(4, 2)": 0.9754290110702499, "(4, 3)": 0.9755378690002021, "(4, 5)": 0.9797052218263216, "(4, 6)": 0.9752782968509673, "(4, 7)": 0.9802095461009412, "(4, 8)": 0.9835981814623754, "(4, 9)": 0.9777645626824938, "(5, 0)": 0.9698151369674384, "(5, 1)": 0.9704040996959977, "(5, 2)": 0.9694471132611787, "(5, 3)": 0.9697349899025158, "(5, 4)": 0.9739670141323045, "(5, 6)": 0.9740787315047912, "(5, 7)": 0.9678030683182082, "(5, 8)": 0.9771150632007327, "(5, 9)": 0.9712991398144464, "(6, 0)": 0.9241960324065006, "(6, 1)": 0.9250276707037589, "(6, 2)": 0.9235691237206576, "(6, 3)": 0.9238324342486081, "(6, 4)": 0.923987098240226, "(6, 5)": 0.9293809703565583, "(6, 7)": 0.9293155537592667, "(6, 8)": 0.9230486726284057, "(6, 9)": 0.9249647848610641, "(7, 0)": 0.9427362000979702, "(7, 1)": 0.942242633856418, "(7, 2)": 0.9423196537578252, "(7, 3)": 0.9427302553673275, "(7, 4)": 0.9382562021755791, "(7, 5)": 0.9364408785564983, "(7, 6)": 0.9394641077289874, "(7, 8)": 0.9357461621103552, "(7, 9)": 0.9435709932214629, "(8, 0)": 0.9853725162591636, "(8, 1)": 0.9851706450143997, "(8, 2)": 0.9854430898357802, "(8, 3)": 0.9853946320011387, "(8, 4)": 0.9965708437128169, "(8, 5)": 0.9941189926423288, "(8, 6)": 0.985225157012458, "(8, 7)": 0.9888928196267603, "(8, 9)": 0.9889773070186741, "(9, 0)": 0.9914318707645459, "(9, 1)": 0.9914318707645459, "(9, 2)": 0.9914318707645459, "(9, 3)": 0.9914318707645459, "(9, 4)": 0.9919246941045845, "(9, 5)": 0.9921545883579544, "(9, 6)": 0.9907028363046453, "(9, 7)": 0.9917119178816859, "(9, 8)": 0.9925820056440348}