{"(0, 1)": 0.9999401130750809, "(0, 2)": 0.9999401130750809, "(0, 3)": 0.9999401130750809, "(0, 4)": 0.9912551364457796, "(0, 5)": 0.9913724694761612, "(0, 6)": 0.9896073477159106, "(0, 7)": 0.9903001780086691, "(0, 8)": 0.9917346799659476, "(0, 9)": 0.9913567912407633, "(1, 0)": 0.9999401130750809, "(1, 2)": 0.9999401130750809, "(1, 3)": 0.9999401130750809, "(1, 4)": 0.9912551364457796, "(1, 5)": 0.9913724694761612, "(1, 6)": 0.9896073477159106, "(1, 7)": 0.9903001780086691, "(1, 8)": 0.9917346799659476, "(1, 9)": 0.9913567912407633, "(2, 0)": 0.9999401130750809, "(2, 1)": 0.9999401130750809, "(2, 3)": 0.9999401130750809, "(2, 4)": 0.9912551364457796, "(2, 5)": 0.9913724694761612, "(2, 6)": 0.9896073477159106, "(2, 7)": 0.9903001780086691, "(2, 8)": 0.9917346799659476, "(2, 9)": 0.9913567912407633, "(3, 0)": 0.9999401130750809, "(3, 1)": 0.9999401130750809, "(3, 2)": 0.9999401130750809, "(3, 4)": 0.9912551364457796, "(3, 5)": 0.9913724694761612, "(3, 6)": 0.9896073477159106, "(3, 7)": 0.9903001780086691, "(3, 8)": 0.9917346799659476, "(3, 9)": 0.9913567912407633, "(4, 0)": 0.9761373068994529, "(4, 1)": 0.975591256324384, "(4, 2)": 0.9758542984576943, "(4, 3)": 0.9763565330780772, "(4, 5)": 0.9798764964683978, "(4, 6)": 0.9757467609614363, "(4, 7)": 0.9806362307251402, "(4, 8)": 0.9833361667370314, "(4, 9)": 0.9787729185965183, "(5, 0)": 0.9697812429724019, "(5, 1)": 0.970307651250519, "(5, 2)": 0.9700443811091185, "(5, 3)": 0.9697175615128444, "(5, 4)": 0.9730333030125656, "(5, 6)": 0.9739449989325717, "(5, 7)": 0.9668233272447325, "(5, 8)": 0.9783014786118854, "(5, 9)": 0.9705673124366013, "(6, 0)": 0.9218149566236434, "(6, 1)": 0.9232024194538595, "(6, 2)": 0.9218685817263794, "(6, 3)": 0.9222750097473346, "(6, 4)": 0.9229281807486327, "(6, 5)": 0.9269193696054463, "(6, 7)": 0.9293146652211134, "(6, 8)": 0.9213261511158601, "(6, 9)": 0.9263449569090699, "(7, 0)": 0.9438701311894793, "(7, 1)": 0.9445921584085843, "(7, 2)": 0.9425376519101999, "(7, 3)": 0.9431782298393059, "(7, 4)": 0.9389667275370867, "(7, 5)": 0.93494624342112, "(7, 6)": 0.9388779093903346, "(7, 8)": 0.9363406047889142, "(7, 9)": 0.9432514425739593, "(8, 0)": 0.9858444609305108, "(8, 1)": 0.985441856245216, "(8, 2)": 0.9855773722536203, "(8, 3)": 0.985688287389132, "(8, 4)": 0.9965658137415031, "(8, 5)": 0.9941064489554927, "(8, 6)": 0.9857649726648114, "(8, 7)": 0.9884859218533373, "(8, 9)": 0.9889011613589496, "(9, 0)": 0.991403844189589, "(9, 1)": 0.991403844189589, "(9, 2)": 0.991403844189589, "(9, 3)": 0.991403844189589, "(9, 4)": 0.9919168761118626, "(9, 5)": 0.9921461085185374, "(9, 6)": 0.9906963130349068, "(9, 7)": 0.9917049892900073, "(9, 8)": 0.9925775236325074}