{"(0, 1)": 0.9999401179924247, "(0, 2)": 0.9999401179924247, "(0, 3)": 0.9999401179924247, "(0, 4)": 0.9912653727237624, "(0, 5)": 0.99138979790853, "(0, 6)": 0.9896288373679577, "(0, 7)": 0.9903328861602702, "(0, 8)": 0.9917594450862645, "(0, 9)": 0.9914025458073873, "(1, 0)": 0.9999401179924247, "(1, 2)": 0.9999401179924247, "(1, 3)": 0.9999401179924247, "(1, 4)": 0.9912653727237624, "(1, 5)": 0.99138979790853, "(1, 6)": 0.9896288373679577, "(1, 7)": 0.9903328861602702, "(1, 8)": 0.9917594450862645, "(1, 9)": 0.9914025458073873, "(2, 0)": 0.9999401179924247, "(2, 1)": 0.9999401179924247, "(2, 3)": 0.9999401179924247, "(2, 4)": 0.9912653727237624, "(2, 5)": 0.99138979790853, "(2, 6)": 0.9896288373679577, "(2, 7)": 0.9903328861602702, "(2, 8)": 0.9917594450862645, "(2, 9)": 0.9914025458073873, "(3, 0)": 0.9999401179924247, "(3, 1)": 0.9999401179924247, "(3, 2)": 0.9999401179924247, "(3, 4)": 0.9912653727237624, "(3, 5)": 0.99138979790853, "(3, 6)": 0.9896288373679577, "(3, 7)": 0.9903328861602702, "(3, 8)": 0.9917594450862645, "(3, 9)": 0.9914025458073873, "(4, 0)": 0.976558607770077, "(4, 1)": 0.9770541969910179, "(4, 2)": 0.9771603245687983, "(4, 3)": 0.9772492086051312, "(4, 5)": 0.9809790641361169, "(4, 6)": 0.9761790204827426, "(4, 7)": 0.9817147164798623, "(4, 8)": 0.983879141823218, "(4, 9)": 0.9789915580451681, "(5, 0)": 0.9705173720228895, "(5, 1)": 0.9707343934517022, "(5, 2)": 0.9706515380550516, "(5, 3)": 0.9707299463699621, "(5, 4)": 0.9754885262658407, "(5, 6)": 0.9737456524377245, "(5, 7)": 0.9679677855082931, "(5, 8)": 0.9780418149482535, "(5, 9)": 0.9723745839677365, "(6, 0)": 0.9238991721270235, "(6, 1)": 0.923712968278688, "(6, 2)": 0.9226512005139671, "(6, 3)": 0.9226337265786464, "(6, 4)": 0.9232892928751562, "(6, 5)": 0.925781406331284, "(6, 7)": 0.9279310718805664, "(6, 8)": 0.9215976233735239, "(6, 9)": 0.9249913062478304, "(7, 0)": 0.944237624472518, "(7, 1)": 0.9437191494601722, "(7, 2)": 0.9438915920744563, "(7, 3)": 0.9433259727158062, "(7, 4)": 0.9396816506823785, "(7, 5)": 0.9371357735104975, "(7, 6)": 0.9385610589930438, "(7, 8)": 0.937931353489434, "(7, 9)": 0.9444568141641281, "(8, 0)": 0.9853035948171981, "(8, 1)": 0.9853626044479722, "(8, 2)": 0.9851028737549145, "(8, 3)": 0.9853742897372287, "(8, 4)": 0.9965776993901743, "(8, 5)": 0.9941597475923155, "(8, 6)": 0.9855541795274205, "(8, 7)": 0.9887795315438752, "(8, 9)": 0.9893179605677495, "(9, 0)": 0.9914372953054977, "(9, 1)": 0.9914372953054977, "(9, 2)": 0.9914372953054977, "(9, 3)": 0.9914372953054977, "(9, 4)": 0.991926868642715, "(9, 5)": 0.9921671353723396, "(9, 6)": 0.9907082621732483, "(9, 7)": 0.9917393784335358, "(9, 8)": 0.9925983583062845}