{"(0, 1)": 0.9999401220773333, "(0, 2)": 0.9999401220773333, "(0, 3)": 0.9999401220773333, "(0, 4)": 0.9912348282270722, "(0, 5)": 0.9913621577992792, "(0, 6)": 0.9896656757727814, "(0, 7)": 0.9902944598780832, "(0, 8)": 0.9917201575126076, "(0, 9)": 0.9913710237511386, "(1, 0)": 0.9999401220773333, "(1, 2)": 0.9999401220773333, "(1, 3)": 0.9999401220773333, "(1, 4)": 0.9912348282270722, "(1, 5)": 0.9913621577992792, "(1, 6)": 0.9896656757727814, "(1, 7)": 0.9902944598780832, "(1, 8)": 0.9917201575126076, "(1, 9)": 0.9913710237511386, "(2, 0)": 0.9999401220773333, "(2, 1)": 0.9999401220773333, "(2, 3)": 0.9999401220773333, "(2, 4)": 0.9912348282270722, "(2, 5)": 0.9913621577992792, "(2, 6)": 0.9896656757727814, "(2, 7)": 0.9902944598780832, "(2, 8)": 0.9917201575126076, "(2, 9)": 0.9913710237511386, "(3, 0)": 0.9999401220773333, "(3, 1)": 0.9999401220773333, "(3, 2)": 0.9999401220773333, "(3, 4)": 0.9912348282270722, "(3, 5)": 0.9913621577992792, "(3, 6)": 0.9896656757727814, "(3, 7)": 0.9902944598780832, "(3, 8)": 0.9917201575126076, "(3, 9)": 0.9913710237511386, "(4, 0)": 0.9762793379559176, "(4, 1)": 0.976208951787218, "(4, 2)": 0.9760546700477591, "(4, 3)": 0.9758508602339871, "(4, 5)": 0.9798264462858747, "(4, 6)": 0.9758449547308524, "(4, 7)": 0.9804982997191097, "(4, 8)": 0.9830227795075989, "(4, 9)": 0.9788321594901219, "(5, 0)": 0.9699668076473185, "(5, 1)": 0.9690414460057476, "(5, 2)": 0.9693983495763847, "(5, 3)": 0.9691676073572273, "(5, 4)": 0.974072625872821, "(5, 6)": 0.9744074688375182, "(5, 7)": 0.9667886769952589, "(5, 8)": 0.9788650692969939, "(5, 9)": 0.9724797199262608, "(6, 0)": 0.9240475472578263, "(6, 1)": 0.9257779027046017, "(6, 2)": 0.9239872529412607, "(6, 3)": 0.9241593928190616, "(6, 4)": 0.9231532798889108, "(6, 5)": 0.928904870429242, "(6, 7)": 0.9277176521931366, "(6, 8)": 0.9229680624313757, "(6, 9)": 0.9265022370939335, "(7, 0)": 0.9449390959541704, "(7, 1)": 0.9461498014148743, "(7, 2)": 0.9469956066221086, "(7, 3)": 0.9452265013430972, "(7, 4)": 0.9405590983487923, "(7, 5)": 0.9369562410788208, "(7, 6)": 0.9410525462722744, "(7, 8)": 0.9377258224992149, "(7, 9)": 0.9446017539851691, "(8, 0)": 0.9857069050228959, "(8, 1)": 0.985862396344632, "(8, 2)": 0.9861547072616829, "(8, 3)": 0.9859836305683042, "(8, 4)": 0.9965596323688898, "(8, 5)": 0.9943584446492967, "(8, 6)": 0.9858279239374105, "(8, 7)": 0.9887049191170214, "(8, 9)": 0.9892227617358154, "(9, 0)": 0.9914327915270192, "(9, 1)": 0.9914327915270192, "(9, 2)": 0.9914327915270192, "(9, 3)": 0.9914327915270192, "(9, 4)": 0.9918953805115912, "(9, 5)": 0.9921435838046266, "(9, 6)": 0.9907463382623706, "(9, 7)": 0.9917009902718078, "(9, 8)": 0.9925615058067379}