{"(0, 1)": 0.5140143030848026, "(0, 2)": 0.6894766363473386, "(0, 3)": 0.4344016352231004, "(0, 4)": 0.29303493764613253, "(1, 0)": 0.9751937783298076, "(1, 2)": 0.9708719130428621, "(1, 3)": 0.6589407576964834, "(1, 4)": 0.5802297625079748, "(2, 0)": 0.7609150194287609, "(2, 1)": 0.5960617475193211, "(2, 3)": 0.4352439220780763, "(2, 4)": 0.3513942098288185, "(3, 0)": 0.5289983153577701, "(3, 1)": 0.4779681815969301, "(3, 2)": 0.47870168835549, "(3, 4)": 0.43194373802587405, "(4, 0)": 0.0724722978020571, "(4, 1)": 0.09657861635051002, "(4, 2)": 0.07452111253573901, "(4, 3)": 0.09099332205264032}