{"(0, 1)": 0.5212056192917264, "(0, 2)": 0.6900988475293891, "(0, 3)": 0.4370996289468275, "(0, 4)": 0.29182948700310885, "(1, 0)": 0.975825442072906, "(1, 2)": 0.971770026202274, "(1, 3)": 0.6586435197432112, "(1, 4)": 0.588762275171392, "(2, 0)": 0.7632298137728244, "(2, 1)": 0.600445370461464, "(2, 3)": 0.4356618043163105, "(2, 4)": 0.3563277459940247, "(3, 0)": 0.52913410365949, "(3, 1)": 0.468435466855986, "(3, 2)": 0.4735449861383352, "(3, 4)": 0.43236960804759705, "(4, 0)": 0.06780477259118844, "(4, 1)": 0.09782067216225121, "(4, 2)": 0.0706348933725417, "(4, 3)": 0.08943382457248461}