{"(0, 1)": 0.5217489743778637, "(0, 2)": 0.6892725302856715, "(0, 3)": 0.4409115690958638, "(0, 4)": 0.29253976549952965, "(1, 0)": 0.9757752055072434, "(1, 2)": 0.9720525303698226, "(1, 3)": 0.6630992827034176, "(1, 4)": 0.5869881581612622, "(2, 0)": 0.7673050413834945, "(2, 1)": 0.602627438418977, "(2, 3)": 0.4399085291332313, "(2, 4)": 0.35062829562346887, "(3, 0)": 0.5298233842308135, "(3, 1)": 0.483875286515131, "(3, 2)": 0.48133318998774144, "(3, 4)": 0.434364632762269, "(4, 0)": 0.06587063181491037, "(4, 1)": 0.09661032775935818, "(4, 2)": 0.07301254805902424, "(4, 3)": 0.08555163575892333}