{"(0, 1)": 0.522513013951887, "(0, 2)": 0.6920884957238412, "(0, 3)": 0.44020113563549745, "(0, 4)": 0.2927847819050273, "(1, 0)": 0.9762353685437353, "(1, 2)": 0.9747450155367394, "(1, 3)": 0.6625311678895446, "(1, 4)": 0.5873759117970485, "(2, 0)": 0.7672309154718109, "(2, 1)": 0.5912216006629434, "(2, 3)": 0.44058782222387316, "(2, 4)": 0.35072712381974347, "(3, 0)": 0.5296568427362114, "(3, 1)": 0.4757805414464833, "(3, 2)": 0.4689636778889782, "(3, 4)": 0.42904898437321615, "(4, 0)": 0.06324925517583002, "(4, 1)": 0.10074943573380557, "(4, 2)": 0.07519913089314223, "(4, 3)": 0.08757078346176428}