{"(0, 1)": 0.5225641656440769, "(0, 2)": 0.6926355464721332, "(0, 3)": 0.4358008523031326, "(0, 4)": 0.29013441747183255, "(1, 0)": 0.9751043775124469, "(1, 2)": 0.973038772881582, "(1, 3)": 0.6583095461116378, "(1, 4)": 0.5838659811465803, "(2, 0)": 0.7678072505508877, "(2, 1)": 0.5969774178800268, "(2, 3)": 0.4376592469598075, "(2, 4)": 0.3513645598889418, "(3, 0)": 0.5291040901319777, "(3, 1)": 0.47640193245355944, "(3, 2)": 0.4756350660751447, "(3, 4)": 0.42766459860070916, "(4, 0)": 0.06976680032552274, "(4, 1)": 0.09286211950981438, "(4, 2)": 0.07400816949018107, "(4, 3)": 0.08601622632566863}