{"(0, 1)": 0.14275941166370054, "(0, 2)": 0.10543025406657769, "(0, 3)": 0.09713443478900774, "(0, 4)": 0.10468011514823927, "(0, 5)": 0.11857502892127103, "(0, 6)": 0.09225903797849944, "(0, 7)": 0.08818401885516869, "(0, 8)": 0.09053475660447186, "(0, 9)": 0.09363390920959291, "(1, 0)": 0.12795309870574023, "(1, 2)": 0.09401901834699455, "(1, 3)": 0.10611889054152734, "(1, 4)": 0.07954917874031342, "(1, 5)": 0.10517034990625573, "(1, 6)": 0.0893213827748478, "(1, 7)": 0.08859915875386692, "(1, 8)": 0.0779206553888826, "(1, 9)": 0.12915435815303022, "(2, 0)": 0.23063050004111685, "(2, 1)": 0.24443614218399956, "(2, 3)": 0.22183615660689704, "(2, 4)": 0.273013289158874, "(2, 5)": 0.2960536736841447, "(2, 6)": 0.3990568749120851, "(2, 7)": 0.23385859869643166, "(2, 8)": 0.23339393189065605, "(2, 9)": 0.3339382675288789, "(3, 0)": 0.09989442072281163, "(3, 1)": 0.12422640242336935, "(3, 2)": 0.13639466949926538, "(3, 4)": 0.12889678551683326, "(3, 5)": 0.1976385140672614, "(3, 6)": 0.25258112322557846, "(3, 7)": 0.10136757883424075, "(3, 8)": 0.11427675142330873, "(3, 9)": 0.29554147242237727, "(4, 0)": 0.09174459534274104, "(4, 1)": 0.10448786327452098, "(4, 2)": 0.1637479541268847, "(4, 3)": 0.11792201022656257, "(4, 5)": 0.2920725383304237, "(4, 6)": 0.12861128152351187, "(4, 7)": 0.10246231928510341, "(4, 8)": 0.0959061074976938, "(4, 9)": 0.13093584097285127, "(5, 0)": 0.1466376084682658, "(5, 1)": 0.15948220833941684, "(5, 2)": 0.21745378568044427, "(5, 3)": 0.22156623944967668, "(5, 4)": 0.3291429719853318, "(5, 6)": 0.22812589083094514, "(5, 7)": 0.15121326833389992, "(5, 8)": 0.1376907821079595, "(5, 9)": 0.24161326242855474, "(6, 0)": 0.006757168870704766, "(6, 1)": 0.017958969471889352, "(6, 2)": 0.3478308865873918, "(6, 3)": 0.14953027015653952, "(6, 4)": 0.051852327863939784, "(6, 5)": 0.12033145569961534, "(6, 7)": 0.017542695869050107, "(6, 8)": 0.01915883866867729, "(6, 9)": 0.36390596650650686, "(7, 0)": 0.07359687107361113, "(7, 1)": 0.0747839717019595, "(7, 2)": 0.08823276519203038, "(7, 3)": 0.08959604665882637, "(7, 4)": 0.08442696737202382, "(7, 5)": 0.06990280935695059, "(7, 6)": 0.06490981878832125, "(7, 8)": 0.08533304629614069, "(7, 9)": 0.08240057853267235, "(8, 0)": 0.07945510892265606, "(8, 1)": 0.07432107198183546, "(8, 2)": 0.08115294811412044, "(8, 3)": 0.09099684001509833, "(8, 4)": 0.07336157732599968, "(8, 5)": 0.06971973029852818, "(8, 6)": 0.09073996844832843, "(8, 7)": 0.08297695254393356, "(8, 9)": 0.09896544208333957, "(9, 0)": 0.0866616002753291, "(9, 1)": 0.07082401477091871, "(9, 2)": 0.18370137746935267, "(9, 3)": 0.2703469424982232, "(9, 4)": 0.09726215942511518, "(9, 5)": 0.18092569418583015, "(9, 6)": 0.48856772334356524, "(9, 7)": 0.07870230324099592, "(9, 8)": 0.10252864361376879}