{"(0, 1)": 0.1411208789793139, "(0, 2)": 0.10139138420268579, "(0, 3)": 0.09779658686051951, "(0, 4)": 0.09876619933347452, "(0, 5)": 0.11744780690951506, "(0, 6)": 0.08350775901779739, "(0, 7)": 0.0825211569876958, "(0, 8)": 0.08879411385583558, "(0, 9)": 0.08440815990265582, "(1, 0)": 0.12708824514437844, "(1, 2)": 0.09084060800299609, "(1, 3)": 0.10110279312823778, "(1, 4)": 0.07808780951618965, "(1, 5)": 0.10181032025699654, "(1, 6)": 0.09522468578007448, "(1, 7)": 0.09258021525655524, "(1, 8)": 0.08176129083642314, "(1, 9)": 0.13193115899649643, "(2, 0)": 0.2283294557720933, "(2, 1)": 0.2401790596630229, "(2, 3)": 0.21476476394977972, "(2, 4)": 0.26296411074280446, "(2, 5)": 0.288686706137951, "(2, 6)": 0.3945843042137773, "(2, 7)": 0.23349842963600376, "(2, 8)": 0.22748746488038563, "(2, 9)": 0.3293795209497733, "(3, 0)": 0.10579242890919338, "(3, 1)": 0.11578929458344422, "(3, 2)": 0.1297211181993363, "(3, 4)": 0.12490088482988149, "(3, 5)": 0.19432703196207246, "(3, 6)": 0.23974152684130434, "(3, 7)": 0.10481435712105736, "(3, 8)": 0.11846693501680039, "(3, 9)": 0.28110383893129764, "(4, 0)": 0.09327241210615977, "(4, 1)": 0.09878201754871929, "(4, 2)": 0.16545331709050004, "(4, 3)": 0.11237154748211353, "(4, 5)": 0.2945083675396818, "(4, 6)": 0.12805861003838148, "(4, 7)": 0.10394628386223681, "(4, 8)": 0.09498467267609823, "(4, 9)": 0.128635013240181, "(5, 0)": 0.15778921188559802, "(5, 1)": 0.158919354343647, "(5, 2)": 0.22405904487764483, "(5, 3)": 0.22022379274091286, "(5, 4)": 0.33128790926528695, "(5, 6)": 0.22987216577954905, "(5, 7)": 0.15614761319345105, "(5, 8)": 0.1420985522513606, "(5, 9)": 0.24029863075713254, "(6, 0)": 0.006795831049506096, "(6, 1)": 0.01893752160369977, "(6, 2)": 0.34366960155542847, "(6, 3)": 0.1440838262048073, "(6, 4)": 0.048904041939581644, "(6, 5)": 0.1161003555678084, "(6, 7)": 0.00975045836030719, "(6, 8)": 0.009614387675369707, "(6, 9)": 0.35660837786758004, "(7, 0)": 0.08278776944017585, "(7, 1)": 0.07707002443738353, "(7, 2)": 0.084925852602308, "(7, 3)": 0.08615156915013522, "(7, 4)": 0.08481329854109554, "(7, 5)": 0.0720928037044476, "(7, 6)": 0.06968305145361631, "(7, 8)": 0.08706386617631845, "(7, 9)": 0.07387261980979165, "(8, 0)": 0.07891575592061795, "(8, 1)": 0.07208645917715273, "(8, 2)": 0.08097691360948944, "(8, 3)": 0.09275045606751642, "(8, 4)": 0.07066671684375547, "(8, 5)": 0.0699328885783892, "(8, 6)": 0.0850799985387588, "(8, 7)": 0.07823652500018996, "(8, 9)": 0.0936687027710077, "(9, 0)": 0.07908810253165621, "(9, 1)": 0.0764010296371681, "(9, 2)": 0.18334488816639327, "(9, 3)": 0.2601138650771567, "(9, 4)": 0.10345665721871533, "(9, 5)": 0.17830925022563615, "(9, 6)": 0.47873963515330187, "(9, 7)": 0.07965461780306227, "(9, 8)": 0.09853536185248579}