{"(0, 1)": 0.14578125814095577, "(0, 2)": 0.09956078866340679, "(0, 3)": 0.09744787681596268, "(0, 4)": 0.1034622348910893, "(0, 5)": 0.11804680462344386, "(0, 6)": 0.08180941723019941, "(0, 7)": 0.08681010641871567, "(0, 8)": 0.08800145978333751, "(0, 9)": 0.08686368736015027, "(1, 0)": 0.13193355124525807, "(1, 2)": 0.09266554875071609, "(1, 3)": 0.1037743735733121, "(1, 4)": 0.08340382188635764, "(1, 5)": 0.10691163235139978, "(1, 6)": 0.092891521095251, "(1, 7)": 0.09533983901633569, "(1, 8)": 0.08205290824448952, "(1, 9)": 0.12889882468118186, "(2, 0)": 0.2314246085911421, "(2, 1)": 0.2427872967277126, "(2, 3)": 0.22102100208117847, "(2, 4)": 0.2652164631758719, "(2, 5)": 0.30082859404607276, "(2, 6)": 0.3989187832881056, "(2, 7)": 0.2346061912713885, "(2, 8)": 0.2324569004336895, "(2, 9)": 0.33993890410791305, "(3, 0)": 0.10415453332460523, "(3, 1)": 0.11803777973879581, "(3, 2)": 0.13325649242754567, "(3, 4)": 0.1285650498335389, "(3, 5)": 0.19805076325515225, "(3, 6)": 0.24905640741009027, "(3, 7)": 0.1068883658131281, "(3, 8)": 0.11885766402477382, "(3, 9)": 0.2883262403881287, "(4, 0)": 0.08971907186785355, "(4, 1)": 0.10207440809102386, "(4, 2)": 0.1636281688390312, "(4, 3)": 0.11267363886951343, "(4, 5)": 0.29230667477703176, "(4, 6)": 0.1323886481184522, "(4, 7)": 0.10379481331035179, "(4, 8)": 0.09147883358143705, "(4, 9)": 0.12927471657199163, "(5, 0)": 0.15292669870718656, "(5, 1)": 0.15400850971670488, "(5, 2)": 0.2207862638644521, "(5, 3)": 0.21972085400069785, "(5, 4)": 0.32762161230012055, "(5, 6)": 0.2294248723288912, "(5, 7)": 0.1530414230966689, "(5, 8)": 0.14258959050950804, "(5, 9)": 0.2427820061601066, "(6, 0)": 0.01088815494320483, "(6, 1)": 0.016830131773847068, "(6, 2)": 0.3474771896490437, "(6, 3)": 0.14745260273237537, "(6, 4)": 0.051523441808947745, "(6, 5)": 0.12389434766386365, "(6, 7)": 0.008511668925807014, "(6, 8)": 0.017264526471408637, "(6, 9)": 0.3605512320706582, "(7, 0)": 0.07127100503771011, "(7, 1)": 0.074419466239379, "(7, 2)": 0.09065989980672762, "(7, 3)": 0.07772505282237352, "(7, 4)": 0.08174455988923279, "(7, 5)": 0.0685769241261186, "(7, 6)": 0.06686795038352855, "(7, 8)": 0.08630544529714457, "(7, 9)": 0.07853516892637935, "(8, 0)": 0.06964521287095748, "(8, 1)": 0.0737856722146274, "(8, 2)": 0.07988119439390573, "(8, 3)": 0.09094810840179135, "(8, 4)": 0.06592241419838984, "(8, 5)": 0.06947923791579591, "(8, 6)": 0.08186663243259173, "(8, 7)": 0.07764337678510391, "(8, 9)": 0.0909639853712032, "(9, 0)": 0.07646132028668273, "(9, 1)": 0.07390889401027811, "(9, 2)": 0.1841638508150545, "(9, 3)": 0.26395139048033145, "(9, 4)": 0.10316497221680554, "(9, 5)": 0.1778857594280937, "(9, 6)": 0.4762368058662526, "(9, 7)": 0.0800343523364625, "(9, 8)": 0.0917207726188034}