{"(0, 1)": 0.14233111181309688, "(0, 2)": 0.09764374360861083, "(0, 3)": 0.09962361602489878, "(0, 4)": 0.106823871288668, "(0, 5)": 0.11681037046773646, "(0, 6)": 0.08267533852358722, "(0, 7)": 0.08146537047723224, "(0, 8)": 0.08683124221994465, "(0, 9)": 0.08881769330050981, "(1, 0)": 0.13170346083114082, "(1, 2)": 0.09370229929485585, "(1, 3)": 0.10488728464457786, "(1, 4)": 0.07900276249129501, "(1, 5)": 0.10630853080890468, "(1, 6)": 0.08836638121966989, "(1, 7)": 0.09419160904349122, "(1, 8)": 0.08518007695109608, "(1, 9)": 0.1325268341724114, "(2, 0)": 0.22957110746000875, "(2, 1)": 0.24220415193160794, "(2, 3)": 0.21833591908447392, "(2, 4)": 0.2662108976477461, "(2, 5)": 0.29446704181873895, "(2, 6)": 0.39070656006994275, "(2, 7)": 0.2345099603458879, "(2, 8)": 0.2269317568900674, "(2, 9)": 0.33399716000780355, "(3, 0)": 0.10074590200780931, "(3, 1)": 0.12298813852583401, "(3, 2)": 0.12763507141010022, "(3, 4)": 0.12318414334036387, "(3, 5)": 0.1966314747644493, "(3, 6)": 0.24478041724958288, "(3, 7)": 0.10400985702853294, "(3, 8)": 0.11337195935081146, "(3, 9)": 0.2850785163605567, "(4, 0)": 0.08603317599958404, "(4, 1)": 0.1008780541110198, "(4, 2)": 0.1712562515130116, "(4, 3)": 0.11332149314694195, "(4, 5)": 0.2936777255355668, "(4, 6)": 0.12836895166169915, "(4, 7)": 0.10368715906026993, "(4, 8)": 0.08885006671016094, "(4, 9)": 0.12279393125307869, "(5, 0)": 0.1570948414907286, "(5, 1)": 0.15201438563812375, "(5, 2)": 0.2200996385576055, "(5, 3)": 0.22294870962327007, "(5, 4)": 0.3319683533675618, "(5, 6)": 0.21830044899072565, "(5, 7)": 0.15010696241825483, "(5, 8)": 0.13830045819500036, "(5, 9)": 0.23808283530056862, "(6, 0)": 0.010340182501785922, "(6, 1)": 0.010745487665528297, "(6, 2)": 0.3439850124889914, "(6, 3)": 0.14514216626452436, "(6, 4)": 0.05238090199759893, "(6, 5)": 0.11897949613791958, "(6, 7)": 0.01637651090301473, "(6, 8)": 0.01786910944547715, "(6, 9)": 0.35495683195524186, "(7, 0)": 0.07373340363737535, "(7, 1)": 0.07580359486047439, "(7, 2)": 0.09132340584813925, "(7, 3)": 0.07956229739225684, "(7, 4)": 0.0755815089730143, "(7, 5)": 0.06948260227467362, "(7, 6)": 0.06890886352092507, "(7, 8)": 0.08527863836451155, "(7, 9)": 0.07782793893834394, "(8, 0)": 0.07747471516548765, "(8, 1)": 0.07561105134610635, "(8, 2)": 0.08105633294347359, "(8, 3)": 0.08993091610992798, "(8, 4)": 0.06737968071603284, "(8, 5)": 0.06798605697566973, "(8, 6)": 0.08332125064485729, "(8, 7)": 0.07908142721274358, "(8, 9)": 0.09033613992296541, "(9, 0)": 0.08493881869231934, "(9, 1)": 0.07103173046694189, "(9, 2)": 0.18781185622719831, "(9, 3)": 0.2621122202685312, "(9, 4)": 0.10173970163839297, "(9, 5)": 0.17701248316282747, "(9, 6)": 0.48163328503015257, "(9, 7)": 0.0784028518233727, "(9, 8)": 0.09754171433330594}