{"(0, 1)": 0.1446303263601575, "(0, 2)": 0.10088909017427428, "(0, 3)": 0.10370898555937957, "(0, 4)": 0.10494220294067846, "(0, 5)": 0.1181409898520086, "(0, 6)": 0.09620572856927423, "(0, 7)": 0.08058513125009092, "(0, 8)": 0.0926547099538142, "(0, 9)": 0.08933353484231676, "(1, 0)": 0.13327581610270978, "(1, 2)": 0.09668553092449061, "(1, 3)": 0.10450517068919118, "(1, 4)": 0.07726310184008212, "(1, 5)": 0.10505182655712098, "(1, 6)": 0.09847841089761245, "(1, 7)": 0.09571291200897403, "(1, 8)": 0.08154579515903093, "(1, 9)": 0.13132915742194062, "(2, 0)": 0.2305426237839786, "(2, 1)": 0.2445273703642511, "(2, 3)": 0.21753548577273285, "(2, 4)": 0.26666579780968236, "(2, 5)": 0.2898876008890222, "(2, 6)": 0.4017566958314033, "(2, 7)": 0.23296190832905173, "(2, 8)": 0.23264544334562198, "(2, 9)": 0.3264274967755696, "(3, 0)": 0.10450298681973103, "(3, 1)": 0.11554627548780283, "(3, 2)": 0.13587631056733673, "(3, 4)": 0.1295049921520277, "(3, 5)": 0.1950723210377825, "(3, 6)": 0.24447540258137934, "(3, 7)": 0.10334064861514458, "(3, 8)": 0.10879044163458007, "(3, 9)": 0.28998628163345197, "(4, 0)": 0.08951563204140789, "(4, 1)": 0.09824256313933599, "(4, 2)": 0.16175227313505325, "(4, 3)": 0.10898264286112747, "(4, 5)": 0.29461230902975544, "(4, 6)": 0.1435832269185946, "(4, 7)": 0.10090473283562063, "(4, 8)": 0.092787946780721, "(4, 9)": 0.12806773558266693, "(5, 0)": 0.15093208437530814, "(5, 1)": 0.15462111237113574, "(5, 2)": 0.2223083636630918, "(5, 3)": 0.22164622688451208, "(5, 4)": 0.32798499061803355, "(5, 6)": 0.2259771875710791, "(5, 7)": 0.1470088552744725, "(5, 8)": 0.14083277797362448, "(5, 9)": 0.24454764380095262, "(6, 0)": 0.011877699170342315, "(6, 1)": 0.020196905465567627, "(6, 2)": 0.343246933098484, "(6, 3)": 0.14909744375127765, "(6, 4)": 0.052597827423390586, "(6, 5)": 0.11620747585493241, "(6, 7)": 0.010516322115626697, "(6, 8)": 0.010931456724271538, "(6, 9)": 0.36021886962529615, "(7, 0)": 0.07764625107970624, "(7, 1)": 0.07342512236239507, "(7, 2)": 0.09041422977881175, "(7, 3)": 0.0821296033542539, "(7, 4)": 0.08499188608675012, "(7, 5)": 0.07098694339794287, "(7, 6)": 0.06352199600110309, "(7, 8)": 0.08866758465827529, "(7, 9)": 0.07551944952337741, "(8, 0)": 0.07643094107157655, "(8, 1)": 0.07576532596155339, "(8, 2)": 0.07803525121252008, "(8, 3)": 0.0884831971483363, "(8, 4)": 0.06376986702831422, "(8, 5)": 0.07148006172881494, "(8, 6)": 0.07737518118276987, "(8, 7)": 0.08400821469881359, "(8, 9)": 0.09099179399066559, "(9, 0)": 0.07949487454250848, "(9, 1)": 0.07309854614219125, "(9, 2)": 0.18622473885377788, "(9, 3)": 0.2734824958286105, "(9, 4)": 0.09615899774268977, "(9, 5)": 0.17875935617868988, "(9, 6)": 0.4835173652998569, "(9, 7)": 0.07368214172996124, "(9, 8)": 0.09709270055924413}