{"(0, 1)": 0.9401931491045379, "(0, 2)": 0.9415715990164727, "(0, 3)": 0.9693335372981842, "(0, 4)": 0.9440540022461753, "(0, 5)": 0.9691112120444652, "(0, 6)": 0.9603026336933983, "(1, 0)": 0.9851385661783758, "(1, 2)": 0.9949194104126721, "(1, 3)": 0.9839391913194737, "(1, 4)": 0.9697814486731453, "(1, 5)": 0.9877755594119307, "(1, 6)": 0.9720016653168932, "(2, 0)": 0.9977952538902907, "(2, 1)": 0.9995172075920048, "(2, 3)": 0.9979786080429243, "(2, 4)": 0.9976629839149751, "(2, 5)": 0.9976367862360838, "(2, 6)": 0.9976870588960969, "(3, 0)": 0.9982128860512852, "(3, 1)": 0.9979479636203272, "(3, 2)": 0.997966794247716, "(3, 4)": 0.9975130367393947, "(3, 5)": 0.9976368702488735, "(3, 6)": 0.9980018894795886, "(4, 0)": 0.9913716858472365, "(4, 1)": 0.994263487346645, "(4, 2)": 0.995424098662584, "(4, 3)": 0.9968399783026826, "(4, 5)": 0.9776074038624742, "(4, 6)": 0.991675790716127, "(5, 0)": 0.9977110893114955, "(5, 1)": 0.9977303518604977, "(5, 2)": 0.9977015346927283, "(5, 3)": 0.9977581269004385, "(5, 4)": 0.9978687271195231, "(5, 6)": 0.9980911262642148, "(6, 0)": 0.9825910993608228, "(6, 1)": 0.9596831237271524, "(6, 2)": 0.9592284751881724, "(6, 3)": 0.9765738870113636, "(6, 4)": 0.9737988552039337, "(6, 5)": 0.9850617518753613}