{"(0, 1)": 0.9430615441667481, "(0, 2)": 0.9420008049985525, "(0, 3)": 0.9698575343575865, "(0, 4)": 0.94500619825772, "(0, 5)": 0.9696815595530507, "(0, 6)": 0.9588111410657926, "(1, 0)": 0.9834611619923753, "(1, 2)": 0.994510487782419, "(1, 3)": 0.9827358717481309, "(1, 4)": 0.9657846197429916, "(1, 5)": 0.9865532326853154, "(1, 6)": 0.9706134353759036, "(2, 0)": 0.9977891845366084, "(2, 1)": 0.9995162291644663, "(2, 3)": 0.9979888252625655, "(2, 4)": 0.9976604123085149, "(2, 5)": 0.9976319736776895, "(2, 6)": 0.997692667279953, "(3, 0)": 0.998208311651659, "(3, 1)": 0.9979405397747793, "(3, 2)": 0.9979563701976355, "(3, 4)": 0.9975124310160643, "(3, 5)": 0.9976329433987077, "(3, 6)": 0.9980046900782858, "(4, 0)": 0.9906283160281261, "(4, 1)": 0.9942959902933284, "(4, 2)": 0.9954917209249907, "(4, 3)": 0.9968586253899495, "(4, 5)": 0.9784714397027197, "(4, 6)": 0.9920985988072825, "(5, 0)": 0.9977026709711156, "(5, 1)": 0.997723772682549, "(5, 2)": 0.9976912552417387, "(5, 3)": 0.9977694992397615, "(5, 4)": 0.9978676247785564, "(5, 6)": 0.9980966111298734, "(6, 0)": 0.983262785233954, "(6, 1)": 0.9595603133179061, "(6, 2)": 0.9573480526906062, "(6, 3)": 0.9769799727393957, "(6, 4)": 0.9740439249808501, "(6, 5)": 0.9855611912816377}