{"(0, 1)": 0.9427683536684918, "(0, 2)": 0.9393652753003299, "(0, 3)": 0.9706550065624288, "(0, 4)": 0.943770386851586, "(0, 5)": 0.9685519398599932, "(0, 6)": 0.9599161344284496, "(1, 0)": 0.9842083642335319, "(1, 2)": 0.9945083133953299, "(1, 3)": 0.9829633855769707, "(1, 4)": 0.9666646286520792, "(1, 5)": 0.9869038877995278, "(1, 6)": 0.9707557929653726, "(2, 0)": 0.9977902187982617, "(2, 1)": 0.9995162384363607, "(2, 3)": 0.9979850251781436, "(2, 4)": 0.9976583197438287, "(2, 5)": 0.9976328033941978, "(2, 6)": 0.9976837274528653, "(3, 0)": 0.998209296638796, "(3, 1)": 0.9979458721661056, "(3, 2)": 0.9979639847164966, "(3, 4)": 0.9975102015951752, "(3, 5)": 0.9976335702991017, "(3, 6)": 0.9979996862196867, "(4, 0)": 0.9917996846173414, "(4, 1)": 0.9944454748913739, "(4, 2)": 0.9955562257638867, "(4, 3)": 0.9969666682688059, "(4, 5)": 0.9795051937416112, "(4, 6)": 0.9921409137567986, "(5, 0)": 0.997704782288954, "(5, 1)": 0.9977281865447981, "(5, 2)": 0.9976991842292509, "(5, 3)": 0.9977666511105064, "(5, 4)": 0.9978670203846444, "(5, 6)": 0.9980899018489404, "(6, 0)": 0.9829361401248622, "(6, 1)": 0.9578292660981187, "(6, 2)": 0.9579823154774351, "(6, 3)": 0.9755516057848023, "(6, 4)": 0.9730686445518161, "(6, 5)": 0.9855320917532976}