{"(0, 1)": 0.9422427706261244, "(0, 2)": 0.9385463281352234, "(0, 3)": 0.9697949181074468, "(0, 4)": 0.9436976096014306, "(0, 5)": 0.9679021991717139, "(0, 6)": 0.9587457646575744, "(1, 0)": 0.9843969286341637, "(1, 2)": 0.9944508831193807, "(1, 3)": 0.9831324551092998, "(1, 4)": 0.9674215109212349, "(1, 5)": 0.9873236979224043, "(1, 6)": 0.9703484506378847, "(2, 0)": 0.9977931608213152, "(2, 1)": 0.999514745727496, "(2, 3)": 0.9979830705553463, "(2, 4)": 0.9976619499596046, "(2, 5)": 0.9976276912879151, "(2, 6)": 0.9976834605669616, "(3, 0)": 0.9982125117781016, "(3, 1)": 0.9979396924101064, "(3, 2)": 0.9979576895895533, "(3, 4)": 0.9975127579606233, "(3, 5)": 0.9976292862040304, "(3, 6)": 0.9979988356596757, "(4, 0)": 0.9911040198857463, "(4, 1)": 0.9944747038007181, "(4, 2)": 0.9954299018275696, "(4, 3)": 0.997009404772139, "(4, 5)": 0.9782991897077328, "(4, 6)": 0.9918990688054854, "(5, 0)": 0.9977087200779098, "(5, 1)": 0.9977215383673701, "(5, 2)": 0.9976912797762821, "(5, 3)": 0.9977695337656374, "(5, 4)": 0.9978680070766652, "(5, 6)": 0.9980899812090287, "(6, 0)": 0.9833075737046452, "(6, 1)": 0.9599024487867894, "(6, 2)": 0.9595681621161051, "(6, 3)": 0.9771156057775778, "(6, 4)": 0.974738357405881, "(6, 5)": 0.9860000687577315}