{"(0, 1)": 0.9423079391695068, "(0, 2)": 0.9399372268323376, "(0, 3)": 0.9685658239799755, "(0, 4)": 0.9420132631771587, "(0, 5)": 0.9676955955583777, "(0, 6)": 0.9585707379053077, "(1, 0)": 0.9845802835693576, "(1, 2)": 0.9946447389719929, "(1, 3)": 0.9832911551839684, "(1, 4)": 0.9667600920020868, "(1, 5)": 0.9876558588709416, "(1, 6)": 0.9710975308269779, "(2, 0)": 0.9977885817449632, "(2, 1)": 0.9995170939275345, "(2, 3)": 0.9979772899533298, "(2, 4)": 0.997657140021374, "(2, 5)": 0.9976324583085874, "(2, 6)": 0.9976863960657015, "(3, 0)": 0.9982084992590728, "(3, 1)": 0.9979503698555496, "(3, 2)": 0.9979658463026693, "(3, 4)": 0.9975070147939017, "(3, 5)": 0.99763364151483, "(3, 6)": 0.9980008201155117, "(4, 0)": 0.9911775981465558, "(4, 1)": 0.9944150869708325, "(4, 2)": 0.9953543604886592, "(4, 3)": 0.9968257356680403, "(4, 5)": 0.9781410170695806, "(4, 6)": 0.9919475828090376, "(5, 0)": 0.9977027466740059, "(5, 1)": 0.9977348054362609, "(5, 2)": 0.9977039005932941, "(5, 3)": 0.997758355183347, "(5, 4)": 0.9978658638511709, "(5, 6)": 0.9980931227775143, "(6, 0)": 0.9832745525377485, "(6, 1)": 0.9600684534860641, "(6, 2)": 0.9614864630921637, "(6, 3)": 0.9775206179132111, "(6, 4)": 0.974493594791233, "(6, 5)": 0.9860477843865623}