{"(0, 1)": 0.2290868813252428, "(0, 2)": 0.08525914604710338, "(0, 3)": 0.08464013850217433, "(0, 4)": 0.0695052070989326, "(0, 5)": 0.032812191392774914, "(0, 6)": 0.06357217772688495, "(0, 7)": 0.07137030142032474, "(1, 0)": 0.22431198106598615, "(1, 2)": 0.09132944370040152, "(1, 3)": 0.07721495865663386, "(1, 4)": 0.20511543476388627, "(1, 5)": 0.03390076201945491, "(1, 6)": 0.06960615164430828, "(1, 7)": 0.06325383003475693, "(2, 0)": 0.07459795733305263, "(2, 1)": 0.08350179219341836, "(2, 3)": 0.044778066458636134, "(2, 4)": 0.038210539176250946, "(2, 5)": 0.029901343946101888, "(2, 6)": 0.06601886356260533, "(2, 7)": 0.05485968490710569, "(3, 0)": 0.07578533587436387, "(3, 1)": 0.06843633637599156, "(3, 2)": 0.053633057100619275, "(3, 4)": 0.07993676307315978, "(3, 5)": 0.02120236986329327, "(3, 6)": 0.06287032021929373, "(3, 7)": 0.07391471218581092, "(4, 0)": 0.002526585688991334, "(4, 1)": -0.004368577180489774, "(4, 2)": 0.0052076272945155155, "(4, 3)": 0.001224498781110861, "(4, 5)": -0.004683551911238704, "(4, 6)": 0.002859483892538428, "(4, 7)": -0.0008581135136160878, "(5, 0)": 0.0021582936641852957, "(5, 1)": 0.001076460927372791, "(5, 2)": -0.000978710063786803, "(5, 3)": -0.0033857034472761782, "(5, 4)": -0.0035156847206578856, "(5, 6)": -0.0009197199485748708, "(5, 7)": -0.0023478676452763914, "(6, 0)": 0.03469333435884825, "(6, 1)": 0.046941070776813754, "(6, 2)": 0.05984026089785055, "(6, 3)": 0.04216497205772485, "(6, 4)": 0.017347427227796475, "(6, 5)": 0.0033488524926778007, "(6, 7)": 0.07334702285974071, "(7, 0)": 0.057995013345811364, "(7, 1)": 0.06628077256780807, "(7, 2)": 0.07170777906149095, "(7, 3)": 0.06861308057028281, "(7, 4)": 0.046555783955632646, "(7, 5)": 0.09419414743464394, "(7, 6)": 0.05822452990925775}