{"(0, 1)": 0.23160817388124022, "(0, 2)": 0.08414330126220682, "(0, 3)": 0.08611696886378584, "(0, 4)": 0.0820235096845906, "(0, 5)": 0.04539883594235994, "(0, 6)": 0.05800511359995897, "(0, 7)": 0.08338374180489505, "(1, 0)": 0.22288476797478685, "(1, 2)": 0.09892036497490919, "(1, 3)": 0.06764654409849846, "(1, 4)": 0.21082644707851217, "(1, 5)": 0.04423491386270517, "(1, 6)": 0.07419486297850564, "(1, 7)": 0.07047522638929582, "(2, 0)": 0.06808023252235418, "(2, 1)": 0.07959685453588905, "(2, 3)": 0.039833733274121985, "(2, 4)": 0.035000215080460584, "(2, 5)": 0.025787479395205537, "(2, 6)": 0.07014432710096785, "(2, 7)": 0.04894734661338829, "(3, 0)": 0.07301735351897909, "(3, 1)": 0.06150406744995651, "(3, 2)": 0.05915662566767754, "(3, 4)": 0.06566758112663229, "(3, 5)": 0.015911186602151295, "(3, 6)": 0.05916441681152107, "(3, 7)": 0.06872167317554556, "(4, 0)": -0.000608712955168178, "(4, 1)": 0.0020736056504361278, "(4, 2)": -0.00216531569854439, "(4, 3)": 0.004383136975284474, "(4, 5)": 0.0027720160125753734, "(4, 6)": 0.003371824299681858, "(4, 7)": 0.00020527542716863856, "(5, 0)": 0.0017460090449155086, "(5, 1)": 0.0021697937290116043, "(5, 2)": 0.0027922094704373457, "(5, 3)": -0.0032636401141823423, "(5, 4)": 0.0022883579645439633, "(5, 6)": 0.005857909666757033, "(5, 7)": 0.00046747381065948, "(6, 0)": 0.04200371046703233, "(6, 1)": 0.04250676951192045, "(6, 2)": 0.06170639069617867, "(6, 3)": 0.03605471010559613, "(6, 4)": 0.014555304383012668, "(6, 5)": -0.00100220830429687, "(6, 7)": 0.07178186719151203, "(7, 0)": 0.06428023416104489, "(7, 1)": 0.06622811170343235, "(7, 2)": 0.06664935340054379, "(7, 3)": 0.07443351439878843, "(7, 4)": 0.05135614363841878, "(7, 5)": 0.11141123673617126, "(7, 6)": 0.06050761982379815}