{"(0, 1)": 0.23021779061260372, "(0, 2)": 0.08792933415953397, "(0, 3)": 0.08161104949376019, "(0, 4)": 0.06697211508561096, "(0, 5)": 0.04362676394810017, "(0, 6)": 0.06347158134903574, "(0, 7)": 0.07173684495227528, "(1, 0)": 0.2208015047531805, "(1, 2)": 0.09622664532274894, "(1, 3)": 0.06912109745674211, "(1, 4)": 0.23030793186918508, "(1, 5)": 0.04610085960753796, "(1, 6)": 0.07214384909499438, "(1, 7)": 0.06403474334418446, "(2, 0)": 0.07182367359772568, "(2, 1)": 0.0776008589983781, "(2, 3)": 0.039930867265081105, "(2, 4)": 0.04012239177872212, "(2, 5)": 0.01519679792116091, "(2, 6)": 0.06997714804406263, "(2, 7)": 0.05570467957852332, "(3, 0)": 0.07866544069112358, "(3, 1)": 0.06548127620386113, "(3, 2)": 0.05514463873713771, "(3, 4)": 0.05578473037440734, "(3, 5)": 0.031885876594068274, "(3, 6)": 0.0605089054369744, "(3, 7)": 0.07575599359391838, "(4, 0)": 0.002618870975743648, "(4, 1)": 0.006411256666294496, "(4, 2)": -0.0014539016092014467, "(4, 3)": 0.0019865335849914567, "(4, 5)": 0.00525614717021905, "(4, 6)": -0.002775193679503518, "(4, 7)": -0.001727127753091695, "(5, 0)": 0.004991490338716709, "(5, 1)": 0.0029270240922726343, "(5, 2)": -0.0016901318401780774, "(5, 3)": 0.0020769836867406966, "(5, 4)": -0.006864624008333431, "(5, 6)": 0.0029197978006750835, "(5, 7)": 0.002292123920557332, "(6, 0)": 0.03751222957212441, "(6, 1)": 0.046289971290950804, "(6, 2)": 0.06374372490192504, "(6, 3)": 0.04502533644754336, "(6, 4)": 0.013272668471833282, "(6, 5)": 0.0003522239645341596, "(6, 7)": 0.07539749148943786, "(7, 0)": 0.06447251835843903, "(7, 1)": 0.0663522551172927, "(7, 2)": 0.06946995375582465, "(7, 3)": 0.06840727851030615, "(7, 4)": 0.03564743789424063, "(7, 5)": 0.09679768656941723, "(7, 6)": 0.05930240172436052}