{"(0, 1)": 0.23184997539747343, "(0, 2)": 0.0780848410534768, "(0, 3)": 0.0865756556622772, "(0, 4)": 0.0548183703204842, "(0, 5)": 0.03469845330691568, "(0, 6)": 0.05751236652217395, "(0, 7)": 0.08214102904791643, "(1, 0)": 0.22423878652238416, "(1, 2)": 0.09497212735145355, "(1, 3)": 0.07285245027593568, "(1, 4)": 0.18290373135182036, "(1, 5)": 0.0496129877919016, "(1, 6)": 0.07110504554487318, "(1, 7)": 0.06517471802781005, "(2, 0)": 0.06942314805460881, "(2, 1)": 0.08386210209215106, "(2, 3)": 0.038483133396330915, "(2, 4)": 0.030526319090403153, "(2, 5)": 0.011898795403773588, "(2, 6)": 0.06513174015501577, "(2, 7)": 0.05662771123006294, "(3, 0)": 0.07830366622833596, "(3, 1)": 0.07343241945021384, "(3, 2)": 0.05617625499729073, "(3, 4)": 0.08131878984420893, "(3, 5)": 0.02811865381451184, "(3, 6)": 0.06674842213316734, "(3, 7)": 0.06725770016318866, "(4, 0)": -0.00161892872278524, "(4, 1)": -0.002205167959687948, "(4, 2)": -0.0014256608261085102, "(4, 3)": 0.0008784959029687345, "(4, 5)": 0.00336101002274114, "(4, 6)": 0.0036807920533672434, "(4, 7)": -0.00112664685423014, "(5, 0)": 0.003136218139483282, "(5, 1)": -0.0021078375667757943, "(5, 2)": 7.045062583510564e-05, "(5, 3)": 0.0030790187654780032, "(5, 4)": 0.0018175312730346338, "(5, 6)": 0.006664342448768568, "(5, 7)": -0.002118764212166946, "(6, 0)": 0.037411650478140546, "(6, 1)": 0.03757565397980012, "(6, 2)": 0.062034284371745074, "(6, 3)": 0.03883467436294985, "(6, 4)": 0.015067741034897053, "(6, 5)": 0.022544437198243283, "(6, 7)": 0.06555059364901927, "(7, 0)": 0.05813233235135562, "(7, 1)": 0.06928549205902446, "(7, 2)": 0.07154044705814644, "(7, 3)": 0.06595530975378161, "(7, 4)": 0.023901214209472, "(7, 5)": 0.06914933588066274, "(7, 6)": 0.05886013261923084}