{"(0, 1)": 0.23649631201828825, "(0, 2)": 0.08563121981716448, "(0, 3)": 0.08327105158673265, "(0, 4)": 0.061907380001326895, "(0, 5)": 0.03485485412768319, "(0, 6)": 0.06450997366579625, "(0, 7)": 0.07780771254294605, "(1, 0)": 0.2227230192972478, "(1, 2)": 0.10241044087477891, "(1, 3)": 0.07565680366937566, "(1, 4)": 0.21586131107331918, "(1, 5)": 0.04862032949181494, "(1, 6)": 0.07113552031682013, "(1, 7)": 0.06307446167340214, "(2, 0)": 0.07438276921173259, "(2, 1)": 0.08156650805093546, "(2, 3)": 0.040624333287282655, "(2, 4)": 0.024958436544048723, "(2, 5)": 0.04050529040657558, "(2, 6)": 0.07067923950424404, "(2, 7)": 0.059819248004138736, "(3, 0)": 0.07468605989260602, "(3, 1)": 0.06484424355481044, "(3, 2)": 0.05284985741612036, "(3, 4)": 0.04240654873220784, "(3, 5)": 0.016279582201552456, "(3, 6)": 0.06174597479587074, "(3, 7)": 0.07510014521318997, "(4, 0)": 0.0012283400462499428, "(4, 1)": -0.0029412159373043423, "(4, 2)": -0.0028969846749389294, "(4, 3)": 0.0038983192156215596, "(4, 5)": 0.004257478977569229, "(4, 6)": 0.005923758645677513, "(4, 7)": -0.003719089473811721, "(5, 0)": -0.0007077890359146188, "(5, 1)": -0.0018707739729635353, "(5, 2)": 0.0008731225490752337, "(5, 3)": -0.002031780698668717, "(5, 4)": -0.007885068751309676, "(5, 6)": 0.0036586367829352096, "(5, 7)": -0.0006137358589186626, "(6, 0)": 0.03573240956839652, "(6, 1)": 0.04084503854709065, "(6, 2)": 0.06714831596981785, "(6, 3)": 0.04571582222015569, "(6, 4)": 0.02290571746308878, "(6, 5)": 0.004978709643767676, "(6, 7)": 0.06939991277473767, "(7, 0)": 0.06151858508442365, "(7, 1)": 0.06591260187341685, "(7, 2)": 0.07241334704782143, "(7, 3)": 0.06988460791245821, "(7, 4)": 0.05164378459652741, "(7, 5)": 0.09965575775890312, "(7, 6)": 0.06162743105913049}