{"(0, 1)": 0.43701812081276936, "(0, 2)": 0.38060983386807723, "(0, 3)": 0.44182214731533365, "(1, 0)": 0.2468824099052258, "(1, 2)": 0.3254236866118524, "(1, 3)": 0.4074717157335902, "(2, 0)": 0.2018606726348764, "(2, 1)": 0.30126044391633944, "(2, 3)": 0.165230614907115, "(3, 0)": 0.2707888310920684, "(3, 1)": 0.4173845861055061, "(3, 2)": 0.2146767080162154}