{"(0, 1)": 0.4357928471420017, "(0, 2)": 0.38105755893502335, "(0, 3)": 0.4430458433108847, "(1, 0)": 0.24505815795977337, "(1, 2)": 0.3207737556363911, "(1, 3)": 0.4035325292113954, "(2, 0)": 0.20691110026581727, "(2, 1)": 0.3060674861055872, "(2, 3)": 0.16730058970740047, "(3, 0)": 0.27020756988900296, "(3, 1)": 0.41993624153471454, "(3, 2)": 0.21007739727419494}