{"(0, 1)": 0.43656885263947887, "(0, 2)": 0.37822801582077037, "(0, 3)": 0.44960378710883175, "(1, 0)": 0.24424560156773645, "(1, 2)": 0.3224237716506847, "(1, 3)": 0.40266337243920736, "(2, 0)": 0.20158155156640478, "(2, 1)": 0.3026234582418804, "(2, 3)": 0.16245281821738866, "(3, 0)": 0.26373644570724863, "(3, 1)": 0.4117487208270606, "(3, 2)": 0.2031663957666363}