{"(0, 1)": 0.4419683451270344, "(0, 2)": 0.390226370292016, "(0, 3)": 0.45398266891288874, "(1, 0)": 0.25262299445962855, "(1, 2)": 0.32447923988069394, "(1, 3)": 0.4051814049363467, "(2, 0)": 0.20293632613788748, "(2, 1)": 0.3043458467591237, "(2, 3)": 0.1611762019729701, "(3, 0)": 0.2637143631219966, "(3, 1)": 0.41390625620697996, "(3, 2)": 0.2117575594858524}