{"(0, 1)": 0.4359024422319324, "(0, 2)": 0.3917712961644849, "(0, 3)": 0.4474968075808705, "(1, 0)": 0.2526084459307433, "(1, 2)": 0.3235322782020379, "(1, 3)": 0.40356737215458216, "(2, 0)": 0.20966130732687782, "(2, 1)": 0.3047080460250533, "(2, 3)": 0.16558083944210766, "(3, 0)": 0.26983070154947797, "(3, 1)": 0.4165587939942842, "(3, 2)": 0.21552626347764536}