{"(0, 1)": 0.9068718104053702, "(0, 2)": 0.8882127579080662, "(1, 0)": 0.9735099633970111, "(1, 2)": 0.9868171788749566, "(2, 0)": 0.929845173821007, "(2, 1)": 0.9695844536475738}