{"(0, 1)": 0.9072679562651912, "(0, 2)": 0.8888682704354732, "(1, 0)": 0.9739172876505848, "(1, 2)": 0.986985161587046, "(2, 0)": 0.9327147842915577, "(2, 1)": 0.9699961876237995}