{"(0, 1)": 0.9079018404584966, "(0, 2)": 0.8897671844960742, "(1, 0)": 0.9732612314144552, "(1, 2)": 0.9868921686224134, "(2, 0)": 0.9323465813113087, "(2, 1)": 0.9700813186657604}