{"(0, 1)": 0.9099238592379939, "(0, 2)": 0.8873900485490838, "(1, 0)": 0.9734914007712939, "(1, 2)": 0.9867219736496067, "(2, 0)": 0.9319182004309374, "(2, 1)": 0.9695430791953038}