{"(0, 1)": 0.9080087104514688, "(0, 2)": 0.888885876581525, "(1, 0)": 0.9733905007022502, "(1, 2)": 0.9868660135802715, "(2, 0)": 0.932574579205342, "(2, 1)": 0.9697753369076021}