{"(0, 1)": 0.7945618575388971, "(0, 2)": 0.21788033848407617, "(0, 3)": 0.22977610610085208, "(1, 0)": 0.7711698174783763, "(1, 2)": 0.14759034900193058, "(1, 3)": 0.1782838760991774, "(2, 0)": 0.12024255638681725, "(2, 1)": 0.12075184300221775, "(2, 3)": 0.4733843718819929, "(3, 0)": 0.1000993401337048, "(3, 1)": 0.1002585889182196, "(3, 2)": 0.4555309571110314}