{"(0, 1)": 0.797211591507828, "(0, 2)": 0.2162038288408138, "(0, 3)": 0.22914806537758625, "(1, 0)": 0.7734721717846065, "(1, 2)": 0.15225437902767303, "(1, 3)": 0.17669552476570916, "(2, 0)": 0.11864440119757858, "(2, 1)": 0.11453082278259841, "(2, 3)": 0.4712836698094458, "(3, 0)": 0.10229213149181815, "(3, 1)": 0.09809075256174826, "(3, 2)": 0.45262400241544065}