{"(0, 1)": 0.8002542816461522, "(0, 2)": 0.21314779843373832, "(0, 3)": 0.22458231952158925, "(1, 0)": 0.7746421289537194, "(1, 2)": 0.1438299399593862, "(1, 3)": 0.17776683390699333, "(2, 0)": 0.1271917932243779, "(2, 1)": 0.1188848774767981, "(2, 3)": 0.47762468599200236, "(3, 0)": 0.09609443207657009, "(3, 1)": 0.0986883166153999, "(3, 2)": 0.4604920919087815}