{"(0, 1)": 0.8005315065567564, "(0, 2)": 0.2169425867647563, "(0, 3)": 0.2285623687145547, "(1, 0)": 0.7738000957068956, "(1, 2)": 0.1472156859391851, "(1, 3)": 0.17411409263272148, "(2, 0)": 0.12446357013312548, "(2, 1)": 0.11802030601375868, "(2, 3)": 0.47128338520174373, "(3, 0)": 0.10008644364790487, "(3, 1)": 0.10183690748948981, "(3, 2)": 0.4519123936971281}