{"(0, 1)": 0.7974300318269584, "(0, 2)": 0.21768789273560551, "(0, 3)": 0.22820606423224898, "(1, 0)": 0.7736349275292465, "(1, 2)": 0.14200994443778425, "(1, 3)": 0.17410396474096235, "(2, 0)": 0.11640578597796414, "(2, 1)": 0.1225854064613674, "(2, 3)": 0.4748402255941109, "(3, 0)": 0.09918424906199674, "(3, 1)": 0.10177185460831695, "(3, 2)": 0.45337900105156803}