{"(0, 1)": 0.12224819589404012, "(0, 2)": 0.12343937765514112, "(0, 3)": 0.12205104678426482, "(0, 4)": 0.11583753261511331, "(0, 5)": 0.11693527046217655, "(0, 6)": 0.07836491862687578, "(1, 0)": 0.12019696584745976, "(1, 2)": 0.12141109564911057, "(1, 3)": 0.11829958817521502, "(1, 4)": 0.12375333052837312, "(1, 5)": 0.12167648317985746, "(1, 6)": 0.05241555432702272, "(2, 0)": 0.12239323551912495, "(2, 1)": 0.11476253743194287, "(2, 3)": 0.11766147262075621, "(2, 4)": 0.12132234366224348, "(2, 5)": 0.12112244200478517, "(2, 6)": 0.03613539300611934, "(3, 0)": 0.11977108470158282, "(3, 1)": 0.12087593901114191, "(3, 2)": 0.11888170025714184, "(3, 4)": 0.11822737855310894, "(3, 5)": 0.12072299511447404, "(3, 6)": 0.07150137455160732, "(4, 0)": 0.12125758785740637, "(4, 1)": 0.12023061472314445, "(4, 2)": 0.1263660507876324, "(4, 3)": 0.12564366782420344, "(4, 5)": 0.11681666182288997, "(4, 6)": 0.04116139502154181, "(5, 0)": 0.11635545113959567, "(5, 1)": 0.11566186674309709, "(5, 2)": 0.11376715292201267, "(5, 3)": 0.120910034753554, "(5, 4)": 0.11518614906995839, "(5, 6)": 0.055869812927887175, "(6, 0)": 0.8870886565736582, "(6, 1)": 0.8915621447477812, "(6, 2)": 0.9168027038257287, "(6, 3)": 0.892583443243854, "(6, 4)": 0.8964661957621034, "(6, 5)": 0.8953500678813241}