{"(0, 1)": 0.119000379253146, "(0, 2)": 0.1158377413013868, "(0, 3)": 0.12127246575124062, "(0, 4)": 0.1174709581931277, "(0, 5)": 0.11755795316312412, "(0, 6)": 0.08097488917705209, "(1, 0)": 0.11027273706180274, "(1, 2)": 0.10909337678774855, "(1, 3)": 0.12321600575142688, "(1, 4)": 0.12594126863647415, "(1, 5)": 0.12088728210582023, "(1, 6)": 0.045556004119982174, "(2, 0)": 0.11864588833519063, "(2, 1)": 0.11506752012022181, "(2, 3)": 0.12282648789187789, "(2, 4)": 0.11614124474582932, "(2, 5)": 0.13033270484507553, "(2, 6)": 0.039161036666632176, "(3, 0)": 0.11927753908126104, "(3, 1)": 0.1282215748086405, "(3, 2)": 0.12056134557770648, "(3, 4)": 0.11852293925741597, "(3, 5)": 0.123087689515477, "(3, 6)": 0.06692720222087356, "(4, 0)": 0.12174869760228901, "(4, 1)": 0.12260219844269582, "(4, 2)": 0.1199201791624055, "(4, 3)": 0.12093968034257085, "(4, 5)": 0.12439497880413797, "(4, 6)": 0.0406492163158616, "(5, 0)": 0.11954812334032627, "(5, 1)": 0.12679288961623336, "(5, 2)": 0.11835315607991193, "(5, 3)": 0.12124983921883492, "(5, 4)": 0.1209725493000523, "(5, 6)": 0.058204937382840494, "(6, 0)": 0.8878521424233871, "(6, 1)": 0.8910465377984957, "(6, 2)": 0.9169567596703054, "(6, 3)": 0.8909618805407997, "(6, 4)": 0.8940008920484678, "(6, 5)": 0.8950663048865067}