{"(0, 1)": 0.11681407037894287, "(0, 2)": 0.12153160351673609, "(0, 3)": 0.11886835006226404, "(0, 4)": 0.11585689221723994, "(0, 5)": 0.1242100363373344, "(0, 6)": 0.08004393594883219, "(1, 0)": 0.12549273562703256, "(1, 2)": 0.11901363040703794, "(1, 3)": 0.11927335583221166, "(1, 4)": 0.12145051639404714, "(1, 5)": 0.123359692763921, "(1, 6)": 0.05078102807718832, "(2, 0)": 0.12457718517386152, "(2, 1)": 0.11822892578710686, "(2, 3)": 0.11924892200154114, "(2, 4)": 0.11202663033409888, "(2, 5)": 0.11223582573441782, "(2, 6)": 0.034560101425704204, "(3, 0)": 0.11858004695698166, "(3, 1)": 0.11591077868086697, "(3, 2)": 0.11883848002646091, "(3, 4)": 0.11526948681005, "(3, 5)": 0.12095357363119963, "(3, 6)": 0.07020371779545154, "(4, 0)": 0.11704954442245163, "(4, 1)": 0.11702456787810211, "(4, 2)": 0.11656241613331686, "(4, 3)": 0.11264255393506617, "(4, 5)": 0.11708028634538004, "(4, 6)": 0.040933226457930294, "(5, 0)": 0.12341908628733467, "(5, 1)": 0.12159454295615368, "(5, 2)": 0.12336780765836675, "(5, 3)": 0.1208362617568981, "(5, 4)": 0.11752067762244145, "(5, 6)": 0.05879189237614302, "(6, 0)": 0.8839764410791501, "(6, 1)": 0.8888875181071606, "(6, 2)": 0.9174167069397468, "(6, 3)": 0.8924155966296455, "(6, 4)": 0.8945380778098583, "(6, 5)": 0.8926232433277884}