{"(0, 1)": 0.125285060160367, "(0, 2)": 0.11947279118602228, "(0, 3)": 0.12076839258783856, "(0, 4)": 0.12333346254798505, "(0, 5)": 0.11707214891955808, "(0, 6)": 0.0759559358435391, "(1, 0)": 0.11531650974725227, "(1, 2)": 0.12269466654060202, "(1, 3)": 0.1189436669332391, "(1, 4)": 0.11983301109978495, "(1, 5)": 0.11917586240184597, "(1, 6)": 0.05276955294223917, "(2, 0)": 0.1157304640834218, "(2, 1)": 0.12452054278899427, "(2, 3)": 0.12077716063539246, "(2, 4)": 0.11920703119564058, "(2, 5)": 0.12026295890501448, "(2, 6)": 0.0361509724542588, "(3, 0)": 0.11809661851712838, "(3, 1)": 0.1258704467638515, "(3, 2)": 0.12343430116560483, "(3, 4)": 0.1225330721658594, "(3, 5)": 0.11844598044305299, "(3, 6)": 0.06386315571647683, "(4, 0)": 0.11110652709421942, "(4, 1)": 0.11913355633400036, "(4, 2)": 0.11873874872271362, "(4, 3)": 0.11940341786360409, "(4, 5)": 0.11472314935345884, "(4, 6)": 0.04238497490617088, "(5, 0)": 0.11987732023887188, "(5, 1)": 0.12710038106226762, "(5, 2)": 0.12208356270969578, "(5, 3)": 0.11785713467385406, "(5, 4)": 0.11830727262670038, "(5, 6)": 0.06092189656804403, "(6, 0)": 0.8881408545256338, "(6, 1)": 0.8889586657038828, "(6, 2)": 0.917590018853467, "(6, 3)": 0.8947706230434272, "(6, 4)": 0.895230893549356, "(6, 5)": 0.8948351219322684}