{"(0, 1)": 0.11526197054729947, "(0, 2)": 0.11525482542957843, "(0, 3)": 0.12013285365655779, "(0, 4)": 0.11424167296196897, "(0, 5)": 0.12031328247128348, "(0, 6)": 0.08094568517689094, "(1, 0)": 0.12273725539640334, "(1, 2)": 0.12111815356584921, "(1, 3)": 0.1254003125206089, "(1, 4)": 0.11821637744318647, "(1, 5)": 0.11146685647260224, "(1, 6)": 0.048690042326499317, "(2, 0)": 0.11971749883816485, "(2, 1)": 0.11807565719327351, "(2, 3)": 0.12165056996630041, "(2, 4)": 0.12033624757319816, "(2, 5)": 0.1244572549202102, "(2, 6)": 0.03863214848588448, "(3, 0)": 0.11889825324224734, "(3, 1)": 0.12449119142498788, "(3, 2)": 0.11990141695741063, "(3, 4)": 0.11704849259365835, "(3, 5)": 0.11913648221415907, "(3, 6)": 0.07083997291383137, "(4, 0)": 0.11924111446798158, "(4, 1)": 0.11073871338905861, "(4, 2)": 0.1263818348050595, "(4, 3)": 0.1151297348111211, "(4, 5)": 0.1241535619212285, "(4, 6)": 0.03516938938395353, "(5, 0)": 0.11695720947232457, "(5, 1)": 0.12194899706712026, "(5, 2)": 0.11843189967263568, "(5, 3)": 0.1170364370895367, "(5, 4)": 0.11998724838210217, "(5, 6)": 0.057549945638736055, "(6, 0)": 0.8857424593929423, "(6, 1)": 0.887944531883579, "(6, 2)": 0.9174122140122938, "(6, 3)": 0.8949714929826221, "(6, 4)": 0.8924260996048325, "(6, 5)": 0.8907362204558513}