{"(0, 1)": 0.04493457080990859, "(0, 2)": 0.0816037015183414, "(0, 3)": 0.13698767896851916, "(0, 4)": 0.0019963973709693494, "(0, 5)": 0.010362922969095023, "(0, 6)": 0.001504659838266753, "(0, 7)": 0.04642133122826597, "(0, 8)": 0.007618629165204727, "(0, 9)": 0.03561029159105611, "(0, 10)": 0.030076050758358397, "(0, 11)": 0.0730014049610418, "(1, 0)": 0.01283551182121112, "(1, 2)": 0.03755534513611658, "(1, 3)": 0.037176271530959815, "(1, 4)": 0.0005069791947498459, "(1, 5)": 0.004885620413245029, "(1, 6)": 0.005537982355638182, "(1, 7)": 0.012228249180996631, "(1, 8)": 0.027793011384345312, "(1, 9)": 0.02744263503308575, "(1, 10)": 0.02134850545066236, "(1, 11)": 0.03553306365970965, "(2, 0)": 0.1464598787333261, "(2, 1)": 0.05825492547234368, "(2, 3)": 0.17500332963852316, "(2, 4)": 0.0027038743808140975, "(2, 5)": 0.010247862507529737, "(2, 6)": 0.010246005084399323, "(2, 7)": 0.04417802554669181, "(2, 8)": 0.009900995946720226, "(2, 9)": 0.055500873679176665, "(2, 10)": 0.02693239291117666, "(2, 11)": 0.04723274472529304, "(3, 0)": 0.09956274858131309, "(3, 1)": 0.05613486902456866, "(3, 2)": 0.06615647633777944, "(3, 4)": 0.005262043617564993, "(3, 5)": 0.018729030542743885, "(3, 6)": 0.011471526909529683, "(3, 7)": 0.07769433047158825, "(3, 8)": 0.022480876226795843, "(3, 9)": 0.030611646856147368, "(3, 10)": 0.03523925608112666, "(3, 11)": 0.07319264882357712, "(4, 0)": 0.005965380867499981, "(4, 1)": 0.0013334099028387003, "(4, 2)": 0.007960027619367427, "(4, 3)": 0.022176360908273907, "(4, 5)": 0.0010639648123924594, "(4, 6)": 0.003203205448060187, "(4, 7)": 0.007582926821866232, "(4, 8)": -0.0001472745902297845, "(4, 9)": -0.0017770161063364043, "(4, 10)": 0.007308516586768454, "(4, 11)": 0.013886439402202577, "(5, 0)": 0.03417023110693029, "(5, 1)": 0.03393427792051018, "(5, 2)": 0.02256569325002511, "(5, 3)": 0.04661511951286479, "(5, 4)": 0.009444143223338197, "(5, 6)": 0.1370645969718416, "(5, 7)": 0.02961190229828814, "(5, 8)": 0.0509691492856591, "(5, 9)": 0.11741733009067634, "(5, 10)": 0.04034607241567911, "(5, 11)": 0.030734827074937687, "(6, 0)": 0.021866224527587574, "(6, 1)": 0.02549405319446274, "(6, 2)": 0.03553780491798575, "(6, 3)": 0.05278084344234257, "(6, 4)": 0.008066076915574816, "(6, 5)": 0.13058536748587124, "(6, 7)": 0.05266865234725682, "(6, 8)": 0.04030071995465356, "(6, 9)": 0.07795614044401022, "(6, 10)": 0.031216182946527726, "(6, 11)": 0.04727395452273053, "(7, 0)": 0.058711337805635755, "(7, 1)": 0.0330942555544107, "(7, 2)": 0.02629243274430282, "(7, 3)": 0.11266971606572018, "(7, 4)": 0.02339281656056369, "(7, 5)": 0.01621858546209931, "(7, 6)": 0.05071412957606947, "(7, 8)": 0.022494974886378305, "(7, 9)": 0.01928152741025968, "(7, 10)": 0.06567812564489173, "(7, 11)": 0.11860998965486425, "(8, 0)": 0.02052309434045685, "(8, 1)": 0.0684551970606948, "(8, 2)": 0.023005543757744107, "(8, 3)": 0.03854905650476781, "(8, 4)": 0.007237761082257155, "(8, 5)": 0.04962373387067942, "(8, 6)": 0.04589075161078304, "(8, 7)": 0.019126596149983577, "(8, 9)": 0.057765864053343496, "(8, 10)": 0.04801445740041077, "(8, 11)": 0.054790581847596, "(9, 0)": 0.054014986162007506, "(9, 1)": 0.05585486156920216, "(9, 2)": 0.06898935547959184, "(9, 3)": 0.06637372334669311, "(9, 4)": 0.023246730957868444, "(9, 5)": 0.10436861981898016, "(9, 6)": 0.08015151917134566, "(9, 7)": 0.022404469486407952, "(9, 8)": 0.04685021749658358, "(9, 10)": 0.09055805268557515, "(9, 11)": 0.05248906592614566, "(10, 0)": 0.031335573120063964, "(10, 1)": 0.04089446323962043, "(10, 2)": 0.02190338255446944, "(10, 3)": 0.05391422261162315, "(10, 4)": 0.006007245622198676, "(10, 5)": 0.022259229005710313, "(10, 6)": 0.01602881215224361, "(10, 7)": 0.05181329455287775, "(10, 8)": 0.03591145835674048, "(10, 9)": 0.07925941313137241, "(10, 11)": 0.25749024946888677, "(11, 0)": 0.08296888486108944, "(11, 1)": 0.0690152119714279, "(11, 2)": 0.029220191376224225, "(11, 3)": 0.11285717077898982, "(11, 4)": 0.01487453029315855, "(11, 5)": 0.00979453461476254, "(11, 6)": 0.029838670631262887, "(11, 7)": 0.10719743930989056, "(11, 8)": 0.03229511500900506, "(11, 9)": 0.04444265313732931, "(11, 10)": 0.260379602072372}