{"(0, 1)": 0.041718710536696846, "(0, 2)": 0.08131337299193098, "(0, 3)": 0.1320471801682599, "(0, 4)": 0.009612379984609065, "(0, 5)": 0.016974637968104278, "(0, 6)": 0.0025705145710605004, "(0, 7)": 0.035763195865904374, "(0, 8)": 0.008026437744585113, "(0, 9)": 0.031034440018822385, "(0, 10)": 0.03283590171847317, "(0, 11)": 0.07713910622355735, "(1, 0)": 0.021610075441662047, "(1, 2)": 0.037035770561681614, "(1, 3)": 0.04442750968268805, "(1, 4)": -0.0011249587686923412, "(1, 5)": 0.0038877424267487193, "(1, 6)": 0.009116765775416646, "(1, 7)": 0.010448892135841992, "(1, 8)": 0.031129547691741144, "(1, 9)": 0.023626739542485398, "(1, 10)": 0.0178327614774465, "(1, 11)": 0.041726701996340876, "(2, 0)": 0.14512947548834543, "(2, 1)": 0.057238731420437006, "(2, 3)": 0.17095655460452963, "(2, 4)": 0.011922167067096479, "(2, 5)": 0.013639168616116026, "(2, 6)": 0.014206941492006298, "(2, 7)": 0.046336579224161234, "(2, 8)": 0.008551632494033234, "(2, 9)": 0.05163394812316291, "(2, 10)": 0.02720986292416483, "(2, 11)": 0.04166307211573694, "(3, 0)": 0.10442826080080003, "(3, 1)": 0.04527871532703931, "(3, 2)": 0.06977530132583265, "(3, 4)": 0.00530991081212806, "(3, 5)": 0.018705192841296014, "(3, 6)": 0.008145646436667264, "(3, 7)": 0.06951263404734209, "(3, 8)": 0.017113961760483964, "(3, 9)": 0.028978194417712322, "(3, 10)": 0.028154782762842334, "(3, 11)": 0.06973051086775861, "(4, 0)": 0.00557149984167804, "(4, 1)": -0.007441355613088119, "(4, 2)": 0.010330210426940933, "(4, 3)": 0.02003038976446725, "(4, 5)": 0.0009681988502133754, "(4, 6)": -0.0003915381978583099, "(4, 7)": 0.008311766844583457, "(4, 8)": 0.0018233258476650915, "(4, 9)": 0.0005661333695708981, "(4, 10)": 0.004554361295820875, "(4, 11)": 0.0065958701722445, "(5, 0)": 0.03919266848279779, "(5, 1)": 0.034118700310123096, "(5, 2)": 0.030038918602604436, "(5, 3)": 0.05549469202041557, "(5, 4)": 0.020448458056034347, "(5, 6)": 0.12718516332696184, "(5, 7)": 0.030030967258374952, "(5, 8)": 0.050288401616482514, "(5, 9)": 0.11451960509823322, "(5, 10)": 0.03674813597963966, "(5, 11)": 0.02905113297302475, "(6, 0)": 0.028369469358022092, "(6, 1)": 0.026718690352669716, "(6, 2)": 0.028304947689195115, "(6, 3)": 0.0496171562562997, "(6, 4)": 0.025539342859694836, "(6, 5)": 0.1292754449522444, "(6, 7)": 0.04712840754724834, "(6, 8)": 0.039450361095504816, "(6, 9)": 0.07485177272816712, "(6, 10)": 0.0354332990839501, "(6, 11)": 0.05256900072830162, "(7, 0)": 0.05516995873459063, "(7, 1)": 0.03599870283985451, "(7, 2)": 0.034625499595030695, "(7, 3)": 0.12216347748280287, "(7, 4)": 0.027073298670008628, "(7, 5)": 0.011701000615478407, "(7, 6)": 0.0491311330395543, "(7, 8)": 0.019512063620246045, "(7, 9)": 0.01867836519222399, "(7, 10)": 0.06757757700089173, "(7, 11)": 0.12495024531431531, "(8, 0)": 0.02260692971858347, "(8, 1)": 0.061438737071964566, "(8, 2)": 0.024164034792357403, "(8, 3)": 0.04089823845660867, "(8, 4)": 0.008827118589451732, "(8, 5)": 0.05195849320359225, "(8, 6)": 0.031271153896624604, "(8, 7)": 0.020119251105638725, "(8, 9)": 0.053196728619931966, "(8, 10)": 0.0527532587367473, "(8, 11)": 0.051507500847900234, "(9, 0)": 0.053926733243408576, "(9, 1)": 0.04547871559615968, "(9, 2)": 0.060784347348663004, "(9, 3)": 0.0669037651753388, "(9, 4)": 0.011633228620238634, "(9, 5)": 0.09994098639827964, "(9, 6)": 0.07635731345566266, "(9, 7)": 0.028217657459515655, "(9, 8)": 0.04879983816731959, "(9, 10)": 0.08612394071224727, "(9, 11)": 0.052774712414577096, "(10, 0)": 0.03144746145445787, "(10, 1)": 0.03779870526193785, "(10, 2)": 0.019656213187295823, "(10, 3)": 0.05246163300989248, "(10, 4)": 0.007096505286978472, "(10, 5)": 0.023657437217778465, "(10, 6)": 0.015400685600164055, "(10, 7)": 0.05419362719848997, "(10, 8)": 0.03442608410141401, "(10, 9)": 0.07843067775226309, "(10, 11)": 0.26862159051701384, "(11, 0)": 0.08373112137485805, "(11, 1)": 0.07563875617951032, "(11, 2)": 0.02845290885975693, "(11, 3)": 0.11117181422690392, "(11, 4)": 0.011379247450287622, "(11, 5)": 0.008535676095117073, "(11, 6)": 0.031666049001787044, "(11, 7)": 0.10928472137151213, "(11, 8)": 0.03145440304559155, "(11, 9)": 0.042006699347767906, "(11, 10)": 0.26722216683293265}