{"(0, 1)": 0.040958525377828625, "(0, 2)": 0.07890663985845026, "(0, 3)": 0.1308269971819096, "(0, 4)": 0.0037602648464383215, "(0, 5)": 0.014587262497261055, "(0, 6)": 0.005807133683050192, "(0, 7)": 0.042767181028894874, "(0, 8)": 0.00698246561282756, "(0, 9)": 0.036778532732833935, "(0, 10)": 0.029854041761527506, "(0, 11)": 0.07731992297171497, "(1, 0)": 0.01714529647697005, "(1, 2)": 0.0289032845902365, "(1, 3)": 0.048744672235005004, "(1, 4)": 0.002556186334327193, "(1, 5)": 0.01063391106737488, "(1, 6)": 0.004648191545958524, "(1, 7)": 0.011603704252652669, "(1, 8)": 0.03154310725507825, "(1, 9)": 0.024131392112089034, "(1, 10)": 0.019220932615177877, "(1, 11)": 0.0475403555820858, "(2, 0)": 0.14742688260113446, "(2, 1)": 0.06491856221878123, "(2, 3)": 0.1743789759946477, "(2, 4)": 0.009259485016596791, "(2, 5)": 0.010761996329727852, "(2, 6)": 0.00888046660106756, "(2, 7)": 0.045274248227880065, "(2, 8)": 0.007700591178405158, "(2, 9)": 0.052842321523281055, "(2, 10)": 0.02767831465220305, "(2, 11)": 0.045529081754975165, "(3, 0)": 0.10350423099195516, "(3, 1)": 0.0442785304826685, "(3, 2)": 0.07220012532991948, "(3, 4)": 0.016627224185932987, "(3, 5)": 0.014946843715149205, "(3, 6)": 0.01287142270669972, "(3, 7)": 0.07583828235700385, "(3, 8)": 0.01617645749938923, "(3, 9)": 0.03266480597876076, "(3, 10)": 0.041022342666015454, "(3, 11)": 0.08214032120659431, "(4, 0)": 0.006457680675568178, "(4, 1)": -0.000761538770942094, "(4, 2)": 0.008236123758571523, "(4, 3)": 0.02013779722110831, "(4, 5)": 0.004161877765794908, "(4, 6)": 0.0019353312560150826, "(4, 7)": 0.011556112879771652, "(4, 8)": 0.0011641576487766425, "(4, 9)": 0.0007844101746583565, "(4, 10)": 0.004067386990979638, "(4, 11)": 0.010155031023118544, "(5, 0)": 0.042253089110774744, "(5, 1)": 0.03203851166241556, "(5, 2)": 0.03311676503684324, "(5, 3)": 0.05383933817698483, "(5, 4)": 0.02252978006846651, "(5, 6)": 0.1255502808771377, "(5, 7)": 0.032285302884962896, "(5, 8)": 0.049995649601063286, "(5, 9)": 0.11623660324913376, "(5, 10)": 0.03875521428124584, "(5, 11)": 0.024349273851260178, "(6, 0)": 0.02689271279707217, "(6, 1)": 0.031918511477903255, "(6, 2)": 0.030606230958987735, "(6, 3)": 0.042600757445756976, "(6, 4)": 0.02325999605716378, "(6, 5)": 0.12703652343163874, "(6, 7)": 0.05205640828981439, "(6, 8)": 0.03578750346534432, "(6, 9)": 0.06863646678991975, "(6, 10)": 0.0334869370538452, "(6, 11)": 0.048277961181802165, "(7, 0)": 0.059550227186174864, "(7, 1)": 0.0442785304826685, "(7, 2)": 0.032478076713145065, "(7, 3)": 0.1281448508761741, "(7, 4)": 0.023020398315766855, "(7, 5)": 0.012467513049602585, "(7, 6)": 0.05687447530562162, "(7, 8)": 0.02330869035622085, "(7, 9)": 0.012192117915561518, "(7, 10)": 0.05966261314555865, "(7, 11)": 0.12233420962758801, "(8, 0)": 0.026182921020621586, "(8, 1)": 0.06567856338735911, "(8, 2)": 0.030357617656466274, "(8, 3)": 0.050123740143462436, "(8, 4)": 0.01317558711229605, "(8, 5)": 0.04258055399754623, "(8, 6)": 0.04101665773398799, "(8, 7)": 0.023064018862081426, "(8, 9)": 0.055125496392869455, "(8, 10)": 0.04647234838821146, "(8, 11)": 0.05514196875933286, "(9, 0)": 0.05024355849812079, "(9, 1)": 0.060598555576339086, "(9, 2)": 0.06174505424697163, "(9, 3)": 0.06381445751188264, "(9, 4)": 0.01771091516954293, "(9, 5)": 0.10628620766267527, "(9, 6)": 0.07122756007351194, "(9, 7)": 0.018288452686055612, "(9, 8)": 0.05116037232559201, "(9, 10)": 0.08830590296025798, "(9, 11)": 0.05445856709981911, "(10, 0)": 0.04449176913524466, "(10, 1)": 0.04027852433225898, "(10, 2)": 0.02343734935989028, "(10, 3)": 0.05382049575906622, "(10, 4)": 0.010539563455746581, "(10, 5)": 0.029697743992916248, "(10, 6)": 0.01198510091958871, "(10, 7)": 0.05051073132889916, "(10, 8)": 0.03362926320384807, "(10, 9)": 0.07820471069330104, "(10, 11)": 0.26218878710684934, "(11, 0)": 0.09435446620463461, "(11, 1)": 0.07535857827134995, "(11, 2)": 0.03024316104553204, "(11, 3)": 0.13058181023339022, "(11, 4)": 0.007154626917430185, "(11, 5)": 0.00917726869336466, "(11, 6)": 0.030007146896574577, "(11, 7)": 0.10788186155012802, "(11, 8)": 0.035084715880265516, "(11, 9)": 0.049590225476678906, "(11, 10)": 0.2597099905527528}