{"(0, 1)": 0.038072865570412895, "(0, 2)": 0.07846899298041143, "(0, 3)": 0.13029923355003614, "(0, 4)": 0.008508631084536589, "(0, 5)": 0.010968007704705074, "(0, 6)": 0.005409444998316415, "(0, 7)": 0.03703161940705346, "(0, 8)": -0.0004530105436861831, "(0, 9)": 0.028624123284928138, "(0, 10)": 0.029132405377175652, "(0, 11)": 0.07467547048655021, "(1, 0)": 0.013222331618636729, "(1, 2)": 0.03120835159227997, "(1, 3)": 0.038985654734695174, "(1, 4)": 0.004881528716265127, "(1, 5)": 0.005442620892331718, "(1, 6)": 0.000722893957087245, "(1, 7)": 0.012256400317950833, "(1, 8)": 0.029816711212768743, "(1, 9)": 0.023897676539702317, "(1, 10)": 0.01893880464462505, "(1, 11)": 0.037767819882209674, "(2, 0)": 0.14886836247327284, "(2, 1)": 0.05923390246122062, "(2, 3)": 0.1762301127783864, "(2, 4)": 0.002855605944771855, "(2, 5)": 0.007375913953552082, "(2, 6)": 0.012666990433766512, "(2, 7)": 0.04526082259199804, "(2, 8)": 0.006266322836167237, "(2, 9)": 0.048371684197697995, "(2, 10)": 0.027705379452009127, "(2, 11)": 0.045231696497042284, "(3, 0)": 0.10252856101472962, "(3, 1)": 0.05095349672133931, "(3, 2)": 0.0702911567220259, "(3, 4)": -0.001810593745577016, "(3, 5)": 0.020851321262219003, "(3, 6)": 0.01575515961487506, "(3, 7)": 0.07822533140962751, "(3, 8)": 0.017621044904318706, "(3, 9)": 0.03247174203067471, "(3, 10)": 0.040282317194786144, "(3, 11)": 0.07391213979813882, "(4, 0)": 0.005327434357485283, "(4, 1)": -0.0018890925655357105, "(4, 2)": 0.011860686981025492, "(4, 3)": 0.018785128565865783, "(4, 5)": 0.0068672512186865875, "(4, 6)": 0.006423393580084036, "(4, 7)": 0.00815076357784339, "(4, 8)": 0.0023998197829678825, "(4, 9)": 0.005037406651384191, "(4, 10)": 0.009850305961721428, "(4, 11)": 0.010134689943511077, "(5, 0)": 0.0351242545921463, "(5, 1)": 0.036792802847339545, "(5, 2)": 0.030600024682592375, "(5, 3)": 0.05090572853065267, "(5, 4)": 0.015031896240451315, "(5, 6)": 0.1251863465791525, "(5, 7)": 0.02610418591810837, "(5, 8)": 0.04866175837537545, "(5, 9)": 0.11570663888126886, "(5, 10)": 0.03443692086423189, "(5, 11)": 0.03130797964024645, "(6, 0)": 0.022497815993199333, "(6, 1)": 0.03267260095744695, "(6, 2)": 0.03369207309082123, "(6, 3)": 0.03906410467051791, "(6, 4)": 0.017264593299549436, "(6, 5)": 0.1306969718997213, "(6, 7)": 0.054910914192706994, "(6, 8)": 0.0421662411928827, "(6, 9)": 0.07451527226857024, "(6, 10)": 0.032137528365985935, "(6, 11)": 0.04037919039732407, "(7, 0)": 0.0574985472137266, "(7, 1)": 0.025112230499294452, "(7, 2)": 0.027689923538618766, "(7, 3)": 0.12217552252850838, "(7, 4)": 0.03416256757823699, "(7, 5)": 0.010450492007325618, "(7, 6)": 0.05626758294015599, "(7, 8)": 0.026173465772383442, "(7, 9)": 0.02043344690241322, "(7, 10)": 0.06868917877856606, "(7, 11)": 0.1225244710684239, "(8, 0)": 0.021389111597023613, "(8, 1)": 0.0653942043160115, "(8, 2)": 0.02714569547709378, "(8, 3)": 0.04484042828142665, "(8, 4)": 0.013084055474705036, "(8, 5)": 0.05103662553183197, "(8, 6)": 0.04141758745895252, "(8, 7)": 0.02205465967681175, "(8, 9)": 0.057646070373566505, "(8, 10)": 0.05208932819020884, "(8, 11)": 0.06105747220499258, "(9, 0)": 0.05350812485054368, "(9, 1)": 0.04183304981944114, "(9, 2)": 0.06800304259205259, "(9, 3)": 0.0628499197226865, "(9, 4)": 0.021298298117842673, "(9, 5)": 0.10135813381094005, "(9, 6)": 0.07443599130389889, "(9, 7)": 0.021683692841501734, "(9, 8)": 0.05182106582286372, "(9, 10)": 0.08836009016265989, "(9, 11)": 0.054730095282537694, "(10, 0)": 0.03455335080776978, "(10, 1)": 0.03911291653291016, "(10, 2)": 0.023354780753883198, "(10, 3)": 0.051644225297415525, "(10, 4)": 0.0033508399096205954, "(10, 5)": 0.028874204840448336, "(10, 6)": 0.017401416808767167, "(10, 7)": 0.04972829618562913, "(10, 8)": 0.033157988963788854, "(10, 9)": 0.0795553484118976, "(10, 11)": 0.2641137152704768, "(11, 0)": 0.08865953953975336, "(11, 1)": 0.07191452381166674, "(11, 2)": 0.028360264012305847, "(11, 3)": 0.12863139566432658, "(11, 4)": 0.004470847209613327, "(11, 5)": 0.013313746789825998, "(11, 6)": 0.025452282665190507, "(11, 7)": 0.10800450804439743, "(11, 8)": 0.02856997208082257, "(11, 9)": 0.04518870519324725, "(11, 10)": 0.26503376616995955}