{"(0, 1)": 0.03720487569339315, "(0, 2)": 0.08336958565737351, "(0, 3)": 0.133830380686223, "(0, 4)": 0.0011364334061797488, "(0, 5)": 0.015017733895999807, "(0, 6)": 0.008117424707812737, "(0, 7)": 0.041730700548486266, "(0, 8)": 0.009156816720174765, "(0, 9)": 0.03271723954971373, "(0, 10)": 0.02221903185596308, "(0, 11)": 0.0777490254653943, "(1, 0)": 0.019855215343777988, "(1, 2)": 0.03385445525458719, "(1, 3)": 0.037633274970621855, "(1, 4)": -0.0025796980453507423, "(1, 5)": 0.003589168911411811, "(1, 6)": 0.006513568089932198, "(1, 7)": 0.011017844360175277, "(1, 8)": 0.02864198073699664, "(1, 9)": 0.0206945008389251, "(1, 10)": 0.019143070807114526, "(1, 11)": 0.03948034920464649, "(2, 0)": 0.14717351387340982, "(2, 1)": 0.05692559513679152, "(2, 3)": 0.18401861691970156, "(2, 4)": 0.01227575700516359, "(2, 5)": 0.014021177502319793, "(2, 6)": 0.013567452528218116, "(2, 7)": 0.045338816802051096, "(2, 8)": 0.010020149640864062, "(2, 9)": 0.0558335687314796, "(2, 10)": 0.031178134878036112, "(2, 11)": 0.048003963975761565, "(3, 0)": 0.10431365847371865, "(3, 1)": 0.054045490065950386, "(3, 2)": 0.07456877395809969, "(3, 4)": 0.0008978474471914577, "(3, 5)": 0.02093888597462601, "(3, 6)": 0.012394305453666377, "(3, 7)": 0.07327545515254097, "(3, 8)": 0.01815590173075532, "(3, 9)": 0.033822768815998216, "(3, 10)": 0.03806959283570388, "(3, 11)": 0.08114862993760907, "(4, 0)": 0.003033410073913001, "(4, 1)": -0.0009965179545694536, "(4, 2)": 0.005114601084009296, "(4, 3)": 0.02297391412721861, "(4, 5)": 0.0031826255479759924, "(4, 6)": -0.001280130835746851, "(4, 7)": 0.00707586852504416, "(4, 8)": -0.00039716861212113486, "(4, 9)": 0.0010312050882252954, "(4, 10)": 0.009772025230143089, "(4, 11)": 0.010730629434841044, "(5, 0)": 0.037475681047284715, "(5, 1)": 0.0296045984231178, "(5, 2)": 0.028344200151718124, "(5, 3)": 0.05035273394048301, "(5, 4)": 0.020511890867497273, "(5, 6)": 0.1300317526526108, "(5, 7)": 0.03702994467098797, "(5, 8)": 0.050829254508150346, "(5, 9)": 0.11532647998170542, "(5, 10)": 0.034398926961984655, "(5, 11)": 0.02807770115490349, "(6, 0)": 0.028107717098765028, "(6, 1)": 0.019964246727663393, "(6, 2)": 0.03027521214428386, "(6, 3)": 0.04006852713014408, "(6, 4)": 0.019256112751317445, "(6, 5)": 0.13070576861177752, "(6, 7)": 0.05338776606685991, "(6, 8)": 0.03888097944452917, "(6, 9)": 0.07230221900358313, "(6, 10)": 0.03347840268716462, "(6, 11)": 0.04678621197996069, "(7, 0)": 0.06004958597782961, "(7, 1)": 0.03336473559893827, "(7, 2)": 0.02856042025323957, "(7, 3)": 0.12178688637339907, "(7, 4)": 0.03332276195485584, "(7, 5)": 0.018744893489298087, "(7, 6)": 0.04328504382665088, "(7, 8)": 0.023785543201527037, "(7, 9)": 0.012428963168151341, "(7, 10)": 0.06290312301852785, "(7, 11)": 0.11793288421626846, "(8, 0)": 0.02814394271107179, "(8, 1)": 0.06748598039654241, "(8, 2)": 0.022815017867843124, "(8, 3)": 0.04370033865510248, "(8, 4)": 0.017680210901399374, "(8, 5)": 0.04614262120468415, "(8, 6)": 0.03760400138756481, "(8, 7)": 0.025510608253894063, "(8, 9)": 0.05209596266778993, "(8, 10)": 0.05534913530660668, "(8, 11)": 0.05820029830643969, "(9, 0)": 0.053734990087976886, "(9, 1)": 0.049685331000371424, "(9, 2)": 0.06683528667731731, "(9, 3)": 0.06403237886471558, "(9, 4)": 0.015729998445817905, "(9, 5)": 0.10427470561691388, "(9, 6)": 0.07566951407552269, "(9, 7)": 0.016954034547324137, "(9, 8)": 0.05339074750910511, "(9, 10)": 0.09269499413762194, "(9, 11)": 0.056982430976663556, "(10, 0)": 0.03849032546329034, "(10, 1)": 0.038844935525399915, "(10, 2)": 0.02358931027794786, "(10, 3)": 0.0620337054063288, "(10, 4)": 0.008642503476409602, "(10, 5)": 0.029681878433303277, "(10, 6)": 0.01518731797407169, "(10, 7)": 0.04494445734476038, "(10, 8)": 0.03531631237939248, "(10, 9)": 0.07814527778154623, "(10, 11)": 0.2582217491655525, "(11, 0)": 0.07809805299530403, "(11, 1)": 0.06008571042285338, "(11, 2)": 0.029072091645608977, "(11, 3)": 0.12082878223989568, "(11, 4)": 0.00826713659643974, "(11, 5)": 0.007875286063916742, "(11, 6)": 0.027204111479410487, "(11, 7)": 0.11300283828722835, "(11, 8)": 0.03316975268488631, "(11, 9)": 0.04375730969853808, "(11, 10)": 0.2621789047265619}