{"(0, 1)": -0.0013766526764245057, "(0, 2)": 0.0982197175302324, "(1, 0)": 0.002453869087970628, "(1, 2)": 0.014506800024085997, "(2, 0)": 0.9833137042223181, "(2, 1)": 0.9781761665056625}