{"(0, 1)": 0.003970817932147153, "(0, 2)": 0.09763894445312427, "(1, 0)": -0.0035053027537454984, "(1, 2)": 0.013539006281985011, "(2, 0)": 0.9835192283238536, "(2, 1)": 0.9805383584063557}