{"(0, 1)": -0.0004300022603220821, "(0, 2)": 0.10112941343545934, "(1, 0)": 0.0023346808284052667, "(1, 2)": 0.012494339243286356, "(2, 0)": 0.9818805853647693, "(2, 1)": 0.9781117004265938}