{"(0, 1)": -0.0006613579565351024, "(0, 2)": 0.09587656625786933, "(1, 0)": 0.0008677317353308345, "(1, 2)": 0.014267945486518885, "(2, 0)": 0.9832396668460364, "(2, 1)": 0.9797271372688435}