{"(0, 1)": -0.0030309774983374727, "(0, 2)": 0.09226885237330151, "(1, 0)": 0.0026151522601405297, "(1, 2)": 0.015413044889114769, "(2, 0)": 0.9852906484340005, "(2, 1)": 0.9797984866969441}