{"(0, 1)": 0.10529084039689096, "(0, 2)": 0.09927460614095052, "(0, 3)": 0.10078645801268493, "(0, 4)": 0.09941863314286337, "(0, 5)": 0.10422441552279493, "(0, 6)": 0.10230767625083714, "(0, 7)": 0.08965126779805765, "(0, 8)": 0.09871761169223225, "(0, 9)": 0.10438626873545542, "(0, 10)": 0.10415257562799596, "(0, 11)": 0.10432469006294065, "(0, 12)": 0.09622802734149205, "(0, 13)": 0.09666528318250867, "(0, 14)": 0.1033534066166496, "(0, 15)": 0.10567105277219901, "(0, 16)": 0.10423894596444949, "(0, 17)": 0.1039763738578926, "(0, 18)": 0.09705317610510733, "(0, 19)": 0.10146324119893158, "(0, 20)": 0.10771162995698735, "(1, 0)": 0.11027492533375316, "(1, 2)": 0.11366706994074471, "(1, 3)": 0.125854973985165, "(1, 4)": 0.13722269394091124, "(1, 5)": 0.13738049536013774, "(1, 6)": 0.13541360497914967, "(1, 7)": 0.12123121172495877, "(1, 8)": 0.11713486344578494, "(1, 9)": 0.1094447486859994, "(1, 10)": 0.11147363261399656, "(1, 11)": 0.1170042549547069, "(1, 12)": 0.13140630341977844, "(1, 13)": 0.1322197021928294, "(1, 14)": 0.12470024440956451, "(1, 15)": 0.11726609983405223, "(1, 16)": 0.11176286006807334, "(1, 17)": 0.1104259731242222, "(1, 18)": 0.10383565458309674, "(1, 19)": 0.09400306656207091, "(1, 20)": 0.1044020457065995, "(2, 0)": 0.11388627880158286, "(2, 1)": 0.13305693782497585, "(2, 3)": 0.18638934589014178, "(2, 4)": 0.20729668575544047, "(2, 5)": 0.21076811137873996, "(2, 6)": 0.20728108243236532, "(2, 7)": 0.1800245127866521, "(2, 8)": 0.13712240586939062, "(2, 9)": 0.1153629956358716, "(2, 10)": 0.1401121816144293, "(2, 11)": 0.18805620261028955, "(2, 12)": 0.2087136170213746, "(2, 13)": 0.1981559389286468, "(2, 14)": 0.1759994411956055, "(2, 15)": 0.16418197795527523, "(2, 16)": 0.12992584481436908, "(2, 17)": 0.13571216692232502, "(2, 18)": 0.13594530540403305, "(2, 19)": 0.13466478088320344, "(2, 20)": 0.11378005412101266, "(3, 0)": 0.1313802739461717, "(3, 1)": 0.15319639057409906, "(3, 2)": 0.20555984819995177, "(3, 4)": 0.2960207764659728, "(3, 5)": 0.31455785029422134, "(3, 6)": 0.30599854278163874, "(3, 7)": 0.2382517402231108, "(3, 8)": 0.17193921451174465, "(3, 9)": 0.13324892968980873, "(3, 10)": 0.1663741998181023, "(3, 11)": 0.24646889436626163, "(3, 12)": 0.30102966399515274, "(3, 13)": 0.27701134026212215, "(3, 14)": 0.2515294047760399, "(3, 15)": 0.20438956121222884, "(3, 16)": 0.16722081775750142, "(3, 17)": 0.1639650111359462, "(3, 18)": 0.13877914325602025, "(3, 19)": 0.13247891961876146, "(3, 20)": 0.12481557938300103, "(4, 0)": 0.15877996326073818, "(4, 1)": 0.1883969323963557, "(4, 2)": 0.2426537912707445, "(4, 3)": 0.31621459955081843, "(4, 5)": 0.3815775073515011, "(4, 6)": 0.3825207019083787, "(4, 7)": 0.30157447500434686, "(4, 8)": 0.19898358594140408, "(4, 9)": 0.1492540194051747, "(4, 10)": 0.20387124963069647, "(4, 11)": 0.30045126067526673, "(4, 12)": 0.37461866801551613, "(4, 13)": 0.34735420391578764, "(4, 14)": 0.2943008709563234, "(4, 15)": 0.24308653052194484, "(4, 16)": 0.20551443363820276, "(4, 17)": 0.18829990531131657, "(4, 18)": 0.17200547510432618, "(4, 19)": 0.16602096148964962, "(4, 20)": 0.14961238913479225, "(5, 0)": 0.15258400224897217, "(5, 1)": 0.18822995056880232, "(5, 2)": 0.2523477292658314, "(5, 3)": 0.32679889547302576, "(5, 4)": 0.3812192786352505, "(5, 6)": 0.4411720371324468, "(5, 7)": 0.3563161585741135, "(5, 8)": 0.2426922294781474, "(5, 9)": 0.1704772313702586, "(5, 10)": 0.19751481399411985, "(5, 11)": 0.29636296884703317, "(5, 12)": 0.38804637391332164, "(5, 13)": 0.38702188394351134, "(5, 14)": 0.3572607307048775, "(5, 15)": 0.30472010747851797, "(5, 16)": 0.24188049139822942, "(5, 17)": 0.2254007322244378, "(5, 18)": 0.19989723738082665, "(5, 19)": 0.1761173585803807, "(5, 20)": 0.15206179395011388, "(6, 0)": 0.16259891505824164, "(6, 1)": 0.19510249557515658, "(6, 2)": 0.2600020635161443, "(6, 3)": 0.3452524261859563, "(6, 4)": 0.4019909317550572, "(6, 5)": 0.45179534396134935, "(6, 7)": 0.41644274808119675, "(6, 8)": 0.30308413913202625, "(6, 9)": 0.20671639569158162, "(6, 10)": 0.20556330728190475, "(6, 11)": 0.2816888444616582, "(6, 12)": 0.39510086410059286, "(6, 13)": 0.4435954754442416, "(6, 14)": 0.43863851286752176, "(6, 15)": 0.37381018086382534, "(6, 16)": 0.3146665432706751, "(6, 17)": 0.2759030290746457, "(6, 18)": 0.234325542161395, "(6, 19)": 0.2028395223785241, "(6, 20)": 0.17422375815749003, "(7, 0)": 0.14858533604682178, "(7, 1)": 0.16593878200684442, "(7, 2)": 0.20897815400567243, "(7, 3)": 0.24541456126786032, "(7, 4)": 0.29948608501382357, "(7, 5)": 0.35282837340921613, "(7, 6)": 0.40577532485207224, "(7, 8)": 0.3458623461138538, "(7, 9)": 0.24421477596855024, "(7, 10)": 0.1791333209151359, "(7, 11)": 0.19866059842434236, "(7, 12)": 0.29865944178103343, "(7, 13)": 0.37696318775580395, "(7, 14)": 0.4306234819778002, "(7, 15)": 0.39042707472315163, "(7, 16)": 0.34835351332899633, "(7, 17)": 0.29799953582518857, "(7, 18)": 0.2370802149349277, "(7, 19)": 0.18598044479496467, "(7, 20)": 0.1462846852705597, "(8, 0)": 0.15024317806109322, "(8, 1)": 0.1560482146806218, "(8, 2)": 0.1732715253905841, "(8, 3)": 0.17442918016061992, "(8, 4)": 0.18783316707270725, "(8, 5)": 0.23893497695683452, "(8, 6)": 0.29326895047341606, "(8, 7)": 0.3372312075697622, "(8, 9)": 0.30085510097681434, "(8, 10)": 0.19821649232863736, "(8, 11)": 0.13024752772144355, "(8, 12)": 0.1918147021278569, "(8, 13)": 0.28626620814734705, "(8, 14)": 0.38065383895892346, "(8, 15)": 0.38456110003670263, "(8, 16)": 0.371384686293759, "(8, 17)": 0.3275989882043553, "(8, 18)": 0.24683576804633744, "(8, 19)": 0.18417454788313736, "(8, 20)": 0.14980698507509305, "(9, 0)": 0.13947568485894601, "(9, 1)": 0.1329637345351038, "(9, 2)": 0.15304066925768234, "(9, 3)": 0.15355043703163007, "(9, 4)": 0.1559830844816883, "(9, 5)": 0.17042211281151065, "(9, 6)": 0.19322223055054033, "(9, 7)": 0.23085377849680966, "(9, 8)": 0.2918011632847842, "(9, 10)": 0.29459385213251277, "(9, 11)": 0.19393420288997731, "(9, 12)": 0.15853293563959558, "(9, 13)": 0.19010904940981554, "(9, 14)": 0.2615292852352462, "(9, 15)": 0.2701739274625736, "(9, 16)": 0.2890018251230111, "(9, 17)": 0.26572496650959565, "(9, 18)": 0.2131373573200448, "(9, 19)": 0.1658660997290492, "(9, 20)": 0.1453073289724801, "(10, 0)": 0.15541108162774842, "(10, 1)": 0.15412093293700901, "(10, 2)": 0.17584449752708287, "(10, 3)": 0.19189754810873794, "(10, 4)": 0.19771962737770998, "(10, 5)": 0.1759802517724336, "(10, 6)": 0.16430189998643085, "(10, 7)": 0.15618264463539466, "(10, 8)": 0.20625777591038752, "(10, 9)": 0.3059314397635504, "(10, 11)": 0.2984117204745138, "(10, 12)": 0.19106152879447102, "(10, 13)": 0.15627487693587205, "(10, 14)": 0.16503525813850928, "(10, 15)": 0.17462065643772684, "(10, 16)": 0.1956957717052068, "(10, 17)": 0.18992784144184072, "(10, 18)": 0.18387254743528458, "(10, 19)": 0.15713689916436024, "(10, 20)": 0.14870861174151828, "(11, 0)": 0.13584093879629766, "(11, 1)": 0.1654666334463023, "(11, 2)": 0.20246263253757846, "(11, 3)": 0.2521138965964559, "(11, 4)": 0.29636842238539607, "(11, 5)": 0.257906985999211, "(11, 6)": 0.22469437348504884, "(11, 7)": 0.18379839814891807, "(11, 8)": 0.157680219690285, "(11, 9)": 0.192547674828498, "(11, 10)": 0.2815212564057875, "(11, 12)": 0.2730277129204568, "(11, 13)": 0.21742416682759225, "(11, 14)": 0.17695074908917008, "(11, 15)": 0.15758794820106514, "(11, 16)": 0.15854548766360055, "(11, 17)": 0.1467217382425131, "(11, 18)": 0.14962123172849762, "(11, 19)": 0.1453622403799446, "(11, 20)": 0.14316873571729827, "(12, 0)": 0.14873703693422646, "(12, 1)": 0.17778322235880728, "(12, 2)": 0.23985672884723874, "(12, 3)": 0.31705227662138824, "(12, 4)": 0.36573431874450935, "(12, 5)": 0.3848538944257517, "(12, 6)": 0.37680541190658645, "(12, 7)": 0.3032877412135935, "(12, 8)": 0.1968538837640944, "(12, 9)": 0.15483328687566267, "(12, 10)": 0.19827773502282997, "(12, 11)": 0.28077606119463006, "(12, 13)": 0.3420186755682222, "(12, 14)": 0.2929564189472832,