{"(0, 1)": 0.10253559818715174, "(0, 2)": 0.09667835577332817, "(0, 3)": 0.10499041226518913, "(0, 4)": 0.09760867080366664, "(0, 5)": 0.10317735044509557, "(0, 6)": 0.09362795070222052, "(0, 7)": 0.09323269408543244, "(0, 8)": 0.10389742227808707, "(0, 9)": 0.10828468183117101, "(0, 10)": 0.10276554768910451, "(0, 11)": 0.09540607038832238, "(0, 12)": 0.09762893071178791, "(0, 13)": 0.09341063911415093, "(0, 14)": 0.10439497000268161, "(0, 15)": 0.10342510964824214, "(0, 16)": 0.09919001835646224, "(0, 17)": 0.09983234445757816, "(0, 18)": 0.10069344845771755, "(0, 19)": 0.09585356006089174, "(0, 20)": 0.10222572640705518, "(1, 0)": 0.1126826680573435, "(1, 2)": 0.1175459035425841, "(1, 3)": 0.12739968729586038, "(1, 4)": 0.13827737351106106, "(1, 5)": 0.1337365651030309, "(1, 6)": 0.13728850839917528, "(1, 7)": 0.12624760583480898, "(1, 8)": 0.12320510403219898, "(1, 9)": 0.10969820127531438, "(1, 10)": 0.11504678099839183, "(1, 11)": 0.11323603248482217, "(1, 12)": 0.1337848327603297, "(1, 13)": 0.1306937849251255, "(1, 14)": 0.12407459501782891, "(1, 15)": 0.11800279996673879, "(1, 16)": 0.11404867468833646, "(1, 17)": 0.10688544497704366, "(1, 18)": 0.10401802093975743, "(1, 19)": 0.09821653514763395, "(1, 20)": 0.10441994909810359, "(2, 0)": 0.11607991005052842, "(2, 1)": 0.13243203952689842, "(2, 3)": 0.18684130499648188, "(2, 4)": 0.20881713142257308, "(2, 5)": 0.22015849106472285, "(2, 6)": 0.21781286501547092, "(2, 7)": 0.18444061071805673, "(2, 8)": 0.1366723197179891, "(2, 9)": 0.11942601699514976, "(2, 10)": 0.13044343062590402, "(2, 11)": 0.18432605187043938, "(2, 12)": 0.20889300482636652, "(2, 13)": 0.19770455469469872, "(2, 14)": 0.1784407354706954, "(2, 15)": 0.1675457590658307, "(2, 16)": 0.1363386642305806, "(2, 17)": 0.13983668849833408, "(2, 18)": 0.13409009741464906, "(2, 19)": 0.1243515877733199, "(2, 20)": 0.11332408884900358, "(3, 0)": 0.12697461973770674, "(3, 1)": 0.15314294962273833, "(3, 2)": 0.20468745735686622, "(3, 4)": 0.2930539238547357, "(3, 5)": 0.31208672289397077, "(3, 6)": 0.3057519185242955, "(3, 7)": 0.2308244011426448, "(3, 8)": 0.1685120272217433, "(3, 9)": 0.13216706506989762, "(3, 10)": 0.16761102988809407, "(3, 11)": 0.24909030505525498, "(3, 12)": 0.3031814965087327, "(3, 13)": 0.2743633340884114, "(3, 14)": 0.24966943944939746, "(3, 15)": 0.2065048404757167, "(3, 16)": 0.17403597812105254, "(3, 17)": 0.16250140849725314, "(3, 18)": 0.14210490478220061, "(3, 19)": 0.13920603811381493, "(3, 20)": 0.12150524093971748, "(4, 0)": 0.15503819153232035, "(4, 1)": 0.1858757907125732, "(4, 2)": 0.23524331159228562, "(4, 3)": 0.31365320873326563, "(4, 5)": 0.3782685481719956, "(4, 6)": 0.3862147908568434, "(4, 7)": 0.3010465237669737, "(4, 8)": 0.19878551343948458, "(4, 9)": 0.1448251559565491, "(4, 10)": 0.19982912850003898, "(4, 11)": 0.2965622198831147, "(4, 12)": 0.3877460532790198, "(4, 13)": 0.3482607905782169, "(4, 14)": 0.29920798755035416, "(4, 15)": 0.24634687818058343, "(4, 16)": 0.20419184639391885, "(4, 17)": 0.18874679141815476, "(4, 18)": 0.17438553005911717, "(4, 19)": 0.15581221813550294, "(4, 20)": 0.14403724950895935, "(5, 0)": 0.1518000555717932, "(5, 1)": 0.19433812504424552, "(5, 2)": 0.26126383647771256, "(5, 3)": 0.33459899078568034, "(5, 4)": 0.3895033325879641, "(5, 6)": 0.4462564820895919, "(5, 7)": 0.35877412545561194, "(5, 8)": 0.24317127854296805, "(5, 9)": 0.17170419811282667, "(5, 10)": 0.19927878172167734, "(5, 11)": 0.29702602770416986, "(5, 12)": 0.3942188315365932, "(5, 13)": 0.39421463501126197, "(5, 14)": 0.35822732834826143, "(5, 15)": 0.3087827267403731, "(5, 16)": 0.24905115259334332, "(5, 17)": 0.2354311375376259, "(5, 18)": 0.1962991037859827, "(5, 19)": 0.16878306350130767, "(5, 20)": 0.1581199215207426, "(6, 0)": 0.16149154973670232, "(6, 1)": 0.19089727284189506, "(6, 2)": 0.27205726410612185, "(6, 3)": 0.34012538606507625, "(6, 4)": 0.40605825252958794, "(6, 5)": 0.44857685689245597, "(6, 7)": 0.41900520664046936, "(6, 8)": 0.30581794770447257, "(6, 9)": 0.20441387897434815, "(6, 10)": 0.20221292460783447, "(6, 11)": 0.28796603395797815, "(6, 12)": 0.4030531554393645, "(6, 13)": 0.44362080739870846, "(6, 14)": 0.43838305743072037, "(6, 15)": 0.3741463111529182, "(6, 16)": 0.3114626429651548, "(6, 17)": 0.27755572552854035, "(6, 18)": 0.23422930977172984, "(6, 19)": 0.19730059589246196, "(6, 20)": 0.1711395940165671, "(7, 0)": 0.15276738761075592, "(7, 1)": 0.17119541346221412, "(7, 2)": 0.2170535580547126, "(7, 3)": 0.24822333072769454, "(7, 4)": 0.3014830585778109, "(7, 5)": 0.3538889346009071, "(7, 6)": 0.4116327206886464, "(7, 8)": 0.34457757077269235, "(7, 9)": 0.2421139045065902, "(7, 10)": 0.17628229150004948, "(7, 11)": 0.19675807701958714, "(7, 12)": 0.30166188518088943, "(7, 13)": 0.37312439180425905, "(7, 14)": 0.432689852834783, "(7, 15)": 0.39884032205418285, "(7, 16)": 0.3495106553905697, "(7, 17)": 0.303888292894691, "(7, 18)": 0.24372205509841427, "(7, 19)": 0.1728766170994559, "(7, 20)": 0.15583229226284212, "(8, 0)": 0.14799248105236007, "(8, 1)": 0.15198415556190625, "(8, 2)": 0.1688102756824168, "(8, 3)": 0.17998933950997686, "(8, 4)": 0.19341999354259098, "(8, 5)": 0.24141400622402975, "(8, 6)": 0.3007583622847232, "(8, 7)": 0.3413384542910334, "(8, 9)": 0.2938472070206245, "(8, 10)": 0.18902458350192108, "(8, 11)": 0.12930084007879183, "(8, 12)": 0.18890053427896958, "(8, 13)": 0.2852355018831193, "(8, 14)": 0.38202954612844586, "(8, 15)": 0.38886496300994433, "(8, 16)": 0.3724158977081753, "(8, 17)": 0.3228690731124262, "(8, 18)": 0.2520871420844113, "(8, 19)": 0.17743970146548105, "(8, 20)": 0.15129876645130202, "(9, 0)": 0.14247249530685024, "(9, 1)": 0.13257386065437649, "(9, 2)": 0.15008349766068474, "(9, 3)": 0.15366558119974827, "(9, 4)": 0.1564389825080713, "(9, 5)": 0.167176569041801, "(9, 6)": 0.1922538402202354, "(9, 7)": 0.22772604507590755, "(9, 8)": 0.28685015560633753, "(9, 10)": 0.293162731727896, "(9, 11)": 0.18740866870993755, "(9, 12)": 0.15844358470227815, "(9, 13)": 0.1878836828203594, "(9, 14)": 0.25480801711807666, "(9, 15)": 0.26735878279065894, "(9, 16)": 0.28423868017098075, "(9, 17)": 0.2591994817185084, "(9, 18)": 0.20455942601748311, "(9, 19)": 0.16353321715321212, "(9, 20)": 0.14241257814746422, "(10, 0)": 0.1464399498493708, "(10, 1)": 0.14964158521670679, "(10, 2)": 0.1764228407781746, "(10, 3)": 0.1976499980198677, "(10, 4)": 0.19940614717104854, "(10, 5)": 0.17113617476175802, "(10, 6)": 0.16225161727634685, "(10, 7)": 0.15758178621626684, "(10, 8)": 0.2052844003188108, "(10, 9)": 0.3054212191813168, "(10, 11)": 0.29599355769590696, "(10, 12)": 0.19237351753695564, "(10, 13)": 0.16289805645352895, "(10, 14)": 0.1644126457506645, "(10, 15)": 0.17264816512110537, "(10, 16)": 0.19234805913023467, "(10, 17)": 0.18663094263654434, "(10, 18)": 0.1791429600908082, "(10, 19)": 0.15304124928425022, "(10, 20)": 0.15230291464595713, "(11, 0)": 0.1389525092313929, "(11, 1)": 0.16283562396432028, "(11, 2)": 0.19784578031068845, "(11, 3)": 0.25001959145257524, "(11, 4)": 0.30107822564803066, "(11, 5)": 0.263529517566372, "(11, 6)": 0.23358206136197257, "(11, 7)": 0.18432451099027014, "(11, 8)": 0.14983926628893818, "(11, 9)": 0.1886937582339162, "(11, 10)": 0.27759343822142146, "(11, 12)": 0.2817954175764442, "(11, 13)": 0.21711261860095799, "(11, 14)": 0.17273949442099223, "(11, 15)": 0.15917912224466335, "(11, 16)": 0.15377660227946321, "(11, 17)": 0.14561508211996543, "(11, 18)": 0.1434875643039355, "(11, 19)": 0.14937571855834264, "(11, 20)": 0.14121589021268866, "(12, 0)": 0.14594809513114249, "(12, 1)": 0.18903173708912435, "(12, 2)": 0.24831739864964075, "(12, 3)": 0.3197161130421632, "(12, 4)": 0.37546621137318126, "(12, 5)": 0.3845358000337119, "(12, 6)": 0.3855081278564074, "(12, 7)": 0.30444577851742527, "(12, 8)": 0.19830555722249033, "(12, 9)": 0.14787795407811455, "(12, 10)": 0.19485090868745558, "(12, 11)": 0.28789089196909523, "(12, 13)": 0.34936891813698345, "(12, 14)": 0.2926233690850818,