{"(0, 1)": 0.09723752581453282, "(0, 2)": 0.09952828181330464, "(0, 3)": 0.09674780110870196, "(0, 4)": 0.09945214883666698, "(0, 5)": 0.10070486431232817, "(0, 6)": 0.09349748295770843, "(0, 7)": 0.09388384123616311, "(0, 8)": 0.10750846070242348, "(0, 9)": 0.1047352182286353, "(0, 10)": 0.1033107701846514, "(0, 11)": 0.09777711829605074, "(0, 12)": 0.09803267556446837, "(0, 13)": 0.09193618600991738, "(0, 14)": 0.09221972906402365, "(0, 15)": 0.10725443776404775, "(0, 16)": 0.10427073433985723, "(0, 17)": 0.10303637270132338, "(0, 18)": 0.09310700790687787, "(0, 19)": 0.1031510723026614, "(0, 20)": 0.10428329466704822, "(1, 0)": 0.11218678856981479, "(1, 2)": 0.11689205220788845, "(1, 3)": 0.13194472649576838, "(1, 4)": 0.1404300846876011, "(1, 5)": 0.1416686638215341, "(1, 6)": 0.13821842375037674, "(1, 7)": 0.1266391021195431, "(1, 8)": 0.12303910002266916, "(1, 9)": 0.1156202045691258, "(1, 10)": 0.11103365257700648, "(1, 11)": 0.12302435482983021, "(1, 12)": 0.13724614291522075, "(1, 13)": 0.1303996395026613, "(1, 14)": 0.12561545113303563, "(1, 15)": 0.1172381552967463, "(1, 16)": 0.11468946072837849, "(1, 17)": 0.10495734300901705, "(1, 18)": 0.11080203217979534, "(1, 19)": 0.09935888340819843, "(1, 20)": 0.09956342474010338, "(2, 0)": 0.11603981217433645, "(2, 1)": 0.13172775307987605, "(2, 3)": 0.19082587882487467, "(2, 4)": 0.21629000040449753, "(2, 5)": 0.21712635374686973, "(2, 6)": 0.21780561164370993, "(2, 7)": 0.18201971578626996, "(2, 8)": 0.14022245365890074, "(2, 9)": 0.12247237279123102, "(2, 10)": 0.13921342655455182, "(2, 11)": 0.18560088105557115, "(2, 12)": 0.20608094473009253, "(2, 13)": 0.1965802780029976, "(2, 14)": 0.17737817551781843, "(2, 15)": 0.16280817978131912, "(2, 16)": 0.13969047019943803, "(2, 17)": 0.14120251633199432, "(2, 18)": 0.132609054215166, "(2, 19)": 0.12491825510909282, "(2, 20)": 0.11228081057430661, "(3, 0)": 0.13482245596772768, "(3, 1)": 0.15044813893572861, "(3, 2)": 0.2067800331406744, "(3, 4)": 0.2961521381377664, "(3, 5)": 0.3163896003213986, "(3, 6)": 0.30699874155647777, "(3, 7)": 0.24204475738453457, "(3, 8)": 0.17015182084377944, "(3, 9)": 0.1385122575816763, "(3, 10)": 0.16087040258529783, "(3, 11)": 0.24786348256470858, "(3, 12)": 0.3010200312401856, "(3, 13)": 0.272206090335553, "(3, 14)": 0.2526816493783418, "(3, 15)": 0.20630234715337903, "(3, 16)": 0.17018531383251811, "(3, 17)": 0.16162420635976338, "(3, 18)": 0.13607428342568206, "(3, 19)": 0.13045658172295171, "(3, 20)": 0.12549778756372676, "(4, 0)": 0.16004962479302764, "(4, 1)": 0.19495394019574808, "(4, 2)": 0.23763097413733514, "(4, 3)": 0.3195273726435276, "(4, 5)": 0.3774293156460172, "(4, 6)": 0.3800407995890288, "(4, 7)": 0.2990912520412299, "(4, 8)": 0.1959505923189192, "(4, 9)": 0.1527020637921892, "(4, 10)": 0.20201744694816282, "(4, 11)": 0.2957405822510982, "(4, 12)": 0.3841258955670789, "(4, 13)": 0.347677704607937, "(4, 14)": 0.2990603995677775, "(4, 15)": 0.2507821804916618, "(4, 16)": 0.19965532979900258, "(4, 17)": 0.1896801232185905, "(4, 18)": 0.1753758330550821, "(4, 19)": 0.15863126355804436, "(4, 20)": 0.14602381328763092, "(5, 0)": 0.16086432384161875, "(5, 1)": 0.193612482200613, "(5, 2)": 0.26006171471093553, "(5, 3)": 0.3331328831950068, "(5, 4)": 0.39164736042260406, "(5, 6)": 0.44567221812357216, "(5, 7)": 0.3572269638850163, "(5, 8)": 0.2420436555218325, "(5, 9)": 0.17337909589564005, "(5, 10)": 0.1963312690459399, "(5, 11)": 0.30174569618054903, "(5, 12)": 0.3940445484059061, "(5, 13)": 0.39531594208093823, "(5, 14)": 0.3592891765629759, "(5, 15)": 0.3096842164448652, "(5, 16)": 0.2520369543879314, "(5, 17)": 0.2342719105601323, "(5, 18)": 0.20183038078079152, "(5, 19)": 0.17699923679800988, "(5, 20)": 0.16627381058703994, "(6, 0)": 0.16312626438243216, "(6, 1)": 0.19490292403132325, "(6, 2)": 0.2622993942836348, "(6, 3)": 0.33883077438110976, "(6, 4)": 0.40360415317014964, "(6, 5)": 0.4596015826521552, "(6, 7)": 0.41783185854881133, "(6, 8)": 0.29852124480461484, "(6, 9)": 0.2128207483931025, "(6, 10)": 0.2048388505692439, "(6, 11)": 0.29201741415898397, "(6, 12)": 0.39850391615449365, "(6, 13)": 0.44089886295376113, "(6, 14)": 0.43691442797112257, "(6, 15)": 0.3746358764584533, "(6, 16)": 0.30981065295248533, "(6, 17)": 0.28184165724296706, "(6, 18)": 0.2379394260336284, "(6, 19)": 0.19365114946513529, "(6, 20)": 0.17639845221705286, "(7, 0)": 0.14995088114158894, "(7, 1)": 0.16796486876241035, "(7, 2)": 0.21778127129896907, "(7, 3)": 0.2538197127481254, "(7, 4)": 0.3054465646946829, "(7, 5)": 0.35200813047683244, "(7, 6)": 0.40546256642125134, "(7, 8)": 0.3445052141210341, "(7, 9)": 0.24610944876467356, "(7, 10)": 0.18122913850793154, "(7, 11)": 0.20006915880258358, "(7, 12)": 0.30543588634905006, "(7, 13)": 0.38021343171034705, "(7, 14)": 0.43036925294283257, "(7, 15)": 0.39401793570575705, "(7, 16)": 0.3500924033522962, "(7, 17)": 0.3018409410094336, "(7, 18)": 0.23996112188192043, "(7, 19)": 0.17542632227453103, "(7, 20)": 0.1518824812255879, "(8, 0)": 0.15165464616280833, "(8, 1)": 0.15164900606844378, "(8, 2)": 0.16565617602535276, "(8, 3)": 0.1767331759613271, "(8, 4)": 0.19274391781005207, "(8, 5)": 0.24193964627286435, "(8, 6)": 0.296353617401374, "(8, 7)": 0.34162540775338146, "(8, 9)": 0.2941066916889148, "(8, 10)": 0.1956305467771644, "(8, 11)": 0.14152890453871225, "(8, 12)": 0.19280829635218055, "(8, 13)": 0.28978133952201457, "(8, 14)": 0.38102786137014266, "(8, 15)": 0.38452987614481593, "(8, 16)": 0.370569296979649, "(8, 17)": 0.3299897190731166, "(8, 18)": 0.25139686158189845, "(8, 19)": 0.18873366320474005, "(8, 20)": 0.15227881748572591, "(9, 0)": 0.14401972355959214, "(9, 1)": 0.12895467917143988, "(9, 2)": 0.15612357542424737, "(9, 3)": 0.15464055472819527, "(9, 4)": 0.16103680428473321, "(9, 5)": 0.1673295561621515, "(9, 6)": 0.193689147789876, "(9, 7)": 0.22721171396278983, "(9, 8)": 0.2890653855921397, "(9, 10)": 0.295265284363848, "(9, 11)": 0.19342500000096907, "(9, 12)": 0.16328729889208327, "(9, 13)": 0.19153453101613338, "(9, 14)": 0.25587644115117303, "(9, 15)": 0.26696821671217186, "(9, 16)": 0.2833875899177857, "(9, 17)": 0.2669975782068421, "(9, 18)": 0.20942500890394333, "(9, 19)": 0.16592822003523666, "(9, 20)": 0.14715720020019096, "(10, 0)": 0.15048969754953134, "(10, 1)": 0.15632829430445383, "(10, 2)": 0.17502345434052868, "(10, 3)": 0.19523698866488726, "(10, 4)": 0.20059753435789995, "(10, 5)": 0.17614719167106796, "(10, 6)": 0.1688823914436106, "(10, 7)": 0.15428098747473118, "(10, 8)": 0.20971859685878635, "(10, 9)": 0.3061596250034361, "(10, 11)": 0.2945072982639668, "(10, 12)": 0.19597068271657503, "(10, 13)": 0.15285005442438782, "(10, 14)": 0.16826236658675797, "(10, 15)": 0.1773932714696279, "(10, 16)": 0.1974830218673278, "(10, 17)": 0.1961801159044646, "(10, 18)": 0.18447793917675892, "(10, 19)": 0.15825833526107969, "(10, 20)": 0.14317413851229766, "(11, 0)": 0.13832106851254045, "(11, 1)": 0.16302158819606605, "(11, 2)": 0.20160976518743867, "(11, 3)": 0.2532969499121467, "(11, 4)": 0.29726725680969046, "(11, 5)": 0.26556649230576757, "(11, 6)": 0.22943344292747359, "(11, 7)": 0.18240935417192594, "(11, 8)": 0.1513855825283522, "(11, 9)": 0.19027437760790622, "(11, 10)": 0.27875774085668825, "(11, 12)": 0.2785980027817698, "(11, 13)": 0.22260219985881602, "(11, 14)": 0.17651581331103394, "(11, 15)": 0.15947604595677023, "(11, 16)": 0.15472906151845556, "(11, 17)": 0.14520163806910757, "(11, 18)": 0.14835622981351948, "(11, 19)": 0.14321517913041304, "(11, 20)": 0.145886717726052, "(12, 0)": 0.13978401400861729, "(12, 1)": 0.18600815760045353, "(12, 2)": 0.23930066477513123, "(12, 3)": 0.3164010337356644, "(12, 4)": 0.37482572528059876, "(12, 5)": 0.3856240584340227, "(12, 6)": 0.3806639617750732, "(12, 7)": 0.3000914074489093, "(12, 8)": 0.1917975758336382, "(12, 9)": 0.14281107390618797, "(12, 10)": 0.19583239662115381, "(12, 11)": 0.2877405308647204, "(12, 13)": 0.3497750998766508, "(12, 14)": 0.28959142011534833,