{"(0, 1)": 0.10743344195391258, "(0, 2)": 0.09802717263541949, "(0, 3)": 0.10008409463825774, "(0, 4)": 0.09459836581423497, "(0, 5)": 0.0993285151235137, "(0, 6)": 0.09628375292309466, "(0, 7)": 0.09515475240015658, "(0, 8)": 0.09731434876775569, "(0, 9)": 0.10757739691844959, "(0, 10)": 0.10650003387147533, "(0, 11)": 0.10077789965191664, "(0, 12)": 0.09761990911583474, "(0, 13)": 0.1000227097130193, "(0, 14)": 0.09192994431708756, "(0, 15)": 0.10324750663124238, "(0, 16)": 0.10519306427958675, "(0, 17)": 0.10571514747812039, "(0, 18)": 0.0934189729872178, "(0, 19)": 0.10470163116703546, "(0, 20)": 0.10249117735937419, "(1, 0)": 0.11403900746349094, "(1, 2)": 0.11080228794799518, "(1, 3)": 0.129869728901581, "(1, 4)": 0.1383693339632932, "(1, 5)": 0.14278848789889098, "(1, 6)": 0.13921573831506817, "(1, 7)": 0.12505169063814103, "(1, 8)": 0.12171556283142682, "(1, 9)": 0.11044437536465246, "(1, 10)": 0.11471443746897769, "(1, 11)": 0.11906505930772848, "(1, 12)": 0.14030029972283176, "(1, 13)": 0.13111103693159132, "(1, 14)": 0.12679757190202234, "(1, 15)": 0.1228234610776967, "(1, 16)": 0.11739384926507346, "(1, 17)": 0.10344559780831408, "(1, 18)": 0.10915447183202454, "(1, 19)": 0.10856279086059917, "(1, 20)": 0.10203656930123572, "(2, 0)": 0.1267101971571789, "(2, 1)": 0.12961315918909833, "(2, 3)": 0.19332206950048392, "(2, 4)": 0.2201360113601557, "(2, 5)": 0.21915490349625188, "(2, 6)": 0.22048371397592348, "(2, 7)": 0.18019152599841615, "(2, 8)": 0.13997475849483465, "(2, 9)": 0.12201069369019157, "(2, 10)": 0.14111504572376732, "(2, 11)": 0.188065718943902, "(2, 12)": 0.20659323648716077, "(2, 13)": 0.2090815026000501, "(2, 14)": 0.18158111500842367, "(2, 15)": 0.16936311226050182, "(2, 16)": 0.13689999922981977, "(2, 17)": 0.13958854389886122, "(2, 18)": 0.13210395921757923, "(2, 19)": 0.1281842418467396, "(2, 20)": 0.1145382542987814, "(3, 0)": 0.1335683220942928, "(3, 1)": 0.15702247908944778, "(3, 2)": 0.20554392304173175, "(3, 4)": 0.2907039258038313, "(3, 5)": 0.31407861965485817, "(3, 6)": 0.3075841398997716, "(3, 7)": 0.23924521299108104, "(3, 8)": 0.17407190979453824, "(3, 9)": 0.13947343768007037, "(3, 10)": 0.1609494620109817, "(3, 11)": 0.25344905913934, "(3, 12)": 0.2988811102302684, "(3, 13)": 0.2760507480137947, "(3, 14)": 0.25660153002797426, "(3, 15)": 0.20151480810259792, "(3, 16)": 0.16569846032233626, "(3, 17)": 0.16031798219552484, "(3, 18)": 0.14105533074649168, "(3, 19)": 0.1379885571312509, "(3, 20)": 0.12401851362887717, "(4, 0)": 0.15421315292222892, "(4, 1)": 0.18926596572564847, "(4, 2)": 0.2436186675893186, "(4, 3)": 0.31754552423613513, "(4, 5)": 0.37865352882941894, "(4, 6)": 0.37854070792140593, "(4, 7)": 0.2973430837733665, "(4, 8)": 0.20107499821821273, "(4, 9)": 0.1484525796221957, "(4, 10)": 0.20059168564791285, "(4, 11)": 0.3006272776456015, "(4, 12)": 0.37900477763772344, "(4, 13)": 0.34394383127283146, "(4, 14)": 0.3001709779336562, "(4, 15)": 0.24835345616160187, "(4, 16)": 0.20121100194798835, "(4, 17)": 0.19215498343511073, "(4, 18)": 0.1735954114012308, "(4, 19)": 0.1690662526887069, "(4, 20)": 0.15331730077171168, "(5, 0)": 0.15975120462068815, "(5, 1)": 0.19575501736567502, "(5, 2)": 0.262834838113152, "(5, 3)": 0.327641327049252, "(5, 4)": 0.3868692863969362, "(5, 6)": 0.4385867285586985, "(5, 7)": 0.3519294286459651, "(5, 8)": 0.24077465709353896, "(5, 9)": 0.16599992098918082, "(5, 10)": 0.19358715864021403, "(5, 11)": 0.2934827708458697, "(5, 12)": 0.3864283501449973, "(5, 13)": 0.3895067999323534, "(5, 14)": 0.35302119499463647, "(5, 15)": 0.30309293643296065, "(5, 16)": 0.24259302000570715, "(5, 17)": 0.23334229834301912, "(5, 18)": 0.19838183900764705, "(5, 19)": 0.1736303235827803, "(5, 20)": 0.16208453274289147, "(6, 0)": 0.16284275919042068, "(6, 1)": 0.19521939866142146, "(6, 2)": 0.26873709163437987, "(6, 3)": 0.3431003677596626, "(6, 4)": 0.4004220920774134, "(6, 5)": 0.44920589752072304, "(6, 7)": 0.4164103103409117, "(6, 8)": 0.30416603808734766, "(6, 9)": 0.21241455429780987, "(6, 10)": 0.20501620085690775, "(6, 11)": 0.2921806863293449, "(6, 12)": 0.39696021148577776, "(6, 13)": 0.4429239842943852, "(6, 14)": 0.43858348725802976, "(6, 15)": 0.3726917380396926, "(6, 16)": 0.30971707875537413, "(6, 17)": 0.2808191493886132, "(6, 18)": 0.23450706741459681, "(6, 19)": 0.19535388734846737, "(6, 20)": 0.17840127754315505, "(7, 0)": 0.14962250935330956, "(7, 1)": 0.17624116445394322, "(7, 2)": 0.21486307830070928, "(7, 3)": 0.24711635455268055, "(7, 4)": 0.30167351477931725, "(7, 5)": 0.3468009395644477, "(7, 6)": 0.40417544663471405, "(7, 8)": 0.33592103746472557, "(7, 9)": 0.24052337863783302, "(7, 10)": 0.1781214252481551, "(7, 11)": 0.19669178481240857, "(7, 12)": 0.30184510600490355, "(7, 13)": 0.37734914605833814, "(7, 14)": 0.42516743015204306, "(7, 15)": 0.39287437407230585, "(7, 16)": 0.3506090948576175, "(7, 17)": 0.29992355638577406, "(7, 18)": 0.24091868954225393, "(7, 19)": 0.17998297527323237, "(7, 20)": 0.14776969449461708, "(8, 0)": 0.15138146063712044, "(8, 1)": 0.15819414208000293, "(8, 2)": 0.1715605862862093, "(8, 3)": 0.17379600093872238, "(8, 4)": 0.19036517262303243, "(8, 5)": 0.23679295785903365, "(8, 6)": 0.2964185677018838, "(8, 7)": 0.3423024634405616, "(8, 9)": 0.29451003879599646, "(8, 10)": 0.19354228344197333, "(8, 11)": 0.14483876542730822, "(8, 12)": 0.18831459693612496, "(8, 13)": 0.28581528183600713, "(8, 14)": 0.3831405443829933, "(8, 15)": 0.38064224382380407, "(8, 16)": 0.3745095192905179, "(8, 17)": 0.32399705289440706, "(8, 18)": 0.2446050591952399, "(8, 19)": 0.17584305341257778, "(8, 20)": 0.1564722442379365, "(9, 0)": 0.14070925747001783, "(9, 1)": 0.14243934849630713, "(9, 2)": 0.15067472916782465, "(9, 3)": 0.15488376444719798, "(9, 4)": 0.1562738212051129, "(9, 5)": 0.16702056356853234, "(9, 6)": 0.1905415934758118, "(9, 7)": 0.23265867366799764, "(9, 8)": 0.28932014125615235, "(9, 10)": 0.2963136345063815, "(9, 11)": 0.19250315764728965, "(9, 12)": 0.15479015089542258, "(9, 13)": 0.19180630494783313, "(9, 14)": 0.2567918537188534, "(9, 15)": 0.2700901329594161, "(9, 16)": 0.28842092541952735, "(9, 17)": 0.2623501174484756, "(9, 18)": 0.20867205494406904, "(9, 19)": 0.16510675032720834, "(9, 20)": 0.14574869648505773, "(10, 0)": 0.14628021344218967, "(10, 1)": 0.1575821253894062, "(10, 2)": 0.1771882554303995, "(10, 3)": 0.19954638075260245, "(10, 4)": 0.20090441594017328, "(10, 5)": 0.17814792035946914, "(10, 6)": 0.16304379952586534, "(10, 7)": 0.156426172543492, "(10, 8)": 0.2057131993267005, "(10, 9)": 0.3054645843334095, "(10, 11)": 0.3009269135066267, "(10, 12)": 0.19854847527749453, "(10, 13)": 0.15918274267258647, "(10, 14)": 0.16313005675829717, "(10, 15)": 0.17771137751403, "(10, 16)": 0.19880506717631952, "(10, 17)": 0.19334502682627464, "(10, 18)": 0.1826246142641016, "(10, 19)": 0.15439734455615695, "(10, 20)": 0.14927439272117993, "(11, 0)": 0.1382058951421017, "(11, 1)": 0.16500591206234072, "(11, 2)": 0.2039811331432222, "(11, 3)": 0.25596785875958405, "(11, 4)": 0.3004706487887523, "(11, 5)": 0.26842067698707917, "(11, 6)": 0.23509547028741684, "(11, 7)": 0.1861557657328503, "(11, 8)": 0.15104199929789264, "(11, 9)": 0.19582070881859293, "(11, 10)": 0.2841974654245222, "(11, 12)": 0.27729691451126515, "(11, 13)": 0.22497312543455406, "(11, 14)": 0.17899926065027494, "(11, 15)": 0.16843733463037225, "(11, 16)": 0.14878841821624988, "(11, 17)": 0.15448960727055017, "(11, 18)": 0.14299434740574346, "(11, 19)": 0.14649243353143082, "(11, 20)": 0.1473205358241727, "(12, 0)": 0.14282075402933636, "(12, 1)": 0.18103432479712478, "(12, 2)": 0.24531054291738164, "(12, 3)": 0.3187918464882996, "(12, 4)": 0.3713808483406018, "(12, 5)": 0.38096306355910603, "(12, 6)": 0.3798839703869651, "(12, 7)": 0.3044757955603967, "(12, 8)": 0.2009542054264123, "(12, 9)": 0.15426378991105738, "(12, 10)": 0.2006771914825235, "(12, 11)": 0.2802624984446307, "(12, 13)": 0.3487875927917744, "(12, 14)": 0.29574912786286156,