{"(0, 1)": 0.10259414073442885, "(0, 2)": 0.09909635287297613, "(0, 3)": 0.10138487042336874, "(0, 4)": 0.0962429866711807, "(0, 5)": 0.10428915583236376, "(0, 6)": 0.0956210245436071, "(0, 7)": 0.0946962663939418, "(0, 8)": 0.09493016598752813, "(0, 9)": 0.10566250497693974, "(0, 10)": 0.10073006997752065, "(0, 11)": 0.09877491866493593, "(0, 12)": 0.09424108469942905, "(0, 13)": 0.09408662042600113, "(0, 14)": 0.10323444822938665, "(0, 15)": 0.09779889791815477, "(0, 16)": 0.10407826582939617, "(0, 17)": 0.10221785741453737, "(0, 18)": 0.09698090799475623, "(0, 19)": 0.1042727612343064, "(0, 20)": 0.10424798414916114, "(1, 0)": 0.10771540930423418, "(1, 2)": 0.11797156470449255, "(1, 3)": 0.12560732105187267, "(1, 4)": 0.14478685017565496, "(1, 5)": 0.13528186527724473, "(1, 6)": 0.13899744722726137, "(1, 7)": 0.12159372075490993, "(1, 8)": 0.11696419007778769, "(1, 9)": 0.11245067154475707, "(1, 10)": 0.11370216286932422, "(1, 11)": 0.11984098967853363, "(1, 12)": 0.13516766422742743, "(1, 13)": 0.13575924811345963, "(1, 14)": 0.12062552084604061, "(1, 15)": 0.12058201785380096, "(1, 16)": 0.11144000591524417, "(1, 17)": 0.10534977868440087, "(1, 18)": 0.11069686265213907, "(1, 19)": 0.10227941425643039, "(1, 20)": 0.10548614147947133, "(2, 0)": 0.12092611731660663, "(2, 1)": 0.12708190016488596, "(2, 3)": 0.1886963501965816, "(2, 4)": 0.22274886081808276, "(2, 5)": 0.22302990008120183, "(2, 6)": 0.22243256477802686, "(2, 7)": 0.1897730094800003, "(2, 8)": 0.14344888637083741, "(2, 9)": 0.12574249896307044, "(2, 10)": 0.1386736300559619, "(2, 11)": 0.18347588265253434, "(2, 12)": 0.21610861741254683, "(2, 13)": 0.2071709953960399, "(2, 14)": 0.17888129918406837, "(2, 15)": 0.1656832491821003, "(2, 16)": 0.13649247041867285, "(2, 17)": 0.1482122572904646, "(2, 18)": 0.1314219802398442, "(2, 19)": 0.12377046645311518, "(2, 20)": 0.11253736921297808, "(3, 0)": 0.13247655071547992, "(3, 1)": 0.15411527515008594, "(3, 2)": 0.20758492942384577, "(3, 4)": 0.2928634360121398, "(3, 5)": 0.31466348492225205, "(3, 6)": 0.30413394345794287, "(3, 7)": 0.23942624284930947, "(3, 8)": 0.170309719244367, "(3, 9)": 0.13139379585721433, "(3, 10)": 0.16320956871208514, "(3, 11)": 0.24877093916689197, "(3, 12)": 0.2996389071138552, "(3, 13)": 0.275037765364296, "(3, 14)": 0.24855299626390315, "(3, 15)": 0.2071106316586201, "(3, 16)": 0.17074491707198214, "(3, 17)": 0.16370479522470727, "(3, 18)": 0.1375215883825177, "(3, 19)": 0.13427508134594612, "(3, 20)": 0.12024081736376524, "(4, 0)": 0.15534618044844495, "(4, 1)": 0.1871265394714795, "(4, 2)": 0.24365550803919067, "(4, 3)": 0.32049238135768243, "(4, 5)": 0.38119578892705364, "(4, 6)": 0.38850103354989396, "(4, 7)": 0.30110654330284903, "(4, 8)": 0.1987984549893459, "(4, 9)": 0.1519213629401177, "(4, 10)": 0.20013913746575496, "(4, 11)": 0.304064791076715, "(4, 12)": 0.3822618855184776, "(4, 13)": 0.34709505772350924, "(4, 14)": 0.29597381053769123, "(4, 15)": 0.245806314310843, "(4, 16)": 0.20507917532103803, "(4, 17)": 0.18224361983386828, "(4, 18)": 0.17771582194466506, "(4, 19)": 0.16352056635899404, "(4, 20)": 0.14243007756214876, "(5, 0)": 0.15653533775606887, "(5, 1)": 0.19188086008707783, "(5, 2)": 0.2576268854723286, "(5, 3)": 0.3209987825558298, "(5, 4)": 0.393025871900503, "(5, 6)": 0.44120076537967867, "(5, 7)": 0.3561438244437328, "(5, 8)": 0.24428881419151816, "(5, 9)": 0.17370173245551568, "(5, 10)": 0.2018846702752095, "(5, 11)": 0.299121643691845, "(5, 12)": 0.38904839018323933, "(5, 13)": 0.38880843903454454, "(5, 14)": 0.3506327959631368, "(5, 15)": 0.30719362739154776, "(5, 16)": 0.2453225116027613, "(5, 17)": 0.2333668441001414, "(5, 18)": 0.1943888879257123, "(5, 19)": 0.17614791165866017, "(5, 20)": 0.1517435597476381, "(6, 0)": 0.16219591507511677, "(6, 1)": 0.1963185276789936, "(6, 2)": 0.26858007080855184, "(6, 3)": 0.33670136414298246, "(6, 4)": 0.4042831920974427, "(6, 5)": 0.4471721046879371, "(6, 7)": 0.41843480196902727, "(6, 8)": 0.3043523852907627, "(6, 9)": 0.2092786378685727, "(6, 10)": 0.20308245325941876, "(6, 11)": 0.28395191222739935, "(6, 12)": 0.3965402341799068, "(6, 13)": 0.4454057611987975, "(6, 14)": 0.43481148265736624, "(6, 15)": 0.36958967773784424, "(6, 16)": 0.31321973964652283, "(6, 17)": 0.2840628375654687, "(6, 18)": 0.2366950175828304, "(6, 19)": 0.19864639969641917, "(6, 20)": 0.17432021716460744, "(7, 0)": 0.14873909792699036, "(7, 1)": 0.16573668736251956, "(7, 2)": 0.21823785614434676, "(7, 3)": 0.250282479869422, "(7, 4)": 0.3033870181262276, "(7, 5)": 0.3511103086617696, "(7, 6)": 0.40855911266685274, "(7, 8)": 0.3448073433859391, "(7, 9)": 0.25294674409078577, "(7, 10)": 0.1834056673758253, "(7, 11)": 0.20630550533645786, "(7, 12)": 0.3049410433809119, "(7, 13)": 0.379173564898027, "(7, 14)": 0.4310664352527599, "(7, 15)": 0.3999272317265017, "(7, 16)": 0.3552258728148163, "(7, 17)": 0.30860079588991407, "(7, 18)": 0.23285392142942518, "(7, 19)": 0.17998468029507353, "(7, 20)": 0.1517977621402834, "(8, 0)": 0.14416186590246094, "(8, 1)": 0.15625611090566538, "(8, 2)": 0.17384377884372693, "(8, 3)": 0.17807581066520295, "(8, 4)": 0.19375343816382973, "(8, 5)": 0.2351958893996685, "(8, 6)": 0.290751692792968, "(8, 7)": 0.33860250954876236, "(8, 9)": 0.2969655813783013, "(8, 10)": 0.20203198233141628, "(8, 11)": 0.14634306247150297, "(8, 12)": 0.19130116751931125, "(8, 13)": 0.293026201234059, "(8, 14)": 0.3796637737377194, "(8, 15)": 0.38479725545868904, "(8, 16)": 0.3703967018984443, "(8, 17)": 0.3257061637039259, "(8, 18)": 0.25150751357102863, "(8, 19)": 0.1745664957038252, "(8, 20)": 0.1495129079571249, "(9, 0)": 0.13998613299648366, "(9, 1)": 0.13735171514901368, "(9, 2)": 0.15094444290278364, "(9, 3)": 0.15821481364567835, "(9, 4)": 0.15756126034092288, "(9, 5)": 0.16621767859743275, "(9, 6)": 0.18893486404306403, "(9, 7)": 0.22860017036656466, "(9, 8)": 0.2909977449173051, "(9, 10)": 0.29792813845216637, "(9, 11)": 0.19117296350148227, "(9, 12)": 0.16210953475561973, "(9, 13)": 0.1954093064525022, "(9, 14)": 0.2528615461216627, "(9, 15)": 0.269433709103028, "(9, 16)": 0.2813199066057088, "(9, 17)": 0.2618551522501964, "(9, 18)": 0.2103522540541427, "(9, 19)": 0.16500326411835242, "(9, 20)": 0.14376385292458072, "(10, 0)": 0.14637861443766242, "(10, 1)": 0.15603134430761179, "(10, 2)": 0.16773313711697302, "(10, 3)": 0.19443374500494226, "(10, 4)": 0.19673575228978724, "(10, 5)": 0.17921784473278402, "(10, 6)": 0.17124586251510465, "(10, 7)": 0.16244715282264266, "(10, 8)": 0.20276055261999615, "(10, 9)": 0.3122933714488143, "(10, 11)": 0.29772794462667596, "(10, 12)": 0.19887501602774504, "(10, 13)": 0.1588899273713954, "(10, 14)": 0.17127888050949303, "(10, 15)": 0.18187747772117024, "(10, 16)": 0.19502469476561168, "(10, 17)": 0.19610190633722568, "(10, 18)": 0.18259112177980108, "(10, 19)": 0.15954647858144255, "(10, 20)": 0.14476929974770758, "(11, 0)": 0.14011338555857533, "(11, 1)": 0.16635254397713506, "(11, 2)": 0.2021525297812925, "(11, 3)": 0.24980716860700958, "(11, 4)": 0.3003191036848205, "(11, 5)": 0.2671773246019009, "(11, 6)": 0.23236565843261092, "(11, 7)": 0.18128077188937686, "(11, 8)": 0.1513277446030321, "(11, 9)": 0.19148314838882252, "(11, 10)": 0.2776851876859677, "(11, 12)": 0.27130665840824064, "(11, 13)": 0.22328764427202474, "(11, 14)": 0.17790655506406405, "(11, 15)": 0.1641102043866467, "(11, 16)": 0.15218908355171512, "(11, 17)": 0.15854212819222657, "(11, 18)": 0.14466879187978465, "(11, 19)": 0.1423125981639738, "(11, 20)": 0.14466489839822838, "(12, 0)": 0.14470183223336364, "(12, 1)": 0.18509343635289377, "(12, 2)": 0.24236043467769208, "(12, 3)": 0.3200337270897545, "(12, 4)": 0.37450089189262015, "(12, 5)": 0.3892587887708552, "(12, 6)": 0.38186330957863723, "(12, 7)": 0.30714931728929196, "(12, 8)": 0.19349655757053785, "(12, 9)": 0.15435371048388558, "(12, 10)": 0.19508878667801444, "(12, 11)": 0.2841770000896635, "(12, 13)": 0.3503046086583791, "(12, 14)": 0.2999853125180141, "(12, 15)": 0.25226867317066715,