{"(0, 1)": 0.8004533652788254, "(0, 2)": 0.803202861754827, "(0, 3)": 0.8018931278604998, "(0, 4)": 0.801937616599183, "(0, 5)": 0.8007815030732524, "(0, 6)": 0.8011977215238224, "(0, 7)": 0.80193045939532, "(0, 8)": 0.8014788732355185, "(0, 9)": 0.8018644578215977, "(0, 10)": 0.802104807770361, "(0, 11)": 0.8018611441137972, "(1, 0)": 0.801868492852631, "(1, 2)": 0.801218646914595, "(1, 3)": 0.8025771845443765, "(1, 4)": 0.7999922162583757, "(1, 5)": 0.7997036301856211, "(1, 6)": 0.8026802416634233, "(1, 7)": 0.799539240307124, "(1, 8)": 0.800180617766769, "(1, 9)": 0.8016085154297073, "(1, 10)": 0.7988706467863986, "(1, 11)": 0.8035872337206685, "(2, 0)": 0.8013255052528943, "(2, 1)": 0.8001727246691027, "(2, 3)": 0.7990389960692297, "(2, 4)": 0.8014316693266658, "(2, 5)": 0.8022703209467958, "(2, 6)": 0.8033173488110099, "(2, 7)": 0.8022584686897215, "(2, 8)": 0.8003491252978152, "(2, 9)": 0.8010372149549514, "(2, 10)": 0.8028136175476827, "(2, 11)": 0.8003518516092292, "(3, 0)": 0.8025969775156285, "(3, 1)": 0.8009938780827506, "(3, 2)": 0.7995698175459419, "(3, 4)": 0.8030208162980639, "(3, 5)": 0.8021337896850289, "(3, 6)": 0.8015879955817731, "(3, 7)": 0.8032766113827443, "(3, 8)": 0.8020615125971005, "(3, 9)": 0.8013549514414587, "(3, 10)": 0.8023158241040684, "(3, 11)": 0.8017392071437673, "(4, 0)": 0.8030322795947457, "(4, 1)": 0.7989118477268495, "(4, 2)": 0.8012714420943794, "(4, 3)": 0.8019078038923355, "(4, 5)": 0.8436282340571779, "(4, 6)": 0.8432881681130878, "(4, 7)": 0.8417431648534701, "(4, 8)": 0.8027722399062684, "(4, 9)": 0.7992623786373825, "(4, 10)": 0.8023500624933122, "(4, 11)": 0.8015730681121019, "(5, 0)": 0.8032050074674193, "(5, 1)": 0.7995736338214022, "(5, 2)": 0.7999096646158124, "(5, 3)": 0.8016828130042783, "(5, 4)": 0.8383617750230385, "(5, 6)": 0.8030268560701435, "(5, 7)": 0.8006076966146272, "(5, 8)": 0.8005744108056275, "(5, 9)": 0.7999952377595114, "(5, 10)": 0.7996140009528678, "(5, 11)": 0.8006639216443818, "(6, 0)": 0.8011057314149006, "(6, 1)": 0.7995547002072532, "(6, 2)": 0.8001283609320722, "(6, 3)": 0.8009126621336435, "(6, 4)": 0.8404493536718184, "(6, 5)": 0.7997121885894929, "(6, 7)": 0.8008070730720079, "(6, 8)": 0.8008864898779238, "(6, 9)": 0.8021582110713825, "(6, 10)": 0.8021001361718286, "(6, 11)": 0.8022792666968301, "(7, 0)": 0.80140042119767, "(7, 1)": 0.8014339676116294, "(7, 2)": 0.8009179174297463, "(7, 3)": 0.8010215587698654, "(7, 4)": 0.8418178123860607, "(7, 5)": 0.8030028336781857, "(7, 6)": 0.8020551945299881, "(7, 8)": 0.8009070458695121, "(7, 9)": 0.801673854329752, "(7, 10)": 0.8006684514216038, "(7, 11)": 0.8001696121551132, "(8, 0)": 0.8027425386083282, "(8, 1)": 0.8004872401041401, "(8, 2)": 0.8011420917439085, "(8, 3)": 0.7985568758233996, "(8, 4)": 0.801516290871893, "(8, 5)": 0.802463943434391, "(8, 6)": 0.8032141258898873, "(8, 7)": 0.801287540010287, "(8, 9)": 0.8008007461928786, "(8, 10)": 0.8027468927686447, "(8, 11)": 0.8003461072012191, "(9, 0)": 0.8022847773457669, "(9, 1)": 0.8023261502783574, "(9, 2)": 0.8028216351008011, "(9, 3)": 0.7984490795895647, "(9, 4)": 0.801902425421961, "(9, 5)": 0.8005194709547087, "(9, 6)": 0.8006890265269156, "(9, 7)": 0.8019799858095737, "(9, 8)": 0.8005286872243378, "(9, 10)": 0.8024368848660363, "(9, 11)": 0.8024377953178836, "(10, 0)": 0.8022806685487957, "(10, 1)": 0.8014307288092091, "(10, 2)": 0.8018608362686968, "(10, 3)": 0.803396921922576, "(10, 4)": 0.7986525323255085, "(10, 5)": 0.7993500284256511, "(10, 6)": 0.8001580355038465, "(10, 7)": 0.8008490862840993, "(10, 8)": 0.8023228748901501, "(10, 9)": 0.8021705326902491, "(10, 11)": 0.8016361894001187, "(11, 0)": 0.8015009295235802, "(11, 1)": 0.8016887914020592, "(11, 2)": 0.7993043452475929, "(11, 3)": 0.8027749905734634, "(11, 4)": 0.8002686780794313, "(11, 5)": 0.8013515897311605, "(11, 6)": 0.8015589639477071, "(11, 7)": 0.8018106825608481, "(11, 8)": 0.8021749329506884, "(11, 9)": 0.8010374825553612, "(11, 10)": 0.8008290977711354}