{"(0, 1)": 0.8015303282669096, "(0, 2)": 0.8027040329181416, "(0, 3)": 0.8017007927771618, "(0, 4)": 0.8019268880461525, "(0, 5)": 0.8014764410469414, "(0, 6)": 0.799653360164232, "(0, 7)": 0.8010886347282828, "(0, 8)": 0.8008226790926192, "(0, 9)": 0.8016026206639058, "(0, 10)": 0.8016093136835217, "(0, 11)": 0.8018002373040158, "(1, 0)": 0.8009042982601469, "(1, 2)": 0.8009394035115904, "(1, 3)": 0.8029994161135265, "(1, 4)": 0.7997384457043467, "(1, 5)": 0.7995468310955407, "(1, 6)": 0.8010060938485493, "(1, 7)": 0.7987248392122839, "(1, 8)": 0.7991084053270907, "(1, 9)": 0.8012788618708638, "(1, 10)": 0.7982379295250135, "(1, 11)": 0.8035809365246438, "(2, 0)": 0.8008192302541053, "(2, 1)": 0.8012428712618787, "(2, 3)": 0.7988279372754914, "(2, 4)": 0.801531526023084, "(2, 5)": 0.8023834048121082, "(2, 6)": 0.8018002164891271, "(2, 7)": 0.8019618565494855, "(2, 8)": 0.7992615961776275, "(2, 9)": 0.8009250742784674, "(2, 10)": 0.8021111479544687, "(2, 11)": 0.8011136440960622, "(3, 0)": 0.8016362407121296, "(3, 1)": 0.8016527573245947, "(3, 2)": 0.7993636347130942, "(3, 4)": 0.8029568287482702, "(3, 5)": 0.8025332668393996, "(3, 6)": 0.800259761126162, "(3, 7)": 0.8026563804072775, "(3, 8)": 0.8014068836853447, "(3, 9)": 0.8011646086733193, "(3, 10)": 0.8010070347985292, "(3, 11)": 0.8018802437049427, "(4, 0)": 0.802008517938569, "(4, 1)": 0.8000206830894532, "(4, 2)": 0.8006790469761991, "(4, 3)": 0.80212255562145, "(4, 5)": 0.8442483452361185, "(4, 6)": 0.8424297985372073, "(4, 7)": 0.8413320112882126, "(4, 8)": 0.8023457279950638, "(4, 9)": 0.7991003939176828, "(4, 10)": 0.802285248432154, "(4, 11)": 0.8016041513017444, "(5, 0)": 0.8019982507378397, "(5, 1)": 0.8003060544900944, "(5, 2)": 0.7995175813566333, "(5, 3)": 0.8019288120011054, "(5, 4)": 0.838270795336999, "(5, 6)": 0.8018145684645586, "(5, 7)": 0.7999887593534888, "(5, 8)": 0.7996917843195439, "(5, 9)": 0.7997795435030868, "(5, 10)": 0.7991145327021455, "(5, 11)": 0.8009044036936384, "(6, 0)": 0.8004242310260523, "(6, 1)": 0.8007429298096167, "(6, 2)": 0.7994143754615248, "(6, 3)": 0.8008891570919343, "(6, 4)": 0.8404653060852985, "(6, 5)": 0.7998080555431123, "(6, 7)": 0.7999403549633999, "(6, 8)": 0.7999844860161044, "(6, 9)": 0.8017795666601029, "(6, 10)": 0.8016741087635657, "(6, 11)": 0.8025180173123307, "(7, 0)": 0.8001734334082405, "(7, 1)": 0.8021524959764298, "(7, 2)": 0.8009365187145223, "(7, 3)": 0.8007761110800636, "(7, 4)": 0.8417389646482136, "(7, 5)": 0.8034101825990945, "(7, 6)": 0.800867513285779, "(7, 8)": 0.8003601197400236, "(7, 9)": 0.8013727762688454, "(7, 10)": 0.80037587196701, "(7, 11)": 0.8005831156899166, "(8, 0)": 0.801848536327207, "(8, 1)": 0.8013717119330587, "(8, 2)": 0.8006946313603601, "(8, 3)": 0.7984397900347332, "(8, 4)": 0.8020081149330718, "(8, 5)": 0.8025842140486775, "(8, 6)": 0.8022162953768607, "(8, 7)": 0.8008751331719985, "(8, 9)": 0.800822307480676, "(8, 10)": 0.8027415919873186, "(8, 11)": 0.8006929132911884, "(9, 0)": 0.8015788711080553, "(9, 1)": 0.8033456392877225, "(9, 2)": 0.8023292780990169, "(9, 3)": 0.7984644428373219, "(9, 4)": 0.8017389150450066, "(9, 5)": 0.8010172969633268, "(9, 6)": 0.7991086714966597, "(9, 7)": 0.801879067366437, "(9, 8)": 0.7997712015457432, "(9, 10)": 0.801967199820962, "(9, 11)": 0.8028373013160295, "(10, 0)": 0.8016213367110712, "(10, 1)": 0.8022485621786271, "(10, 2)": 0.801136654511118, "(10, 3)": 0.8032779889427788, "(10, 4)": 0.7985241944050021, "(10, 5)": 0.7997402075307565, "(10, 6)": 0.7989920772962519, "(10, 7)": 0.799802028591723, "(10, 8)": 0.8012875292459705, "(10, 9)": 0.8021540398520547, "(10, 11)": 0.8017831841038183, "(11, 0)": 0.8005747086367392, "(11, 1)": 0.8023029918931892, "(11, 2)": 0.798549625140398, "(11, 3)": 0.8028021408928112, "(11, 4)": 0.8003241471310933, "(11, 5)": 0.8018718879189561, "(11, 6)": 0.8001333713425229, "(11, 7)": 0.8010402255381949, "(11, 8)": 0.8011633064049901, "(11, 9)": 0.8014835062664657, "(11, 10)": 0.800399078724047}