{"(0, 1)": 0.8015967596262414, "(0, 2)": 0.8022550297493534, "(0, 3)": 0.8018413656931587, "(0, 4)": 0.8027588923326068, "(0, 5)": 0.8016376866420427, "(0, 6)": 0.8014896269458393, "(0, 7)": 0.8010452502559092, "(0, 8)": 0.8011550006573575, "(0, 9)": 0.802221922819065, "(0, 10)": 0.8013542674483181, "(0, 11)": 0.8020657689668433, "(1, 0)": 0.8009423403902153, "(1, 2)": 0.8007735633698887, "(1, 3)": 0.8024545126750371, "(1, 4)": 0.8004362699712558, "(1, 5)": 0.799935317840394, "(1, 6)": 0.8022524596346067, "(1, 7)": 0.7984612901191501, "(1, 8)": 0.7998277618253355, "(1, 9)": 0.8017858913261766, "(1, 10)": 0.7988257494813953, "(1, 11)": 0.8039014839514361, "(2, 0)": 0.8014695604379156, "(2, 1)": 0.8011667876973813, "(2, 3)": 0.7990152334985299, "(2, 4)": 0.8018379630791183, "(2, 5)": 0.8025143098189828, "(2, 6)": 0.8034549530592647, "(2, 7)": 0.8014869168639505, "(2, 8)": 0.7995699671745028, "(2, 9)": 0.8012607971368696, "(2, 10)": 0.8017664913125016, "(2, 11)": 0.801322906330275, "(3, 0)": 0.8019396580804478, "(3, 1)": 0.8022812047129986, "(3, 2)": 0.7988850736861686, "(3, 4)": 0.8035767018457378, "(3, 5)": 0.8027787139707341, "(3, 6)": 0.8010715338068036, "(3, 7)": 0.8025329770619325, "(3, 8)": 0.8020778133233919, "(3, 9)": 0.8016494718848346, "(3, 10)": 0.8010430355508604, "(3, 11)": 0.8021210577844504, "(4, 0)": 0.8025326873341022, "(4, 1)": 0.8004681538129718, "(4, 2)": 0.8005787685199937, "(4, 3)": 0.801632232167556, "(4, 5)": 0.8439253373382386, "(4, 6)": 0.8433043612486134, "(4, 7)": 0.8408976168424116, "(4, 8)": 0.8024240623230423, "(4, 9)": 0.7997525092910325, "(4, 10)": 0.8016533097497918, "(4, 11)": 0.8022937042394305, "(5, 0)": 0.8023293113157017, "(5, 1)": 0.8006439753838817, "(5, 2)": 0.7992888965896043, "(5, 3)": 0.8017969129089724, "(5, 4)": 0.838822828219691, "(5, 6)": 0.803052668717924, "(5, 7)": 0.7996393321402391, "(5, 8)": 0.8005000290363427, "(5, 9)": 0.8004390320925955, "(5, 10)": 0.7988816922629637, "(5, 11)": 0.8013139951274372, "(6, 0)": 0.800048712309364, "(6, 1)": 0.8009688933301233, "(6, 2)": 0.7992439589780939, "(6, 3)": 0.80097418600165, "(6, 4)": 0.8409435551062394, "(6, 5)": 0.7999883553905971, "(6, 7)": 0.7999367997415479, "(6, 8)": 0.8003302927345568, "(6, 9)": 0.8022362388024153, "(6, 10)": 0.8019235784607457, "(6, 11)": 0.8031656665171113, "(7, 0)": 0.8011941112129943, "(7, 1)": 0.8025327486713801, "(7, 2)": 0.8003200388537224, "(7, 3)": 0.8010817155633974, "(7, 4)": 0.8420386585967988, "(7, 5)": 0.8035744596236098, "(7, 6)": 0.8020411540654182, "(7, 8)": 0.8004891330426473, "(7, 9)": 0.801830454474349, "(7, 10)": 0.8001139706569618, "(7, 11)": 0.801133407069928, "(8, 0)": 0.8023178297146629, "(8, 1)": 0.802008041558194, "(8, 2)": 0.8004568724887711, "(8, 3)": 0.7982675977644946, "(8, 4)": 0.8023934630352163, "(8, 5)": 0.8027640199845303, "(8, 6)": 0.8033132738799238, "(8, 7)": 0.8000626927728155, "(8, 9)": 0.8015484836022856, "(8, 10)": 0.8019302828585367, "(8, 11)": 0.8011516914757508, "(9, 0)": 0.801937229280228, "(9, 1)": 0.8034943397122828, "(9, 2)": 0.8017116360101678, "(9, 3)": 0.7983397129388402, "(9, 4)": 0.8026352501643159, "(9, 5)": 0.800847900183572, "(9, 6)": 0.8006383578699673, "(9, 7)": 0.8010597894364225, "(9, 8)": 0.8000592716913772, "(9, 10)": 0.8021185243965163, "(9, 11)": 0.8030614920839364, "(10, 0)": 0.8018672608738976, "(10, 1)": 0.8027734842315499, "(10, 2)": 0.801055557442119, "(10, 3)": 0.8031716984199047, "(10, 4)": 0.7995270095336499, "(10, 5)": 0.8002542643409356, "(10, 6)": 0.8000319619583891, "(10, 7)": 0.7995881510088363, "(10, 8)": 0.8016018683987871, "(10, 9)": 0.8023845538299226, "(10, 11)": 0.8021670105990842, "(11, 0)": 0.8008382847808008, "(11, 1)": 0.8025869682624094, "(11, 2)": 0.7986893752360421, "(11, 3)": 0.8026712049979507, "(11, 4)": 0.800803042070474, "(11, 5)": 0.8022890112305152, "(11, 6)": 0.801157393794284, "(11, 7)": 0.8008388085325998, "(11, 8)": 0.8015033592557873, "(11, 9)": 0.8017215606009943, "(11, 10)": 0.8006137320923041}