{"(0, 1)": 0.8017737647652647, "(0, 2)": 0.802758879230036, "(0, 3)": 0.8021892424721507, "(0, 4)": 0.8027160804736699, "(0, 5)": 0.8010392072348929, "(0, 6)": 0.8008104146978563, "(0, 7)": 0.8011469432733483, "(0, 8)": 0.8014670467262026, "(0, 9)": 0.8024798251514798, "(0, 10)": 0.8017124611672349, "(0, 11)": 0.8016405984726362, "(1, 0)": 0.8018877759923196, "(1, 2)": 0.8009069504790114, "(1, 3)": 0.8031333403066248, "(1, 4)": 0.8007584635756172, "(1, 5)": 0.7996239107111428, "(1, 6)": 0.8020619749842457, "(1, 7)": 0.7988144523616694, "(1, 8)": 0.8005528581938676, "(1, 9)": 0.8022331641901875, "(1, 10)": 0.7990737415355412, "(1, 11)": 0.8038935382037656, "(2, 0)": 0.8017005231185879, "(2, 1)": 0.8016961788430617, "(2, 3)": 0.7994330649876324, "(2, 4)": 0.802495053888411, "(2, 5)": 0.8022716873943267, "(2, 6)": 0.8031395411196033, "(2, 7)": 0.8019762302819137, "(2, 8)": 0.8007577704028472, "(2, 9)": 0.8014597121387009, "(2, 10)": 0.8020243396873173, "(2, 11)": 0.8009903005502442, "(3, 0)": 0.8022859937491199, "(3, 1)": 0.8020486712896107, "(3, 2)": 0.7992027607326179, "(3, 4)": 0.8042508033825906, "(3, 5)": 0.8021197362239859, "(3, 6)": 0.8014635704648138, "(3, 7)": 0.8028939633553844, "(3, 8)": 0.8022480687227277, "(3, 9)": 0.801896572915926, "(3, 10)": 0.801183271242194, "(3, 11)": 0.8023308767902569, "(4, 0)": 0.8026755775025205, "(4, 1)": 0.8006678350742017, "(4, 2)": 0.8008445325615523, "(4, 3)": 0.8022622276902771, "(4, 5)": 0.8437447856992477, "(4, 6)": 0.8432530475392513, "(4, 7)": 0.841271042718083, "(4, 8)": 0.8029414978299212, "(4, 9)": 0.7997239294185163, "(4, 10)": 0.801843982249192, "(4, 11)": 0.8017403016607375, "(5, 0)": 0.8026461882909484, "(5, 1)": 0.800773786567962, "(5, 2)": 0.7994498128059182, "(5, 3)": 0.8022706072923582, "(5, 4)": 0.8389286996908449, "(5, 6)": 0.80284188566123, "(5, 7)": 0.8001346297304706, "(5, 8)": 0.8008354980821177, "(5, 9)": 0.8005772329927261, "(5, 10)": 0.7988059965758479, "(5, 11)": 0.8010802717395069, "(6, 0)": 0.8010189996502346, "(6, 1)": 0.8012189633215748, "(6, 2)": 0.7991412020140226, "(6, 3)": 0.8016242931318411, "(6, 4)": 0.8411717963115362, "(6, 5)": 0.7996235183112194, "(6, 7)": 0.8001986593774582, "(6, 8)": 0.8009922686420002, "(6, 9)": 0.8025016075303997, "(6, 10)": 0.8020864684315555, "(6, 11)": 0.8024107751807217, "(7, 0)": 0.8014572998228175, "(7, 1)": 0.802591550745255, "(7, 2)": 0.8006671751960882, "(7, 3)": 0.8016591807405057, "(7, 4)": 0.8426910200355153, "(7, 5)": 0.8031382600251816, "(7, 6)": 0.8019073572500331, "(7, 8)": 0.8010886107402546, "(7, 9)": 0.8022014722208577, "(7, 10)": 0.800781272802996, "(7, 11)": 0.8006405929919791, "(8, 0)": 0.8022605717391098, "(8, 1)": 0.8019335674050275, "(8, 2)": 0.8006347680389432, "(8, 3)": 0.798921510860584, "(8, 4)": 0.802571391814244, "(8, 5)": 0.8022505433984538, "(8, 6)": 0.803043152235935, "(8, 7)": 0.8007471833799878, "(8, 9)": 0.8016442923600722, "(8, 10)": 0.802543220421611, "(8, 11)": 0.8013477529075851, "(9, 0)": 0.8022498569348908, "(9, 1)": 0.8036443828895599, "(9, 2)": 0.8020466681718581, "(9, 3)": 0.7994138241828539, "(9, 4)": 0.8028213647713796, "(9, 5)": 0.8007668660880508, "(9, 6)": 0.8004723300043892, "(9, 7)": 0.8013736066396834, "(9, 8)": 0.8006850599286934, "(9, 10)": 0.8020218940895123, "(9, 11)": 0.80291983071997, "(10, 0)": 0.802301437755201, "(10, 1)": 0.8031798777553281, "(10, 2)": 0.8009562068138751, "(10, 3)": 0.8040208197270372, "(10, 4)": 0.7996595010433281, "(10, 5)": 0.7994843039383924, "(10, 6)": 0.8000268272176804, "(10, 7)": 0.7999159151699686, "(10, 8)": 0.8022411339156552, "(10, 9)": 0.8027103965283426, "(10, 11)": 0.8016281364741236, "(11, 0)": 0.8011705225098975, "(11, 1)": 0.8031009250344956, "(11, 2)": 0.7987603345176786, "(11, 3)": 0.8031296839057167, "(11, 4)": 0.8013094538402956, "(11, 5)": 0.8013864883671076, "(11, 6)": 0.8009604052280522, "(11, 7)": 0.8011867857025864, "(11, 8)": 0.8025994566810907, "(11, 9)": 0.8020785875397801, "(11, 10)": 0.8005184034389268}