{"(0, 1)": 0.8016778933853614, "(0, 2)": 0.8031255800468214, "(0, 3)": 0.8022244125194149, "(0, 4)": 0.8018503209130406, "(0, 5)": 0.8013779853014018, "(0, 6)": 0.8011053854226236, "(0, 7)": 0.8010652037427908, "(0, 8)": 0.8011562859087843, "(0, 9)": 0.8016538098081545, "(0, 10)": 0.8014345807872965, "(0, 11)": 0.8016242899679126, "(1, 0)": 0.8013340970109826, "(1, 2)": 0.8012560731645862, "(1, 3)": 0.802644837810639, "(1, 4)": 0.7994316291447185, "(1, 5)": 0.7996995638159323, "(1, 6)": 0.8020354531388597, "(1, 7)": 0.7985457141251789, "(1, 8)": 0.7997005673628845, "(1, 9)": 0.80138633420064, "(1, 10)": 0.7984362471582652, "(1, 11)": 0.8035206038118775, "(2, 0)": 0.8016201481766981, "(2, 1)": 0.8012686118963595, "(2, 3)": 0.799120557292877, "(2, 4)": 0.8008037955094809, "(2, 5)": 0.8018463552880909, "(2, 6)": 0.8030330748054318, "(2, 7)": 0.801276580010034, "(2, 8)": 0.7997215841592159, "(2, 9)": 0.8010726093226621, "(2, 10)": 0.8017327316299587, "(2, 11)": 0.8013143834471158, "(3, 0)": 0.802178084509827, "(3, 1)": 0.8018419885408585, "(3, 2)": 0.7995016127858731, "(3, 4)": 0.8030924334536711, "(3, 5)": 0.8022696209531023, "(3, 6)": 0.8012240521353826, "(3, 7)": 0.8027301270971207, "(3, 8)": 0.8023917060931379, "(3, 9)": 0.8012627736123883, "(3, 10)": 0.8014219267854857, "(3, 11)": 0.8015969264278836, "(4, 0)": 0.802327557691912, "(4, 1)": 0.8003097209564126, "(4, 2)": 0.8012561367646435, "(4, 3)": 0.8023646206832339, "(4, 5)": 0.8440088448741434, "(4, 6)": 0.8429442102637076, "(4, 7)": 0.8411039657960856, "(4, 8)": 0.8024132652893747, "(4, 9)": 0.7994767172912287, "(4, 10)": 0.80185783644786, "(4, 11)": 0.8015544021210815, "(5, 0)": 0.8026614036518991, "(5, 1)": 0.8005437808929351, "(5, 2)": 0.8000267536584097, "(5, 3)": 0.8020418899061559, "(5, 4)": 0.8378675309843375, "(5, 6)": 0.8029621572575687, "(5, 7)": 0.799704136997621, "(5, 8)": 0.8004568204308782, "(5, 9)": 0.7997880265655263, "(5, 10)": 0.7987943872095113, "(5, 11)": 0.8008863431852254, "(6, 0)": 0.8004919707119151, "(6, 1)": 0.8005156169005733, "(6, 2)": 0.7997547326136375, "(6, 3)": 0.8010775171793848, "(6, 4)": 0.8401714341548354, "(6, 5)": 0.7995055865527683, "(6, 7)": 0.7997206753872339, "(6, 8)": 0.8005392652164872, "(6, 9)": 0.8018038880368074, "(6, 10)": 0.8017981268393162, "(6, 11)": 0.8023114456619155, "(7, 0)": 0.800854770268432, "(7, 1)": 0.8025223655563389, "(7, 2)": 0.8009589876972603, "(7, 3)": 0.8017011855080776, "(7, 4)": 0.8415951214083879, "(7, 5)": 0.8031445766337669, "(7, 6)": 0.802370600892467, "(7, 8)": 0.800731946782854, "(7, 9)": 0.8014657119215766, "(7, 10)": 0.8001541338040774, "(7, 11)": 0.8007217275460035, "(8, 0)": 0.8019973357314905, "(8, 1)": 0.8017412521681785, "(8, 2)": 0.8008508975999977, "(8, 3)": 0.798879461411181, "(8, 4)": 0.801232060647544, "(8, 5)": 0.8020786424847308, "(8, 6)": 0.8032362586560559, "(8, 7)": 0.8003506209915909, "(8, 9)": 0.8010484784858973, "(8, 10)": 0.802067592877874, "(8, 11)": 0.8007982825782225, "(9, 0)": 0.8017077337662006, "(9, 1)": 0.8031769485788146, "(9, 2)": 0.8027978321519046, "(9, 3)": 0.7988390777639969, "(9, 4)": 0.801442287809845, "(9, 5)": 0.8004923700392472, "(9, 6)": 0.7999715014562283, "(9, 7)": 0.8012620792191414, "(9, 8)": 0.800080058896643, "(9, 10)": 0.8018303276439238, "(9, 11)": 0.8027713638539409, "(10, 0)": 0.8019363277388026, "(10, 1)": 0.8024768183686914, "(10, 2)": 0.8014185581107948, "(10, 3)": 0.8038813324553568, "(10, 4)": 0.798616509739959, "(10, 5)": 0.799881641899759, "(10, 6)": 0.7998602363380277, "(10, 7)": 0.7997959537399547, "(10, 8)": 0.8018253013920056, "(10, 9)": 0.8022324014896722, "(10, 11)": 0.80218758193338, "(11, 0)": 0.8005338303068981, "(11, 1)": 0.8026195799299741, "(11, 2)": 0.7990781036047875, "(11, 3)": 0.8033367010190106, "(11, 4)": 0.7995471413437898, "(11, 5)": 0.8012954530447167, "(11, 6)": 0.8011318442031716, "(11, 7)": 0.8006521964021838, "(11, 8)": 0.8019819121646687, "(11, 9)": 0.8016487230004045, "(11, 10)": 0.8003191590276908}