{"(0, 1)": 0.6288435859260508, "(0, 2)": 0.6118180160345572, "(0, 3)": 0.5911055696867982, "(0, 4)": 0.5637628541172048, "(0, 5)": 0.6270024604172029, "(0, 6)": 0.5734095748258907, "(0, 7)": 0.6054933554010692, "(1, 0)": 0.34168225930436336, "(1, 2)": 0.3195849415441947, "(1, 3)": 0.32754361556200196, "(1, 4)": 0.34623549531057274, "(1, 5)": 0.363232758793955, "(1, 6)": 0.36265919736916663, "(1, 7)": 0.337198376592566, "(2, 0)": 0.7462383991680002, "(2, 1)": 0.7023651442977866, "(2, 3)": 0.8502075221676499, "(2, 4)": 0.6866853326562858, "(2, 5)": 0.7525563023053131, "(2, 6)": 0.6961353481246768, "(2, 7)": 0.7070497523740455, "(3, 0)": 0.8584801462318921, "(3, 1)": 0.8597991620306369, "(3, 2)": 0.9136851382481272, "(3, 4)": 0.8478539262638524, "(3, 5)": 0.8555926244838272, "(3, 6)": 0.8324542571189697, "(3, 7)": 0.8277421584048893, "(4, 0)": 0.4459351462813814, "(4, 1)": 0.41538995413398583, "(4, 2)": 0.40628538064811937, "(4, 3)": 0.4480990514919926, "(4, 5)": 0.3832472209880381, "(4, 6)": 0.4460923418254682, "(4, 7)": 0.3888974016852309, "(5, 0)": 0.2260552898002336, "(5, 1)": 0.24333010522333176, "(5, 2)": 0.3381364855604365, "(5, 3)": 0.35614696889984077, "(5, 4)": 0.2561792542821, "(5, 6)": 0.21945248677308393, "(5, 7)": 0.25131993301082467, "(6, 0)": 0.9557110391484915, "(6, 1)": 0.9703311926922507, "(6, 2)": 0.9785471884926225, "(6, 3)": 0.9661190490468371, "(6, 4)": 0.967850465183936, "(6, 5)": 0.9690382811000832, "(6, 7)": 0.9611685791090258, "(7, 0)": 0.9830416102680453, "(7, 1)": 0.9841601807300716, "(7, 2)": 0.9905984282866452, "(7, 3)": 0.9932178211155986, "(7, 4)": 0.9815614488248368, "(7, 5)": 0.9893127088318089, "(7, 6)": 0.9775493751330223}