{"(0, 1)": 0.6349002197681154, "(0, 2)": 0.6134994314518405, "(0, 3)": 0.6020065296732982, "(0, 4)": 0.5689369213089979, "(0, 5)": 0.6352318878998686, "(0, 6)": 0.5862280918970502, "(0, 7)": 0.6043937085884563, "(1, 0)": 0.34825195620361515, "(1, 2)": 0.31695596392733083, "(1, 3)": 0.32435110722583593, "(1, 4)": 0.34028337800794917, "(1, 5)": 0.3644971923336179, "(1, 6)": 0.36262727822274476, "(1, 7)": 0.3391252117211797, "(2, 0)": 0.7405528117309834, "(2, 1)": 0.7017317552560434, "(2, 3)": 0.8507303690567904, "(2, 4)": 0.6873037168146188, "(2, 5)": 0.750982509745421, "(2, 6)": 0.6915761953716961, "(2, 7)": 0.7041387621397044, "(3, 0)": 0.857442729219042, "(3, 1)": 0.8605273931548749, "(3, 2)": 0.9158766520833429, "(3, 4)": 0.845122705600697, "(3, 5)": 0.8522388799307181, "(3, 6)": 0.8340286121244542, "(3, 7)": 0.830917621244095, "(4, 0)": 0.44272307059791594, "(4, 1)": 0.41619572181731224, "(4, 2)": 0.40941965525747803, "(4, 3)": 0.44230580872012115, "(4, 5)": 0.39038057541832705, "(4, 6)": 0.4499138706563194, "(4, 7)": 0.3962861397672901, "(5, 0)": 0.2285311269661452, "(5, 1)": 0.23928995041075074, "(5, 2)": 0.33962240226500073, "(5, 3)": 0.3581616463866302, "(5, 4)": 0.25665906943103134, "(5, 6)": 0.23260225886743802, "(5, 7)": 0.2597653904050974, "(6, 0)": 0.959224955240398, "(6, 1)": 0.9707795618883456, "(6, 2)": 0.9791813424511762, "(6, 3)": 0.9686212471108965, "(6, 4)": 0.9687935609620012, "(6, 5)": 0.9708906666448057, "(6, 7)": 0.9633923782721073, "(7, 0)": 0.9823357031471563, "(7, 1)": 0.9839171625545602, "(7, 2)": 0.9907090379570256, "(7, 3)": 0.99315501857058, "(7, 4)": 0.9809830408195717, "(7, 5)": 0.9891125079934276, "(7, 6)": 0.9760603825816726}