{"(0, 1)": 0.6311522583454552, "(0, 2)": 0.6118429504448064, "(0, 3)": 0.595701459828148, "(0, 4)": 0.5655703619169639, "(0, 5)": 0.6272860896258823, "(0, 6)": 0.5761897879740001, "(0, 7)": 0.5989743042355355, "(1, 0)": 0.3457460660487618, "(1, 2)": 0.3169255504615519, "(1, 3)": 0.32787639968288473, "(1, 4)": 0.3406604139340499, "(1, 5)": 0.3640855451708095, "(1, 6)": 0.36567858634929884, "(1, 7)": 0.3297072060680969, "(2, 0)": 0.7445833063395451, "(2, 1)": 0.6999008078358349, "(2, 3)": 0.8478593664927935, "(2, 4)": 0.6850600736576593, "(2, 5)": 0.7468191204428292, "(2, 6)": 0.6919168257121401, "(2, 7)": 0.7024047559676279, "(3, 0)": 0.8592877225397033, "(3, 1)": 0.8618042934060353, "(3, 2)": 0.9176886003703743, "(3, 4)": 0.8494176087382638, "(3, 5)": 0.856337118670265, "(3, 6)": 0.8358111239308157, "(3, 7)": 0.8296471342714886, "(4, 0)": 0.44579888223514863, "(4, 1)": 0.4177547422829473, "(4, 2)": 0.4099112261782506, "(4, 3)": 0.4426367913474971, "(4, 5)": 0.39150515267680874, "(4, 6)": 0.45129965854923326, "(4, 7)": 0.391985011528584, "(5, 0)": 0.22809831443035744, "(5, 1)": 0.24853942280307573, "(5, 2)": 0.33161594469149636, "(5, 3)": 0.3573011269638061, "(5, 4)": 0.2615022071660932, "(5, 6)": 0.22653906685878555, "(5, 7)": 0.25581707407503773, "(6, 0)": 0.9575198718168161, "(6, 1)": 0.9695854383774266, "(6, 2)": 0.9790068591264918, "(6, 3)": 0.9672984139105906, "(6, 4)": 0.9670109591783164, "(6, 5)": 0.9691617622127258, "(6, 7)": 0.9597996735446829, "(7, 0)": 0.98201720730125, "(7, 1)": 0.9838097197410479, "(7, 2)": 0.9907699060979162, "(7, 3)": 0.9931156289999784, "(7, 4)": 0.9810920803341211, "(7, 5)": 0.9891036610582195, "(7, 6)": 0.9766395860417217}