{"(0, 1)": 0.6240864434938187, "(0, 2)": 0.6101577937606937, "(0, 3)": 0.5898408259086529, "(0, 4)": 0.5649129824757249, "(0, 5)": 0.6212402756117779, "(0, 6)": 0.5781333230213486, "(0, 7)": 0.6049286783729637, "(1, 0)": 0.3474164238429177, "(1, 2)": 0.3232786295218465, "(1, 3)": 0.32455358795227396, "(1, 4)": 0.3381528507838254, "(1, 5)": 0.3679332790059916, "(1, 6)": 0.3609640564006811, "(1, 7)": 0.3373354825436393, "(2, 0)": 0.7410810826218701, "(2, 1)": 0.7052039326750773, "(2, 3)": 0.8497885295624519, "(2, 4)": 0.6860512697584322, "(2, 5)": 0.7484567802931523, "(2, 6)": 0.6932053131094383, "(2, 7)": 0.7054167120367144, "(3, 0)": 0.8620853451146844, "(3, 1)": 0.8638024496902645, "(3, 2)": 0.9160915217242092, "(3, 4)": 0.848964147516979, "(3, 5)": 0.8580457028823125, "(3, 6)": 0.8362580806921986, "(3, 7)": 0.8310963935567768, "(4, 0)": 0.4456788626846777, "(4, 1)": 0.4174782938835361, "(4, 2)": 0.41182176171870477, "(4, 3)": 0.44715704043468407, "(4, 5)": 0.3906003038811131, "(4, 6)": 0.4462877861631408, "(4, 7)": 0.40023876235825706, "(5, 0)": 0.22612618779294946, "(5, 1)": 0.23956611571837827, "(5, 2)": 0.33100807543116195, "(5, 3)": 0.3575563773678634, "(5, 4)": 0.2599115472838782, "(5, 6)": 0.2223887958156171, "(5, 7)": 0.2561385938611911, "(6, 0)": 0.9553390450475203, "(6, 1)": 0.9702739716362759, "(6, 2)": 0.979127000293265, "(6, 3)": 0.9662082968108539, "(6, 4)": 0.9675200745684153, "(6, 5)": 0.9700098352347024, "(6, 7)": 0.9606212586630021, "(7, 0)": 0.9813018916437026, "(7, 1)": 0.9836396977911391, "(7, 2)": 0.990735171025756, "(7, 3)": 0.9931685414089075, "(7, 4)": 0.9803670334376222, "(7, 5)": 0.9897093629919422, "(7, 6)": 0.9761755778135932}