{"(0, 1)": 0.6313916912723394, "(0, 2)": 0.6131431004528856, "(0, 3)": 0.5969225389670101, "(0, 4)": 0.569181263597724, "(0, 5)": 0.6292239345539035, "(0, 6)": 0.5803703853062232, "(0, 7)": 0.5971993928788825, "(1, 0)": 0.3463070156417788, "(1, 2)": 0.316931913831096, "(1, 3)": 0.32585223409498476, "(1, 4)": 0.34127356338767045, "(1, 5)": 0.3634895297810823, "(1, 6)": 0.3619984301990826, "(1, 7)": 0.3362248393998829, "(2, 0)": 0.7456071668658011, "(2, 1)": 0.7089555872745154, "(2, 3)": 0.8530175360714531, "(2, 4)": 0.6858960490497985, "(2, 5)": 0.749563518811424, "(2, 6)": 0.6978624741463222, "(2, 7)": 0.7075581898569289, "(3, 0)": 0.8593789884255412, "(3, 1)": 0.8595454185943697, "(3, 2)": 0.9156092757006523, "(3, 4)": 0.843046203398707, "(3, 5)": 0.8543112792693498, "(3, 6)": 0.8316764195941839, "(3, 7)": 0.8290777121203796, "(4, 0)": 0.4455957078848223, "(4, 1)": 0.41643921389521577, "(4, 2)": 0.404217536918808, "(4, 3)": 0.44423404056610605, "(4, 5)": 0.383362581239173, "(4, 6)": 0.45161136257736856, "(4, 7)": 0.4027291364863751, "(5, 0)": 0.2313772250038364, "(5, 1)": 0.24946081476100523, "(5, 2)": 0.342985240040398, "(5, 3)": 0.35920409194699265, "(5, 4)": 0.26400051447625816, "(5, 6)": 0.22334605724465795, "(5, 7)": 0.2571766676136138, "(6, 0)": 0.957675875595382, "(6, 1)": 0.970003337173201, "(6, 2)": 0.9788229965041336, "(6, 3)": 0.9668490554644986, "(6, 4)": 0.9667854883406325, "(6, 5)": 0.9698244259893005, "(6, 7)": 0.9624048875249632, "(7, 0)": 0.9833083207795297, "(7, 1)": 0.9837850026125982, "(7, 2)": 0.9907882767726872, "(7, 3)": 0.993206323752249, "(7, 4)": 0.9813011206019736, "(7, 5)": 0.9895330404093936, "(7, 6)": 0.9772952020015153}