{"(0, 1)": 0.35555843032068946, "(0, 2)": 0.34608876909304775, "(0, 3)": 0.3130852011663652, "(0, 4)": 0.313480193753628, "(0, 5)": 0.31463346014617033, "(1, 0)": 0.3831013412046149, "(1, 2)": 0.3955770481120696, "(1, 3)": 0.3597685676113763, "(1, 4)": 0.3618727187080172, "(1, 5)": 0.3671262857125184, "(2, 0)": 0.43914326187329955, "(2, 1)": 0.4447739157445231, "(2, 3)": 0.4132065981735181, "(2, 4)": 0.41288172120648314, "(2, 5)": 0.41740664706111563, "(3, 0)": 0.49119588788411905, "(3, 1)": 0.4952078448733219, "(3, 2)": 0.49173276363918794, "(3, 4)": 0.5008497644161916, "(3, 5)": 0.5121540363861612, "(4, 0)": 0.49011960345449135, "(4, 1)": 0.4958480013761578, "(4, 2)": 0.48935451644020667, "(4, 3)": 0.5100074369197283, "(4, 5)": 0.5006436112533043, "(5, 0)": 0.4930025785916765, "(5, 1)": 0.49317756200994034, "(5, 2)": 0.4887744245964307, "(5, 3)": 0.511084890474607, "(5, 4)": 0.5044710160604355}