{"(0, 1)": 0.35345407190512956, "(0, 2)": 0.3460927490909135, "(0, 3)": 0.3111400192197237, "(0, 4)": 0.30893726804734734, "(0, 5)": 0.3176438111976606, "(1, 0)": 0.38454359067562216, "(1, 2)": 0.39759346779705496, "(1, 3)": 0.3569302367124798, "(1, 4)": 0.35672240679309464, "(1, 5)": 0.3671378912925374, "(2, 0)": 0.4423127008525084, "(2, 1)": 0.44631800197629723, "(2, 3)": 0.41254275263531204, "(2, 4)": 0.4145344519720586, "(2, 5)": 0.4140311417384911, "(3, 0)": 0.49358816016592644, "(3, 1)": 0.48779459933934943, "(3, 2)": 0.4882999391444125, "(3, 4)": 0.5008538089709951, "(3, 5)": 0.5081838464683237, "(4, 0)": 0.4895096419221713, "(4, 1)": 0.49342377885857236, "(4, 2)": 0.48861398634147135, "(4, 3)": 0.5062107355770903, "(4, 5)": 0.49833052362921393, "(5, 0)": 0.4905086688242718, "(5, 1)": 0.4905163199200909, "(5, 2)": 0.48441153312291096, "(5, 3)": 0.5052904895490304, "(5, 4)": 0.4993227866880763}