{"(0, 1)": 0.35313576619875287, "(0, 2)": 0.34516909957462083, "(0, 3)": 0.31038505743807543, "(0, 4)": 0.31290367698472155, "(0, 5)": 0.30901397704248357, "(1, 0)": 0.38212481201771353, "(1, 2)": 0.3900110126038784, "(1, 3)": 0.354673181401043, "(1, 4)": 0.3593898492311677, "(1, 5)": 0.35915929521236056, "(2, 0)": 0.44153757820507067, "(2, 1)": 0.4452826771306867, "(2, 3)": 0.4104488799782571, "(2, 4)": 0.41380649458536234, "(2, 5)": 0.41225965383650864, "(3, 0)": 0.48849941619398884, "(3, 1)": 0.48917528647883946, "(3, 2)": 0.48955575991032163, "(3, 4)": 0.4980633046568187, "(3, 5)": 0.5039899698540138, "(4, 0)": 0.4876998480530399, "(4, 1)": 0.4888684234652705, "(4, 2)": 0.4870591767633762, "(4, 3)": 0.5038441193364549, "(4, 5)": 0.497058315079839, "(5, 0)": 0.48961947783610116, "(5, 1)": 0.4861792167936503, "(5, 2)": 0.48465221600222486, "(5, 3)": 0.5031434775282156, "(5, 4)": 0.4992101250385722}