{"(0, 1)": 0.34900083002614835, "(0, 2)": 0.33953412073851796, "(0, 3)": 0.3133632698543902, "(0, 4)": 0.3115642158766323, "(0, 5)": 0.31249695135348954, "(1, 0)": 0.3776929547128711, "(1, 2)": 0.38814281970401854, "(1, 3)": 0.3500247724770943, "(1, 4)": 0.3532936331352642, "(1, 5)": 0.3531087883453201, "(2, 0)": 0.4362648152499189, "(2, 1)": 0.43943667596751224, "(2, 3)": 0.40889816006991087, "(2, 4)": 0.4151621829022598, "(2, 5)": 0.41239604378744166, "(3, 0)": 0.48823208815567776, "(3, 1)": 0.48791612238776794, "(3, 2)": 0.48973732905667233, "(3, 4)": 0.4952848827438143, "(3, 5)": 0.509882561041678, "(4, 0)": 0.48601446960192995, "(4, 1)": 0.4873448017134385, "(4, 2)": 0.48885086216131735, "(4, 3)": 0.5019937318713961, "(4, 5)": 0.4961368861152565, "(5, 0)": 0.4818434388478896, "(5, 1)": 0.4884073429675553, "(5, 2)": 0.4868163991623782, "(5, 3)": 0.5018349742444496, "(5, 4)": 0.49814871641060543}