{"(0, 1)": 0.3519410391305544, "(0, 2)": 0.3444211799742828, "(0, 3)": 0.313490980429476, "(0, 4)": 0.3112484169078872, "(0, 5)": 0.3119473817269802, "(1, 0)": 0.38518045534542544, "(1, 2)": 0.39137653657043014, "(1, 3)": 0.3495251130569983, "(1, 4)": 0.3579282085094473, "(1, 5)": 0.3614333495088662, "(2, 0)": 0.44268907558003545, "(2, 1)": 0.4520664208374048, "(2, 3)": 0.41562746312470444, "(2, 4)": 0.41338883539476734, "(2, 5)": 0.4159312862912451, "(3, 0)": 0.4945593647074099, "(3, 1)": 0.49642334135455124, "(3, 2)": 0.49253010808765807, "(3, 4)": 0.5007716072803354, "(3, 5)": 0.5117645267314441, "(4, 0)": 0.49280630523401725, "(4, 1)": 0.4954024805007672, "(4, 2)": 0.4896386695815702, "(4, 3)": 0.5060577429540106, "(4, 5)": 0.4994375901735314, "(5, 0)": 0.49107676955215507, "(5, 1)": 0.49087524328835974, "(5, 2)": 0.4905710362852719, "(5, 3)": 0.5037865638724928, "(5, 4)": 0.49755970595178134}