{"(0, 1)": 0.4896526226888991, "(0, 2)": 0.7191016292020715, "(0, 3)": 0.5755341322441778, "(0, 4)": 0.4348288805614452, "(0, 5)": 0.4346744633591322, "(0, 6)": 0.4278506325996769, "(0, 7)": 0.42802186764030736, "(1, 0)": 0.7323983695183369, "(1, 2)": 0.7307411210152193, "(1, 3)": 0.8595200997027335, "(1, 4)": 0.68210273524469, "(1, 5)": 0.6812539615837521, "(1, 6)": 0.6803628895887538, "(1, 7)": 0.6803984355915, "(2, 0)": 0.8577385977570047, "(2, 1)": 0.7295961290620003, "(2, 3)": 0.7896348639740594, "(2, 4)": 0.7093383196582038, "(2, 5)": 0.7077297389252066, "(2, 6)": 0.707955356982912, "(2, 7)": 0.7075346462789627, "(3, 0)": 0.7740219625894357, "(3, 1)": 0.8603938085455884, "(3, 2)": 0.7800270002053098, "(3, 4)": 0.7008485504948001, "(3, 5)": 0.6997018180565746, "(3, 6)": 0.6991493289805069, "(3, 7)": 0.6990809949831807, "(4, 0)": 0.4184581350090718, "(4, 1)": 0.39886539120797826, "(4, 2)": 0.4240902149357756, "(4, 3)": 0.41186997611443676, "(4, 5)": 0.8102706524571297, "(4, 6)": 0.9211470591055472, "(4, 7)": 0.8986931140197716, "(5, 0)": 0.6770231036467156, "(5, 1)": 0.670274227707738, "(5, 2)": 0.6783372400681655, "(5, 3)": 0.6761043615982114, "(5, 4)": 0.9119264821531587, "(5, 6)": 0.9088675153333093, "(5, 7)": 0.9339131108863298, "(6, 0)": 0.6778091854001579, "(6, 1)": 0.6724854109037035, "(6, 2)": 0.6780101910195264, "(6, 3)": 0.6774796713001519, "(6, 4)": 0.9628716859099476, "(6, 5)": 0.9072952026927393, "(6, 7)": 0.9709084233529912, "(7, 0)": 0.6796243190199394, "(7, 1)": 0.6706759974523642, "(7, 2)": 0.680389477918373, "(7, 3)": 0.6788862205862363, "(7, 4)": 0.951663831670128, "(7, 5)": 0.9317385010091948, "(7, 6)": 0.9698252818743153}