{"(0, 1)": 0.4855314540488266, "(0, 2)": 0.7141979263967262, "(0, 3)": 0.5786828989062835, "(0, 4)": 0.42859584135146855, "(0, 5)": 0.4292241151082863, "(0, 6)": 0.4267802497882075, "(0, 7)": 0.4264093538148206, "(1, 0)": 0.7322285389496561, "(1, 2)": 0.7318497304365741, "(1, 3)": 0.8602291062565189, "(1, 4)": 0.6822190746662085, "(1, 5)": 0.6815421837584423, "(1, 6)": 0.6812902318021571, "(1, 7)": 0.6811876633971967, "(2, 0)": 0.8568769348985606, "(2, 1)": 0.7275841561081956, "(2, 3)": 0.787343208393146, "(2, 4)": 0.7092010030115279, "(2, 5)": 0.7078067583556866, "(2, 6)": 0.7077094178812257, "(2, 7)": 0.7075117635680381, "(3, 0)": 0.7733464504418908, "(3, 1)": 0.8609826634311775, "(3, 2)": 0.7806165559635994, "(3, 4)": 0.70031679541525, "(3, 5)": 0.6992051433880959, "(3, 6)": 0.6988777749268122, "(3, 7)": 0.6986260607356714, "(4, 0)": 0.41990507329716587, "(4, 1)": 0.3952529975808141, "(4, 2)": 0.42155240881124745, "(4, 3)": 0.4103191543953135, "(4, 5)": 0.8125716098843625, "(4, 6)": 0.9208659529369837, "(4, 7)": 0.8977901066331642, "(5, 0)": 0.6774420495050101, "(5, 1)": 0.669703262440928, "(5, 2)": 0.6795115026400961, "(5, 3)": 0.6767762057412892, "(5, 4)": 0.9114574984946067, "(5, 6)": 0.908293779964245, "(5, 7)": 0.9334248271422795, "(6, 0)": 0.6787339774543346, "(6, 1)": 0.67088217161129, "(6, 2)": 0.681922341102051, "(6, 3)": 0.6779376131573743, "(6, 4)": 0.9627421682675497, "(6, 5)": 0.9075002909917523, "(6, 7)": 0.9710313584147608, "(7, 0)": 0.6804896443196504, "(7, 1)": 0.6697814447859085, "(7, 2)": 0.6829030116153836, "(7, 3)": 0.6797708985298669, "(7, 4)": 0.9517205931211441, "(7, 5)": 0.9319361168131977, "(7, 6)": 0.9699212262856913}