{"(0, 1)": 0.4925932905891294, "(0, 2)": 0.7139172897930601, "(0, 3)": 0.5760253528252088, "(0, 4)": 0.43210740426488137, "(0, 5)": 0.42678624806162013, "(0, 6)": 0.42603598222064676, "(0, 7)": 0.4235020370386302, "(1, 0)": 0.7312969877439476, "(1, 2)": 0.7311155154355014, "(1, 3)": 0.8594264387977257, "(1, 4)": 0.6798464335214394, "(1, 5)": 0.679597813051249, "(1, 6)": 0.6789140190478609, "(1, 7)": 0.6789229665201982, "(2, 0)": 0.8565312384344054, "(2, 1)": 0.7285494483841738, "(2, 3)": 0.7884314746066527, "(2, 4)": 0.7074314632646275, "(2, 5)": 0.7065774328786185, "(2, 6)": 0.7056984501360501, "(2, 7)": 0.7056385008671351, "(3, 0)": 0.7745374771628254, "(3, 1)": 0.860550408104687, "(3, 2)": 0.7809660060858872, "(3, 4)": 0.6976965797315328, "(3, 5)": 0.6965649323364655, "(3, 6)": 0.6963849327149816, "(3, 7)": 0.6960770077955656, "(4, 0)": 0.4115851484016575, "(4, 1)": 0.39571990512018695, "(4, 2)": 0.42178636179991436, "(4, 3)": 0.41335893993690154, "(4, 5)": 0.8111909300052422, "(4, 6)": 0.91984585280003, "(4, 7)": 0.8973823656206393, "(5, 0)": 0.6765835241337321, "(5, 1)": 0.6701224096882412, "(5, 2)": 0.6789952494657963, "(5, 3)": 0.6763605973993199, "(5, 4)": 0.9108323942218367, "(5, 6)": 0.9076524184447894, "(5, 7)": 0.9329809392779622, "(6, 0)": 0.6765002411383969, "(6, 1)": 0.6718645791420124, "(6, 2)": 0.6792962453755309, "(6, 3)": 0.6766432537953029, "(6, 4)": 0.9622339492119794, "(6, 5)": 0.9067874537243044, "(6, 7)": 0.970819359067416, "(7, 0)": 0.6776323650063274, "(7, 1)": 0.6701819272832457, "(7, 2)": 0.6800793363406905, "(7, 3)": 0.6785043229688548, "(7, 4)": 0.9512042686186868, "(7, 5)": 0.9312799765150825, "(7, 6)": 0.9696144241436907}