{"(0, 1)": 0.49312837482702454, "(0, 2)": 0.716345203281499, "(0, 3)": 0.5811382728341912, "(0, 4)": 0.43045950102992514, "(0, 5)": 0.426489659189941, "(0, 6)": 0.4259680012765311, "(0, 7)": 0.4289171261098895, "(1, 0)": 0.7334924483271792, "(1, 2)": 0.7320169727797214, "(1, 3)": 0.8604179346687194, "(1, 4)": 0.68231714342776, "(1, 5)": 0.6816540807489528, "(1, 6)": 0.6812994586621886, "(1, 7)": 0.681347833106017, "(2, 0)": 0.856995878314168, "(2, 1)": 0.7299237797657239, "(2, 3)": 0.79015917571657, "(2, 4)": 0.7087516077996191, "(2, 5)": 0.707392373096808, "(2, 6)": 0.7072819763382996, "(2, 7)": 0.7070511888798074, "(3, 0)": 0.7759210868565879, "(3, 1)": 0.8616131101475232, "(3, 2)": 0.7810597385507336, "(3, 4)": 0.6993520831695524, "(3, 5)": 0.6986745298692976, "(3, 6)": 0.6980026712539366, "(3, 7)": 0.6980051053526237, "(4, 0)": 0.4113526353005489, "(4, 1)": 0.3970528067924113, "(4, 2)": 0.417497235388374, "(4, 3)": 0.41194714828736445, "(4, 5)": 0.8102235936486765, "(4, 6)": 0.921303183942495, "(4, 7)": 0.8983963961741255, "(5, 0)": 0.6781938144711221, "(5, 1)": 0.6721203468207997, "(5, 2)": 0.6801440482605042, "(5, 3)": 0.6791373554553237, "(5, 4)": 0.9112432211062689, "(5, 6)": 0.9080753097583867, "(5, 7)": 0.9332598426439346, "(6, 0)": 0.6792540892371878, "(6, 1)": 0.6741276149814445, "(6, 2)": 0.6809386017336649, "(6, 3)": 0.6796430329326242, "(6, 4)": 0.9625797060358179, "(6, 5)": 0.9068834065989351, "(6, 7)": 0.9707635151920176, "(7, 0)": 0.6798075419421858, "(7, 1)": 0.671835776341317, "(7, 2)": 0.6821954023330344, "(7, 3)": 0.6812054421535153, "(7, 4)": 0.951632272568871, "(7, 5)": 0.931464126971348, "(7, 6)": 0.9697872900883524}