{"(0, 1)": 0.48694879263845303, "(0, 2)": 0.714280412901507, "(0, 3)": 0.5697493406731718, "(0, 4)": 0.42823506950356516, "(0, 5)": 0.42572713477279955, "(0, 6)": 0.4270027906759025, "(0, 7)": 0.4280584791849442, "(1, 0)": 0.7312106713860184, "(1, 2)": 0.729410331025782, "(1, 3)": 0.8597936546182424, "(1, 4)": 0.6815808147182187, "(1, 5)": 0.681582420045689, "(1, 6)": 0.6808286652298233, "(1, 7)": 0.6807207435879277, "(2, 0)": 0.8562394030185397, "(2, 1)": 0.7282973410803668, "(2, 3)": 0.7870122943090199, "(2, 4)": 0.7074000504745419, "(2, 5)": 0.7059319776586495, "(2, 6)": 0.7059099696404059, "(2, 7)": 0.7056926163954413, "(3, 0)": 0.7725838067511845, "(3, 1)": 0.8610509043648564, "(3, 2)": 0.7785454861029033, "(3, 4)": 0.698606241026586, "(3, 5)": 0.6983253304315149, "(3, 6)": 0.6972395457553975, "(3, 7)": 0.6973953351814077, "(4, 0)": 0.41445811809785493, "(4, 1)": 0.3940278673801062, "(4, 2)": 0.41842996608821614, "(4, 3)": 0.40918223682903054, "(4, 5)": 0.8110582042273954, "(4, 6)": 0.9206931439216504, "(4, 7)": 0.8973291207728854, "(5, 0)": 0.67601089102553, "(5, 1)": 0.6705938196889785, "(5, 2)": 0.6786214895546473, "(5, 3)": 0.6754707183672526, "(5, 4)": 0.9108434845413191, "(5, 6)": 0.9078751652223902, "(5, 7)": 0.9331647532852376, "(6, 0)": 0.6759678061467087, "(6, 1)": 0.6719641250550055, "(6, 2)": 0.6767093985740578, "(6, 3)": 0.6766216208908136, "(6, 4)": 0.9622641833702961, "(6, 5)": 0.9062254602288393, "(6, 7)": 0.970629363493569, "(7, 0)": 0.6770272069783887, "(7, 1)": 0.6700389660217522, "(7, 2)": 0.678810259290945, "(7, 3)": 0.6776097265403163, "(7, 4)": 0.9512956246340749, "(7, 5)": 0.9314540868921046, "(7, 6)": 0.9697268639744274}