{"(0, 1)": 0.9999446298509429, "(0, 2)": 0.9998185360647854, "(0, 3)": 0.9999233628415225, "(0, 4)": 0.9999599995903958, "(0, 5)": -0.0056972901517426955, "(1, 0)": 0.9999444076286956, "(1, 2)": 0.9998185360647854, "(1, 3)": 0.9999233628415225, "(1, 4)": 0.9999599995903958, "(1, 5)": 0.002219651648471932, "(2, 0)": 0.42648659695674496, "(2, 1)": 0.4172007541951438, "(2, 3)": 0.3738054122176706, "(2, 4)": 0.37915364253329953, "(2, 5)": 1.906919480865188e-05, "(3, 0)": 0.615160637761187, "(3, 1)": 0.6182676098296107, "(3, 2)": 0.1976263812196294, "(3, 4)": 0.9999599995903958, "(3, 5)": -0.003075908452088605, "(4, 0)": 0.5095758542171974, "(4, 1)": 0.5117739120374349, "(4, 2)": 0.06485135978163681, "(4, 3)": 0.7656280562372579, "(4, 5)": -0.00016703879865165305, "(5, 0)": 0.004264402497257236, "(5, 1)": -0.0014917201901485377, "(5, 2)": 0.0031951239961874878, "(5, 3)": -0.0038796647739536283, "(5, 4)": 0.0010697709544545964}