{"(0, 1)": 0.9999445552711256, "(0, 2)": 0.9998195114918801, "(0, 3)": 0.9999231074615742, "(0, 4)": 0.9999599980844522, "(0, 5)": 0.0027746557878683964, "(1, 0)": 0.9999446536549268, "(1, 2)": 0.9998195114918801, "(1, 3)": 0.9999231074615742, "(1, 4)": 0.9999599980844522, "(1, 5)": 0.0033956626380070576, "(2, 0)": 0.42419065962309954, "(2, 1)": 0.42325791197895335, "(2, 3)": 0.39205459805749343, "(2, 4)": 0.38513055611586233, "(2, 5)": -0.0038981406589557732, "(3, 0)": 0.6178074005805372, "(3, 1)": 0.617292731742568, "(3, 2)": 0.19568099166852493, "(3, 4)": 0.9999599980844522, "(3, 5)": 0.0009797812024617825, "(4, 0)": 0.5122303019802681, "(4, 1)": 0.5117344138538531, "(4, 2)": 0.06284759433978016, "(4, 3)": 0.762095341906105, "(4, 5)": -0.0029060030839938022, "(5, 0)": -0.003519319681647648, "(5, 1)": 0.00672766050051854, "(5, 2)": -0.0005472961400776466, "(5, 3)": 0.0013798899578441048, "(5, 4)": 0.005552379483464875}