{"(0, 1)": 0.9999445926765309, "(0, 2)": 0.9998187074998381, "(0, 3)": 0.9999231058322677, "(0, 4)": 0.9999599982575241, "(0, 5)": 0.00021084639219193235, "(1, 0)": 0.9999446200719142, "(1, 2)": 0.9998187074998381, "(1, 3)": 0.9999231058322677, "(1, 4)": 0.9999599982575241, "(1, 5)": 0.0004814946909038609, "(2, 0)": 0.43164506949090586, "(2, 1)": 0.4271920526285524, "(2, 3)": 0.3844272721752098, "(2, 4)": 0.39385359626265315, "(2, 5)": 0.0009317224156164539, "(3, 0)": 0.6174320536349167, "(3, 1)": 0.615552798280094, "(3, 2)": 0.1992597385668805, "(3, 4)": 0.9999599982575241, "(3, 5)": 0.001937836582993513, "(4, 0)": 0.5094562007970836, "(4, 1)": 0.5103441442674389, "(4, 2)": 0.06448629096346803, "(4, 3)": 0.7655890713424185, "(4, 5)": 0.004101468853414003, "(5, 0)": -0.002847278047301005, "(5, 1)": -0.001508253927431591, "(5, 2)": -0.0018732246289421273, "(5, 3)": 0.006826815018121879, "(5, 4)": -0.0010836072019297927}