{"(0, 1)": 0.999944534741857, "(0, 2)": 0.9998189807957806, "(0, 3)": 0.9999231303619962, "(0, 4)": 0.999959999969024, "(0, 5)": 0.0003808574716103186, "(1, 0)": 0.9999445720359349, "(1, 2)": 0.9998189807957806, "(1, 3)": 0.9999231303619962, "(1, 4)": 0.999959999969024, "(1, 5)": -0.0030798636291688997, "(2, 0)": 0.4203937959752724, "(2, 1)": 0.42391043942075735, "(2, 3)": 0.3806395047477521, "(2, 4)": 0.3816395211416451, "(2, 5)": 0.005104098844715965, "(3, 0)": 0.616169777680363, "(3, 1)": 0.6145760918108778, "(3, 2)": 0.19239926218612513, "(3, 4)": 0.999959999969024, "(3, 5)": 0.0015969155826389692, "(4, 0)": 0.5093773776448567, "(4, 1)": 0.5095919530767977, "(4, 2)": 0.06362794238681013, "(4, 3)": 0.7688427476479018, "(4, 5)": 0.000459375942691298, "(5, 0)": 0.0007290510386290805, "(5, 1)": -0.0035695017758445857, "(5, 2)": -0.0002459436854964636, "(5, 3)": -0.004671955348359846, "(5, 4)": 0.0003192258472084486}