{"(0, 1)": 0.9999446336731479, "(0, 2)": 0.9998191547950853, "(0, 3)": 0.9999235997255674, "(0, 4)": 0.9999599989839102, "(0, 5)": -0.0012135054553910063, "(1, 0)": 0.9999446617250655, "(1, 2)": 0.9998191547950853, "(1, 3)": 0.9999235997255674, "(1, 4)": 0.9999599989839102, "(1, 5)": -0.00195548439177462, "(2, 0)": 0.4280070939817133, "(2, 1)": 0.4304951334498073, "(2, 3)": 0.38429405842952025, "(2, 4)": 0.38874447313160865, "(2, 5)": 0.004173459373788102, "(3, 0)": 0.6134542496415776, "(3, 1)": 0.6151078115258362, "(3, 2)": 0.19347966948127515, "(3, 4)": 0.9999599989839102, "(3, 5)": 0.005443243141065701, "(4, 0)": 0.5109043424713564, "(4, 1)": 0.5103226013332681, "(4, 2)": 0.06680424948739794, "(4, 3)": 0.770422637828111, "(4, 5)": 0.00022946454716699094, "(5, 0)": 0.0013903498339405962, "(5, 1)": -0.001318273661874425, "(5, 2)": 0.003044998302878854, "(5, 3)": -0.002598076624294121, "(5, 4)": -0.002625468291095334}