{"(0, 1)": 0.5455146769525687, "(0, 2)": 0.2559842805464976, "(0, 3)": 0.9952112340171348, "(0, 4)": 0.2966749463781455, "(0, 5)": 0.26579848035169773, "(1, 0)": 0.5452832449289662, "(1, 2)": 0.7119698896256345, "(1, 3)": 0.7777006999217928, "(1, 4)": 0.7678561441813786, "(1, 5)": 0.8014792883857174, "(2, 0)": 0.10378052862013343, "(2, 1)": 0.3484465399111618, "(2, 3)": 0.128348528421803, "(2, 4)": 0.47943380770387567, "(2, 5)": 0.9210680604554137, "(3, 0)": 0.5982974089068966, "(3, 1)": 0.473994261709234, "(3, 2)": 0.11750369477358458, "(3, 4)": 0.16155705396330777, "(3, 5)": 0.14652734629235842, "(4, 0)": 0.6168141914271721, "(4, 1)": 0.7342197273420692, "(4, 2)": 0.7070356808045561, "(4, 3)": 0.6651969484403554, "(4, 5)": 0.783274781367219, "(5, 0)": 0.12372658066413689, "(5, 1)": 0.3697830855545313, "(5, 2)": 0.8682441743145869, "(5, 3)": 0.13458977695399166, "(5, 4)": 0.46232762495580093}