{"(0, 1)": 0.5462627898267634, "(0, 2)": 0.26712035330619843, "(0, 3)": 0.9955221020038396, "(0, 4)": 0.2966864486963158, "(0, 5)": 0.2736019998502066, "(1, 0)": 0.547369439383962, "(1, 2)": 0.7133509867873826, "(1, 3)": 0.7758303335445955, "(1, 4)": 0.7643041750330756, "(1, 5)": 0.8006096215774494, "(2, 0)": 0.108618187734981, "(2, 1)": 0.35158844134550815, "(2, 3)": 0.13365032074292116, "(2, 4)": 0.48282951211050706, "(2, 5)": 0.9191154656776208, "(3, 0)": 0.6018323947711144, "(3, 1)": 0.47216707461018004, "(3, 2)": 0.11688787444608306, "(3, 4)": 0.16001712416553304, "(3, 5)": 0.15404670161270828, "(4, 0)": 0.618275253716648, "(4, 1)": 0.73630898046094, "(4, 2)": 0.7079151836737358, "(4, 3)": 0.6687875893824231, "(4, 5)": 0.7792257282608901, "(5, 0)": 0.12380655824111786, "(5, 1)": 0.3723782028503331, "(5, 2)": 0.8676226564659246, "(5, 3)": 0.14160320051215747, "(5, 4)": 0.46180878352841725}