{"(0, 1)": 0.5482277033472787, "(0, 2)": 0.26196725322547765, "(0, 3)": 0.9957187775942037, "(0, 4)": 0.2940575910807598, "(0, 5)": 0.2733790452804232, "(1, 0)": 0.545912997214834, "(1, 2)": 0.7141720852205139, "(1, 3)": 0.7787068776485015, "(1, 4)": 0.7642101143304211, "(1, 5)": 0.8017979572824794, "(2, 0)": 0.10443776400705862, "(2, 1)": 0.35167628456141964, "(2, 3)": 0.13470450713121518, "(2, 4)": 0.4839859876519115, "(2, 5)": 0.9194927603435623, "(3, 0)": 0.6027708022423814, "(3, 1)": 0.4718607736505557, "(3, 2)": 0.11669348535013957, "(3, 4)": 0.15489667063435564, "(3, 5)": 0.15117671213108852, "(4, 0)": 0.6180200163100287, "(4, 1)": 0.7336892598974869, "(4, 2)": 0.7076681508281878, "(4, 3)": 0.6669660869852749, "(4, 5)": 0.7840100473548018, "(5, 0)": 0.12017054140296035, "(5, 1)": 0.37116466222383715, "(5, 2)": 0.8669257945010256, "(5, 3)": 0.14101459003048455, "(5, 4)": 0.4641198339778413}