{"(0, 1)": 0.5477590890181412, "(0, 2)": 0.27268114677861466, "(0, 3)": 0.9948433369730743, "(0, 4)": 0.2889501050108345, "(0, 5)": 0.27153567707598725, "(1, 0)": 0.5460276842375134, "(1, 2)": 0.7108093291548919, "(1, 3)": 0.7810306012453878, "(1, 4)": 0.7653876385723946, "(1, 5)": 0.7999431942248938, "(2, 0)": 0.10531555560858852, "(2, 1)": 0.35581419692218397, "(2, 3)": 0.13491525799072224, "(2, 4)": 0.4820367673040441, "(2, 5)": 0.9169659630575253, "(3, 0)": 0.6019814126822111, "(3, 1)": 0.47770639465053977, "(3, 2)": 0.12153027639357905, "(3, 4)": 0.16098549652690597, "(3, 5)": 0.15344717626527526, "(4, 0)": 0.615720825195714, "(4, 1)": 0.7340033371717458, "(4, 2)": 0.7091436850684915, "(4, 3)": 0.6725958303638839, "(4, 5)": 0.7864834609633454, "(5, 0)": 0.12253915058508813, "(5, 1)": 0.37218535202995306, "(5, 2)": 0.8664025963063255, "(5, 3)": 0.1372315741620177, "(5, 4)": 0.46949141136848327}