{"(0, 1)": 0.5508873373826519, "(0, 2)": 0.2649586513116815, "(0, 3)": 0.9954345897980915, "(0, 4)": 0.2989869472205138, "(0, 5)": 0.27575994169977314, "(1, 0)": 0.5488152958001478, "(1, 2)": 0.7093056327436176, "(1, 3)": 0.7769132050795127, "(1, 4)": 0.7644692826859771, "(1, 5)": 0.8007247552707348, "(2, 0)": 0.10286464660147998, "(2, 1)": 0.3499298589808969, "(2, 3)": 0.13467722515348968, "(2, 4)": 0.477626840369929, "(2, 5)": 0.9195817655829439, "(3, 0)": 0.6058482971499237, "(3, 1)": 0.4764831202792271, "(3, 2)": 0.11660677651434737, "(3, 4)": 0.15408528503766794, "(3, 5)": 0.15824553635929595, "(4, 0)": 0.6195699524706428, "(4, 1)": 0.7329686914463731, "(4, 2)": 0.7053974142811424, "(4, 3)": 0.6654408807336245, "(4, 5)": 0.782129501266921, "(5, 0)": 0.12270049058421817, "(5, 1)": 0.364875190936399, "(5, 2)": 0.8665668597653745, "(5, 3)": 0.13837280809427877, "(5, 4)": 0.4607334292139862}