{"(0, 1)": 0.9190869665070605, "(0, 2)": 0.0902896983316166, "(0, 3)": 0.00888552315366542, "(1, 0)": 0.9217214816961156, "(1, 2)": 0.14116024498370316, "(1, 3)": 0.04663484182654243, "(2, 0)": 0.26640969934919134, "(2, 1)": 0.26039091578039275, "(2, 3)": 0.06853968986116421, "(3, 0)": 0.007720296196527809, "(3, 1)": 0.006493851481180868, "(3, 2)": 0.060089950435166295}