{"(0, 1)": 0.9185990700333928, "(0, 2)": 0.08997577036960458, "(0, 3)": 0.006893532474070874, "(1, 0)": 0.9214858684501424, "(1, 2)": 0.1417506620684602, "(1, 3)": 0.056689661846410555, "(2, 0)": 0.262815835766117, "(2, 1)": 0.26009125123304244, "(2, 3)": 0.06022088890548849, "(3, 0)": 0.006493884718953291, "(3, 1)": 0.011085190261297284, "(3, 2)": 0.06121375539130969}