{"(0, 1)": 0.9189202586314087, "(0, 2)": 0.08769853213945555, "(0, 3)": 0.01089644438378723, "(1, 0)": 0.9218712104504178, "(1, 2)": 0.14010469796872527, "(1, 3)": 0.052140280787952964, "(2, 0)": 0.2634051867413211, "(2, 1)": 0.26332199891993313, "(2, 3)": 0.06482273501537938, "(3, 0)": 0.008209689812791687, "(3, 1)": 0.008938453239160316, "(3, 2)": 0.056877949927648164}