{"(0, 1)": 0.9196668208878421, "(0, 2)": 0.0824341634831357, "(0, 3)": 0.015189791627711724, "(1, 0)": 0.9222922649675781, "(1, 2)": 0.14567929205953967, "(1, 3)": 0.05053879541871997, "(2, 0)": 0.2644375248023506, "(2, 1)": 0.25777300327626984, "(2, 3)": 0.06980707111478812, "(3, 0)": 0.007243880754183474, "(3, 1)": 0.012267210856515165, "(3, 2)": 0.06332809360500125}