{"(0, 1)": 0.9176696343309705, "(0, 2)": 0.09137335923211265, "(0, 3)": 0.012068846180135817, "(1, 0)": 0.9210483713391805, "(1, 2)": 0.1406519702133716, "(1, 3)": 0.04923879148371291, "(2, 0)": 0.2636882412039151, "(2, 1)": 0.25957187467414966, "(2, 3)": 0.06807214234162418, "(3, 0)": 0.007291934830576441, "(3, 1)": 0.009676644309723481, "(3, 2)": 0.061991233720955274}