{"(0, 1)": 0.3318664907970118, "(0, 2)": 0.027100594989781013, "(0, 3)": 0.03287327559247022, "(0, 4)": 0.038959705248239884, "(1, 0)": 0.41750809920307586, "(1, 2)": 0.15107893913988402, "(1, 3)": 0.14307600573282597, "(1, 4)": 0.14638431836951882, "(2, 0)": 0.00515443221066425, "(2, 1)": 0.005447956318934466, "(2, 3)": 0.9997416265215373, "(2, 4)": 0.9997740967674529, "(3, 0)": 0.010791081323455853, "(3, 1)": 0.005436149433026172, "(3, 2)": 0.928384611018219, "(3, 4)": 0.915400569414805, "(4, 0)": 0.01213142518848842, "(4, 1)": 0.012326186473400447, "(4, 2)": 0.999764025820831, "(4, 3)": 0.9997231841102209}