{"(0, 1)": 0.328393636215518, "(0, 2)": 0.030671776855439203, "(0, 3)": 0.03059623554159696, "(0, 4)": 0.03694422855385804, "(1, 0)": 0.4196990668994798, "(1, 2)": 0.15306150559931087, "(1, 3)": 0.1404677966657505, "(1, 4)": 0.15029725353590773, "(2, 0)": 0.014778487357286707, "(2, 1)": 0.011143771736330854, "(2, 3)": 0.9997418421661831, "(2, 4)": 0.9997744922790429, "(3, 0)": 0.014272398766849714, "(3, 1)": 0.00986083046187769, "(3, 2)": 0.9269360813949213, "(3, 4)": 0.9186805341483288, "(4, 0)": 0.006854103942831036, "(4, 1)": 0.004821283359579542, "(4, 2)": 0.9997631993478414, "(4, 3)": 0.9997233632107337}