{"(0, 1)": 0.3398839865440716, "(0, 2)": 0.027692271386166367, "(0, 3)": 0.031055907010185124, "(0, 4)": 0.03686332478574028, "(1, 0)": 0.4232783862510969, "(1, 2)": 0.15064303842689242, "(1, 3)": 0.1495160673586754, "(1, 4)": 0.15298475468233885, "(2, 0)": 0.012631191114771068, "(2, 1)": 0.013235188460552383, "(2, 3)": 0.9997419144483021, "(2, 4)": 0.9997751028837446, "(3, 0)": 0.015048780071350243, "(3, 1)": 0.005914352977712922, "(3, 2)": 0.9263672808831702, "(3, 4)": 0.9174031688757798, "(4, 0)": 0.009972432712742396, "(4, 1)": 0.00841015912147669, "(4, 2)": 0.9997629471996565, "(4, 3)": 0.9997234208031913}