{"(0, 1)": 0.33788048098612056, "(0, 2)": 0.030500256666201375, "(0, 3)": 0.02622531095784031, "(0, 4)": 0.035521569808854125, "(1, 0)": 0.42353746361054434, "(1, 2)": 0.15275097403688243, "(1, 3)": 0.1409944077671048, "(1, 4)": 0.14729629008198364, "(2, 0)": 0.009559827570673862, "(2, 1)": 0.013741195620076474, "(2, 3)": 0.9997433141600073, "(2, 4)": 0.9997750648657489, "(3, 0)": 0.009728870299500536, "(3, 1)": 0.009413641008190421, "(3, 2)": 0.9272751870470669, "(3, 4)": 0.9186556464873519, "(4, 0)": -0.0013343351521108993, "(4, 1)": 0.011486138814080227, "(4, 2)": 0.9997628342111395, "(4, 3)": 0.9997250900435272}