{"(0, 1)": 0.3368054586153302, "(0, 2)": 0.03035848964291321, "(0, 3)": 0.03226471928060337, "(0, 4)": 0.03688765349566436, "(1, 0)": 0.41938822223228966, "(1, 2)": 0.15074628986409522, "(1, 3)": 0.14084807798975685, "(1, 4)": 0.14924645502836242, "(2, 0)": 0.009794040210220678, "(2, 1)": 0.008666845552865565, "(2, 3)": 0.9997426854012486, "(2, 4)": 0.9997740958688057, "(3, 0)": 0.01142432982307584, "(3, 1)": 0.016427880265031947, "(3, 2)": 0.9279439932418121, "(3, 4)": 0.9184610032125153, "(4, 0)": 0.009454607286080607, "(4, 1)": 0.012729845636687998, "(4, 2)": 0.9997634650538256, "(4, 3)": 0.9997242717881225}