{"(0, 1)": 0.9437364774766586, "(0, 2)": 0.875288687620494, "(0, 3)": 0.8148423398644791, "(0, 4)": 0.8147097930646905, "(0, 5)": 0.9699736794917435, "(0, 6)": 0.738563850875031, "(0, 7)": 0.7673763069003379, "(0, 8)": 0.8503797676774456, "(0, 9)": 0.8159425589735281, "(0, 10)": 0.873423679071591, "(0, 11)": 0.8871370239533741, "(0, 12)": 0.8159194685033967, "(0, 13)": 0.7878719414834068, "(1, 0)": 0.945184108392189, "(1, 2)": 0.8261707195682351, "(1, 3)": 0.8393549082513042, "(1, 4)": 0.8393549082513042, "(1, 5)": 0.9294514138374922, "(1, 6)": 0.7433950797967819, "(1, 7)": 0.7684326608490226, "(1, 8)": 0.8645443853753232, "(1, 9)": 0.840517208012615, "(1, 10)": 0.8240996333389793, "(1, 11)": 0.927358249336939, "(1, 12)": 0.840517208012615, "(1, 13)": 0.800827454490028, "(2, 0)": 0.8776117844001042, "(2, 1)": 0.8410064774207632, "(2, 3)": 0.7601911868780051, "(2, 4)": 0.7601911868780051, "(2, 5)": 0.8920127648391791, "(2, 6)": 0.738979996588882, "(2, 7)": 0.7588849429128294, "(2, 8)": 0.7760807194021179, "(2, 9)": 0.7603881550415156, "(2, 10)": 0.9943376239521347, "(2, 11)": 0.8004617624837557, "(2, 12)": 0.7603881550415156, "(2, 13)": 0.7594632967940339, "(3, 0)": 0.8072062552561521, "(3, 1)": 0.8338363524547218, "(3, 2)": 0.7743169458462268, "(3, 4)": 0.9999400061811452, "(3, 5)": 0.7988475550323089, "(3, 6)": 0.7552634226437807, "(3, 7)": 0.7625564975344734, "(3, 8)": 0.8718389788753379, "(3, 9)": 0.9950744842400305, "(3, 10)": 0.7743653652318786, "(3, 11)": 0.8884600418987556, "(3, 12)": 0.9950744842400305, "(3, 13)": 0.8056519280866685, "(4, 0)": 0.8072062552561521, "(4, 1)": 0.8338363524547218, "(4, 2)": 0.7743169458462268, "(4, 3)": 0.9999400061811452, "(4, 5)": 0.7988475550323089, "(4, 6)": 0.7552634226437807, "(4, 7)": 0.7625564975344734, "(4, 8)": 0.8718389788753379, "(4, 9)": 0.9950744842400305, "(4, 10)": 0.7743653652318786, "(4, 11)": 0.8884600418987556, "(4, 12)": 0.9950744842400305, "(4, 13)": 0.8056519280866685, "(5, 0)": 0.9627872921784008, "(5, 1)": 0.9107483694429264, "(5, 2)": 0.8653054301659716, "(5, 3)": 0.7544405894413417, "(5, 4)": 0.7557920661606969, "(5, 6)": 0.6768170599820444, "(5, 7)": 0.7036046967982199, "(5, 8)": 0.7903351428908205, "(5, 9)": 0.7568548331099717, "(5, 10)": 0.8623130093625468, "(5, 11)": 0.8398119523331472, "(5, 12)": 0.7558897469787743, "(5, 13)": 0.7304414623458488, "(6, 0)": 0.7487567511970679, "(6, 1)": 0.7543156086086992, "(6, 2)": 0.742808965042933, "(6, 3)": 0.78124633650415, "(6, 4)": 0.7811533127850256, "(6, 5)": 0.7462622162523769, "(6, 7)": 0.7439741756371611, "(6, 8)": 0.7686890648958619, "(6, 9)": 0.7813456570944619, "(6, 10)": 0.7432781071651484, "(6, 11)": 0.7669784543562479, "(6, 12)": 0.7813873932212245, "(6, 13)": 0.7566294630115038, "(7, 0)": 0.7671061622759566, "(7, 1)": 0.7614742543956077, "(7, 2)": 0.7615722891213027, "(7, 3)": 0.7567126013812357, "(7, 4)": 0.7570725786943213, "(7, 5)": 0.761609255225778, "(7, 6)": 0.7477767969955533, "(7, 8)": 0.8067948014653465, "(7, 9)": 0.75793418118821, "(7, 10)": 0.7607990780755456, "(7, 11)": 0.7617235238742517, "(7, 12)": 0.7579203931463324, "(7, 13)": 0.7880238508218449, "(8, 0)": 0.8454083596006285, "(8, 1)": 0.8528185215486557, "(8, 2)": 0.7843470045019424, "(8, 3)": 0.873911029912655, "(8, 4)": 0.873977850510897, "(8, 5)": 0.8308555320413085, "(8, 6)": 0.7541094363280675, "(8, 7)": 0.8141725390270818, "(8, 9)": 0.8756846624245855, "(8, 10)": 0.7834848954647486, "(8, 11)": 0.875416600945356, "(8, 12)": 0.8756879024344262, "(8, 13)": 0.8150912362889011, "(9, 0)": 0.8105797820751243, "(9, 1)": 0.836958789978709, "(9, 2)": 0.7777749595343886, "(9, 3)": 0.9950651001004218, "(9, 4)": 0.9950651001004218, "(9, 5)": 0.8026667106006463, "(9, 6)": 0.7579214449709754, "(9, 7)": 0.7659267717707531, "(9, 8)": 0.8734766991552698, "(9, 10)": 0.7779918034063559, "(9, 11)": 0.891237365341339, "(9, 12)": 0.999940007017787, "(9, 13)": 0.8078195668620816, "(10, 0)": 0.874030364755313, "(10, 1)": 0.8379405333940813, "(10, 2)": 0.9942722762539721, "(10, 3)": 0.7580026238861457, "(10, 4)": 0.7580765436629525, "(10, 5)": 0.8884950594677248, "(10, 6)": 0.739774941606367, "(10, 7)": 0.7592536860949166, "(10, 8)": 0.7730003128566748, "(10, 9)": 0.7585187293636226, "(10, 11)": 0.7978739387489877, "(10, 12)": 0.7585500350587056, "(10, 13)": 0.7569780009291335, "(11, 0)": 0.8877953588648442, "(11, 1)": 0.9282230568771827, "(11, 2)": 0.7941664499522885, "(11, 3)": 0.8910400397933743, "(11, 4)": 0.8908848586619278, "(11, 5)": 0.8744305740448977, "(11, 6)": 0.7466540994884003, "(11, 7)": 0.7654288857949393, "(11, 8)": 0.8773099741004554, "(11, 9)": 0.8922938948707971, "(11, 10)": 0.7925172901030377, "(11, 12)": 0.8922055674025255, "(11, 13)": 0.8136840598065127, "(12, 0)": 0.8105797820751243, "(12, 1)": 0.836958789978709, "(12, 2)": 0.7777749595343886, "(12, 3)": 0.9950651001004218, "(12, 4)": 0.9950651001004218, "(12, 5)": 0.8026667106006463, "(12, 6)": 0.7579214449709754, "(12, 7)": 0.7659267717707531, "(12, 8)": 0.8734766991552698, "(12, 9)": 0.999940007017787, "(12, 10)": 0.7779918034063559, "(12, 11)": 0.891237365341339, "(12, 13)": 0.8078195668620816, "(13, 0)": 0.7912220876710125, "(13, 1)": 0.8008556232075763, "(13, 2)": 0.7562911345866601, "(13, 3)": 0.801064529865157, "(13, 4)": 0.8008395881443453, "(13, 5)": 0.7846902954871628, "(13, 6)": 0.7432165113479283, "(13, 7)": 0.7904713725784314, "(13, 8)": 0.8069398373735279, "(13, 9)": 0.8042702687219907, "(13, 10)": 0.7544443536707364, "(13, 11)": 0.8118260641374511, "(13, 12)": 0.8041001082051725}