{"(0, 1)": 0.9435983965389129, "(0, 2)": 0.8742808634558079, "(0, 3)": 0.8131451126358425, "(0, 4)": 0.8136029763894465, "(0, 5)": 0.969880898755189, "(0, 6)": 0.7393540269814517, "(0, 7)": 0.7668090437155167, "(0, 8)": 0.8499077916621488, "(0, 9)": 0.814251640820398, "(0, 10)": 0.8726327871438859, "(0, 11)": 0.8867308808024468, "(0, 12)": 0.8147701044071656, "(0, 13)": 0.7869821930262269, "(1, 0)": 0.9452731680005009, "(1, 2)": 0.8262036446665945, "(1, 3)": 0.8399608513514858, "(1, 4)": 0.8399608513514858, "(1, 5)": 0.929516345330988, "(1, 6)": 0.7438860733042045, "(1, 7)": 0.7690031556338818, "(1, 8)": 0.8645617526619754, "(1, 9)": 0.8411548780021407, "(1, 10)": 0.8241852045048675, "(1, 11)": 0.9278432455450418, "(1, 12)": 0.8411548780021407, "(1, 13)": 0.7998084867811996, "(2, 0)": 0.876649245614546, "(2, 1)": 0.8400391064225284, "(2, 3)": 0.7590444146769069, "(2, 4)": 0.7590444146769069, "(2, 5)": 0.8911088192941865, "(2, 6)": 0.7378980077356551, "(2, 7)": 0.7595252185470925, "(2, 8)": 0.7760075774670753, "(2, 9)": 0.7592819557943131, "(2, 10)": 0.9943306155762766, "(2, 11)": 0.7997471388672679, "(2, 12)": 0.7592819557943131, "(2, 13)": 0.7575403582704978, "(3, 0)": 0.8058736443636433, "(3, 1)": 0.8326354873067039, "(3, 2)": 0.7728029924225174, "(3, 4)": 0.9999400085371037, "(3, 5)": 0.7973177022369647, "(3, 6)": 0.755008991476883, "(3, 7)": 0.7633414690837326, "(3, 8)": 0.8717925955795075, "(3, 9)": 0.9950778407331349, "(3, 10)": 0.7728569348830012, "(3, 11)": 0.8877705073610012, "(3, 12)": 0.9950778407331349, "(3, 13)": 0.8046801676400615, "(4, 0)": 0.8058736443636433, "(4, 1)": 0.8326354873067039, "(4, 2)": 0.7728029924225174, "(4, 3)": 0.9999400085371037, "(4, 5)": 0.7973177022369647, "(4, 6)": 0.755008991476883, "(4, 7)": 0.7633414690837326, "(4, 8)": 0.8717925955795075, "(4, 9)": 0.9950778407331349, "(4, 10)": 0.7728569348830012, "(4, 11)": 0.8877705073610012, "(4, 12)": 0.9950778407331349, "(4, 13)": 0.8046801676400615, "(5, 0)": 0.9619255122945342, "(5, 1)": 0.9098601051556993, "(5, 2)": 0.8619662787890575, "(5, 3)": 0.7527530378551415, "(5, 4)": 0.7515682781627765, "(5, 6)": 0.6766026176510287, "(5, 7)": 0.7052995075362443, "(5, 8)": 0.7856837982236997, "(5, 9)": 0.7544730683867282, "(5, 10)": 0.8604510392281945, "(5, 11)": 0.8377917416206666, "(5, 12)": 0.7526954011176326, "(5, 13)": 0.7300263811380621, "(6, 0)": 0.7476487773579781, "(6, 1)": 0.7531407202138838, "(6, 2)": 0.7419195406999833, "(6, 3)": 0.7803581263668145, "(6, 4)": 0.7803366944157948, "(6, 5)": 0.7450386110750444, "(6, 7)": 0.7442561447969727, "(6, 8)": 0.7687473548938075, "(6, 9)": 0.7805472488707531, "(6, 10)": 0.7423182285469725, "(6, 11)": 0.7662503902066782, "(6, 12)": 0.7804351182140851, "(6, 13)": 0.7565760694588469, "(7, 0)": 0.766105309177272, "(7, 1)": 0.761020010436012, "(7, 2)": 0.760900553992278, "(7, 3)": 0.7572814819058915, "(7, 4)": 0.7569211179294629, "(7, 5)": 0.7607274633175329, "(7, 6)": 0.7466531720319667, "(7, 8)": 0.8074800215730134, "(7, 9)": 0.7581468995961597, "(7, 10)": 0.7602014956661166, "(7, 11)": 0.7618794512131254, "(7, 12)": 0.7580160704966907, "(7, 13)": 0.7870353242268688, "(8, 0)": 0.8445137726964895, "(8, 1)": 0.852217689782444, "(8, 2)": 0.7833493976745943, "(8, 3)": 0.8737151302098755, "(8, 4)": 0.8737151302098755, "(8, 5)": 0.829835445114838, "(8, 6)": 0.7531348521584685, "(8, 7)": 0.8141545103108013, "(8, 9)": 0.8754570237200493, "(8, 10)": 0.7824027008614834, "(8, 11)": 0.8753307535188458, "(8, 12)": 0.8755291750852043, "(8, 13)": 0.813615588548023, "(9, 0)": 0.8087621223247752, "(9, 1)": 0.835349894089436, "(9, 2)": 0.7759374854212528, "(9, 3)": 0.9950629892829831, "(9, 4)": 0.9950629892829831, "(9, 5)": 0.8006719655229086, "(9, 6)": 0.7573818525590226, "(9, 7)": 0.765895080916417, "(9, 8)": 0.873562702137552, "(9, 10)": 0.7761549936025689, "(9, 11)": 0.8902771028009702, "(9, 12)": 0.9999400046626702, "(9, 13)": 0.8061025684572475, "(10, 0)": 0.8735878475839025, "(10, 1)": 0.8377114352384055, "(10, 2)": 0.9942609967066608, "(10, 3)": 0.7580356297823714, "(10, 4)": 0.7580655889139031, "(10, 5)": 0.888151611385158, "(10, 6)": 0.7398869643838522, "(10, 7)": 0.760002768564626, "(10, 8)": 0.7738572597877373, "(10, 9)": 0.758820617138305, "(10, 11)": 0.7981716034022102, "(10, 12)": 0.7586538983566843, "(10, 13)": 0.7553024662434586, "(11, 0)": 0.8871133410209809, "(11, 1)": 0.9280529082734894, "(11, 2)": 0.7930323256311629, "(11, 3)": 0.8902295224680882, "(11, 4)": 0.8902817583487089, "(11, 5)": 0.8733884680808774, "(11, 6)": 0.7465400071040519, "(11, 7)": 0.7661571623455612, "(11, 8)": 0.877135401715271, "(11, 9)": 0.8917082577192645, "(11, 10)": 0.7911037429728218, "(11, 12)": 0.8916044262815935, "(11, 13)": 0.8125945577356865, "(12, 0)": 0.8087621223247752, "(12, 1)": 0.835349894089436, "(12, 2)": 0.7759374854212528, "(12, 3)": 0.9950629892829831, "(12, 4)": 0.9950629892829831, "(12, 5)": 0.8006719655229086, "(12, 6)": 0.7573818525590226, "(12, 7)": 0.765895080916417, "(12, 8)": 0.873562702137552, "(12, 9)": 0.9999400046626702, "(12, 10)": 0.7761549936025689, "(12, 11)": 0.8902771028009702, "(12, 13)": 0.8061025684572475, "(13, 0)": 0.7892318624738559, "(13, 1)": 0.798923775895903, "(13, 2)": 0.7539445688005711, "(13, 3)": 0.799562137278206, "(13, 4)": 0.7996488802799646, "(13, 5)": 0.7825041728026356, "(13, 6)": 0.7429865198874035, "(13, 7)": 0.7903687687143531, "(13, 8)": 0.8070301227195165, "(13, 9)": 0.8029463753425474, "(13, 10)": 0.7521225103623816, "(13, 11)": 0.8105714883769263, "(13, 12)": 0.8029540073600172}