{"(0, 1)": 0.9433069868484661, "(0, 2)": 0.8739728239304942, "(0, 3)": 0.8143940855030543, "(0, 4)": 0.8145617565278878, "(0, 5)": 0.9700225767046236, "(0, 6)": 0.7388504693303541, "(0, 7)": 0.76610105549623, "(0, 8)": 0.8499413228151216, "(0, 9)": 0.8153393108301548, "(0, 10)": 0.872023356512909, "(0, 11)": 0.8867034478564145, "(0, 12)": 0.8153972828921795, "(0, 13)": 0.7868779150494446, "(1, 0)": 0.9450696581369882, "(1, 2)": 0.8258419202597815, "(1, 3)": 0.840036174714687, "(1, 4)": 0.840036174714687, "(1, 5)": 0.9292324173093474, "(1, 6)": 0.7431457691754606, "(1, 7)": 0.7682599847575938, "(1, 8)": 0.8648947197751512, "(1, 9)": 0.841234778135908, "(1, 10)": 0.8238139701986261, "(1, 11)": 0.9277482789518867, "(1, 12)": 0.841234778135908, "(1, 13)": 0.8009431250455404, "(2, 0)": 0.8769793855323017, "(2, 1)": 0.8404522864434488, "(2, 3)": 0.7601973157225818, "(2, 4)": 0.7601973157225818, "(2, 5)": 0.8914759675124624, "(2, 6)": 0.7390441790347412, "(2, 7)": 0.7591616236418578, "(2, 8)": 0.7768572648484677, "(2, 9)": 0.7603604684078822, "(2, 10)": 0.9943184333342212, "(2, 11)": 0.8004908264927424, "(2, 12)": 0.7603604684078822, "(2, 13)": 0.758169142892936, "(3, 0)": 0.8057753459342362, "(3, 1)": 0.8327884716839353, "(3, 2)": 0.7724641594057593, "(3, 4)": 0.9999400036626783, "(3, 5)": 0.7971965102275191, "(3, 6)": 0.7549941502940974, "(3, 7)": 0.7633473478587556, "(3, 8)": 0.8727463603299782, "(3, 9)": 0.9951229667820258, "(3, 10)": 0.7725329723031662, "(3, 11)": 0.8882281133692832, "(3, 12)": 0.9951229667820258, "(3, 13)": 0.8054476851253403, "(4, 0)": 0.8057753459342362, "(4, 1)": 0.8327884716839353, "(4, 2)": 0.7724641594057593, "(4, 3)": 0.9999400036626783, "(4, 5)": 0.7971965102275191, "(4, 6)": 0.7549941502940974, "(4, 7)": 0.7633473478587556, "(4, 8)": 0.8727463603299782, "(4, 9)": 0.9951229667820258, "(4, 10)": 0.7725329723031662, "(4, 11)": 0.8882281133692832, "(4, 12)": 0.9951229667820258, "(4, 13)": 0.8054476851253403, "(5, 0)": 0.9622883305018739, "(5, 1)": 0.9091613774327539, "(5, 2)": 0.8621881810822429, "(5, 3)": 0.7522521384229323, "(5, 4)": 0.7516368198657574, "(5, 6)": 0.6749848915931804, "(5, 7)": 0.7041734880310679, "(5, 8)": 0.7869422666402275, "(5, 9)": 0.7519931570556335, "(5, 10)": 0.8588749975546947, "(5, 11)": 0.8373213063008251, "(5, 12)": 0.7529282916561411, "(5, 13)": 0.7313570468752961, "(6, 0)": 0.7487017321354894, "(6, 1)": 0.7540328113157071, "(6, 2)": 0.7427350403024353, "(6, 3)": 0.780303007918105, "(6, 4)": 0.7803025471185864, "(6, 5)": 0.7461740826079646, "(6, 7)": 0.7433080713404441, "(6, 8)": 0.7690001630896379, "(6, 9)": 0.7803839958312032, "(6, 10)": 0.7431802439953065, "(6, 11)": 0.7668113010378952, "(6, 12)": 0.7803859158332574, "(6, 13)": 0.7557370290019432, "(7, 0)": 0.7663627393824312, "(7, 1)": 0.7618082440105481, "(7, 2)": 0.7603367891234443, "(7, 3)": 0.7583618504400979, "(7, 4)": 0.7584092287906015, "(7, 5)": 0.7609140795667199, "(7, 6)": 0.7472361321333135, "(7, 8)": 0.80865199255228, "(7, 9)": 0.7594360426188322, "(7, 10)": 0.7598283490533057, "(7, 11)": 0.7630877923663243, "(7, 12)": 0.7596547692528495, "(7, 13)": 0.7876602624717189, "(8, 0)": 0.8448835445542978, "(8, 1)": 0.8528996464313311, "(8, 2)": 0.7835638285862119, "(8, 3)": 0.8749889173994521, "(8, 4)": 0.8749889173994521, "(8, 5)": 0.8302121275697696, "(8, 6)": 0.7537697333626334, "(8, 7)": 0.8141931332217356, "(8, 9)": 0.8766910816708708, "(8, 10)": 0.7827990699557527, "(8, 11)": 0.8762005006792565, "(8, 12)": 0.876685616865024, "(8, 13)": 0.8140691175747932, "(9, 0)": 0.808815527647422, "(9, 1)": 0.8357949475419548, "(9, 2)": 0.7758869073433045, "(9, 3)": 0.9950931703261796, "(9, 4)": 0.9950931703261796, "(9, 5)": 0.8007826961989066, "(9, 6)": 0.7585585720545691, "(9, 7)": 0.7662066314209877, "(9, 8)": 0.8740393252776515, "(9, 10)": 0.776172795510885, "(9, 11)": 0.8908199246210091, "(9, 12)": 0.9999400047358106, "(9, 13)": 0.8062079093413291, "(10, 0)": 0.8738863221614854, "(10, 1)": 0.8382222677355426, "(10, 2)": 0.9942774720918338, "(10, 3)": 0.7598021729353885, "(10, 4)": 0.7598016425359427, "(10, 5)": 0.8887259289809286, "(10, 6)": 0.7393392801843985, "(10, 7)": 0.7589531885904063, "(10, 8)": 0.7747876569315573, "(10, 9)": 0.759638396435332, "(10, 11)": 0.7990340342650286, "(10, 12)": 0.759955847174975, "(10, 13)": 0.75609451750351, "(11, 0)": 0.8872966271760175, "(11, 1)": 0.9282635879647532, "(11, 2)": 0.7934594973443997, "(11, 3)": 0.8911683768967222, "(11, 4)": 0.8909066283701718, "(11, 5)": 0.8736850311690393, "(11, 6)": 0.7461425858021329, "(11, 7)": 0.7654066147911474, "(11, 8)": 0.8779971825785464, "(11, 9)": 0.8921642570257363, "(11, 10)": 0.7918823427857531, "(11, 12)": 0.8924119420907364, "(11, 13)": 0.8135423798251407, "(12, 0)": 0.808815527647422, "(12, 1)": 0.8357949475419548, "(12, 2)": 0.7758869073433045, "(12, 3)": 0.9950931703261796, "(12, 4)": 0.9950931703261796, "(12, 5)": 0.8007826961989066, "(12, 6)": 0.7585585720545691, "(12, 7)": 0.7662066314209877, "(12, 8)": 0.8740393252776515, "(12, 9)": 0.9999400047358106, "(12, 10)": 0.776172795510885, "(12, 11)": 0.8908199246210091, "(12, 13)": 0.8062079093413291, "(13, 0)": 0.7909635389923491, "(13, 1)": 0.8010773764576428, "(13, 2)": 0.7549700146582378, "(13, 3)": 0.800871820429805, "(13, 4)": 0.800939687558904, "(13, 5)": 0.7843417024501387, "(13, 6)": 0.7436783379627276, "(13, 7)": 0.7905633560623194, "(13, 8)": 0.8085349996665306, "(13, 9)": 0.80404222634332, "(13, 10)": 0.753131357454917, "(13, 11)": 0.8122100867959055, "(13, 12)": 0.8041588688681167}