{"(0, 1)": 0.9439614756214438, "(0, 2)": 0.8755888513205816, "(0, 3)": 0.8156775017995764, "(0, 4)": 0.8156557290218545, "(0, 5)": 0.9701977451781783, "(0, 6)": 0.7395246098202328, "(0, 7)": 0.7685524446933483, "(0, 8)": 0.8510115553421671, "(0, 9)": 0.8165508168027871, "(0, 10)": 0.873868524511169, "(0, 11)": 0.887563954617043, "(0, 12)": 0.816150294774869, "(0, 13)": 0.789153165792256, "(1, 0)": 0.9453299327760178, "(1, 2)": 0.8270489039841616, "(1, 3)": 0.8400275228845296, "(1, 4)": 0.8400275228845296, "(1, 5)": 0.9296243474362823, "(1, 6)": 0.7439859945347805, "(1, 7)": 0.7694333202659838, "(1, 8)": 0.8645165703132901, "(1, 9)": 0.8412049871433168, "(1, 10)": 0.82500291098737, "(1, 11)": 0.9277125543607561, "(1, 12)": 0.8412049871433168, "(1, 13)": 0.8012597247712665, "(2, 0)": 0.8771597185281603, "(2, 1)": 0.8406029624154268, "(2, 3)": 0.7603699711904807, "(2, 4)": 0.7603699711904807, "(2, 5)": 0.8916072741279232, "(2, 6)": 0.7392632065080549, "(2, 7)": 0.7600636909929849, "(2, 8)": 0.7765798633251667, "(2, 9)": 0.7606042466294392, "(2, 10)": 0.9943122998331431, "(2, 11)": 0.8003494140063655, "(2, 12)": 0.7606042466294392, "(2, 13)": 0.7585981152257382, "(3, 0)": 0.8065346918758441, "(3, 1)": 0.8330424199546623, "(3, 2)": 0.7737627410130541, "(3, 4)": 0.9999400036613885, "(3, 5)": 0.7980030832320297, "(3, 6)": 0.7555217926852245, "(3, 7)": 0.7640227602633606, "(3, 8)": 0.8722409457382899, "(3, 9)": 0.9950881463521727, "(3, 10)": 0.7738283610829781, "(3, 11)": 0.8882968301717342, "(3, 12)": 0.9950881463521727, "(3, 13)": 0.8049916880954752, "(4, 0)": 0.8065346918758441, "(4, 1)": 0.8330424199546623, "(4, 2)": 0.7737627410130541, "(4, 3)": 0.9999400036613885, "(4, 5)": 0.7980030832320297, "(4, 6)": 0.7555217926852245, "(4, 7)": 0.7640227602633606, "(4, 8)": 0.8722409457382899, "(4, 9)": 0.9950881463521727, "(4, 10)": 0.7738283610829781, "(4, 11)": 0.8882968301717342, "(4, 12)": 0.9950881463521727, "(4, 13)": 0.8049916880954752, "(5, 0)": 0.9625560468280465, "(5, 1)": 0.9088992323648275, "(5, 2)": 0.8633969607764693, "(5, 3)": 0.752068205684883, "(5, 4)": 0.7501266988714412, "(5, 6)": 0.6732741521896748, "(5, 7)": 0.7043893576784305, "(5, 8)": 0.7879481100719261, "(5, 9)": 0.7527514334394891, "(5, 10)": 0.8604550325476645, "(5, 11)": 0.8379874635647963, "(5, 12)": 0.7529673640701895, "(5, 13)": 0.7303896864524821, "(6, 0)": 0.7487993743478905, "(6, 1)": 0.7540132132365931, "(6, 2)": 0.7436144085110535, "(6, 3)": 0.7803972486984838, "(6, 4)": 0.7803440599529068, "(6, 5)": 0.7461762740813367, "(6, 7)": 0.7451144934923764, "(6, 8)": 0.7685279149138805, "(6, 9)": 0.7806138900077537, "(6, 10)": 0.7439429497115178, "(6, 11)": 0.7666693993237894, "(6, 12)": 0.7805878955799812, "(6, 13)": 0.756029247186871, "(7, 0)": 0.7664672110166513, "(7, 1)": 0.7612532947490978, "(7, 2)": 0.7608664515450636, "(7, 3)": 0.7575964188283915, "(7, 4)": 0.7578309585884093, "(7, 5)": 0.7612154486061199, "(7, 6)": 0.7475864676798787, "(7, 8)": 0.8078819685493206, "(7, 9)": 0.7585603804457715, "(7, 10)": 0.7603427755325691, "(7, 11)": 0.7624211609490927, "(7, 12)": 0.758615102904237, "(7, 13)": 0.7882421079854421, "(8, 0)": 0.844795687048681, "(8, 1)": 0.8524165691351677, "(8, 2)": 0.7840502828222604, "(8, 3)": 0.8745715827388985, "(8, 4)": 0.87457423953618, "(8, 5)": 0.8301714604015664, "(8, 6)": 0.7538986371886676, "(8, 7)": 0.8150074285349586, "(8, 9)": 0.8762950286335374, "(8, 10)": 0.7831571581884476, "(8, 11)": 0.8756265295242736, "(8, 12)": 0.8762941742326245, "(8, 13)": 0.8141577326249104, "(9, 0)": 0.8097455502512585, "(9, 1)": 0.8361280303307401, "(9, 2)": 0.7771539536094457, "(9, 3)": 0.9950818518322705, "(9, 4)": 0.9950818518322705, "(9, 5)": 0.8016454231751877, "(9, 6)": 0.7593875751441769, "(9, 7)": 0.766822889590937, "(9, 8)": 0.8739988528845722, "(9, 10)": 0.777390015636021, "(9, 11)": 0.8910353553917778, "(9, 12)": 0.9999400059359023, "(9, 13)": 0.8065988114715141, "(10, 0)": 0.8739993489775185, "(10, 1)": 0.8382985682256593, "(10, 2)": 0.9942647669913801, "(10, 3)": 0.7593092562758088, "(10, 4)": 0.7595450248345693, "(10, 5)": 0.8888092874442346, "(10, 6)": 0.7392844009171502, "(10, 7)": 0.7602148335941883, "(10, 8)": 0.7742300239194507, "(10, 9)": 0.7595617311156151, "(10, 11)": 0.798843405255527, "(10, 12)": 0.7599234475020731, "(10, 13)": 0.7575846637057685, "(11, 0)": 0.8873739975398176, "(11, 1)": 0.9282361011746187, "(11, 2)": 0.7937744281323856, "(11, 3)": 0.8907499853850869, "(11, 4)": 0.8907343182011176, "(11, 5)": 0.8739212449768178, "(11, 6)": 0.747140655488564, "(11, 7)": 0.7660788790004984, "(11, 8)": 0.8774986531484752, "(11, 9)": 0.8919373465457988, "(11, 10)": 0.7922367177391897, "(11, 12)": 0.8920373882526834, "(11, 13)": 0.813954280800075, "(12, 0)": 0.8097455502512585, "(12, 1)": 0.8361280303307401, "(12, 2)": 0.7771539536094457, "(12, 3)": 0.9950818518322705, "(12, 4)": 0.9950818518322705, "(12, 5)": 0.8016454231751877, "(12, 6)": 0.7593875751441769, "(12, 7)": 0.766822889590937, "(12, 8)": 0.8739988528845722, "(12, 9)": 0.9999400059359023, "(12, 10)": 0.777390015636021, "(12, 11)": 0.8910353553917778, "(12, 13)": 0.8065988114715141, "(13, 0)": 0.7910083390578069, "(13, 1)": 0.8007514269210715, "(13, 2)": 0.7557870522517811, "(13, 3)": 0.8014905367157403, "(13, 4)": 0.8014317415758998, "(13, 5)": 0.7843037017998804, "(13, 6)": 0.743914149303949, "(13, 7)": 0.7918295200801597, "(13, 8)": 0.8075215719042868, "(13, 9)": 0.8047712034174412, "(13, 10)": 0.7541653458546692, "(13, 11)": 0.8119600091625762, "(13, 12)": 0.8046184624542527}