{"(0, 1)": 0.9435056015660469, "(0, 2)": 0.8737612653790324, "(0, 3)": 0.8150409178380813, "(0, 4)": 0.8149786187409609, "(0, 5)": 0.970038872431876, "(0, 6)": 0.7396888782793507, "(0, 7)": 0.7664020214212153, "(0, 8)": 0.8502193205864619, "(0, 9)": 0.8157904598297798, "(0, 10)": 0.8726797617062618, "(0, 11)": 0.8874336181556626, "(0, 12)": 0.8161417460159325, "(0, 13)": 0.7881427004682686, "(1, 0)": 0.9450136111534512, "(1, 2)": 0.8257132419912386, "(1, 3)": 0.8401617771539488, "(1, 4)": 0.8401617771539488, "(1, 5)": 0.9292278263823384, "(1, 6)": 0.744280303411623, "(1, 7)": 0.7687954797361727, "(1, 8)": 0.8650889895855738, "(1, 9)": 0.8413303460453818, "(1, 10)": 0.8236567050020418, "(1, 11)": 0.9277293562503925, "(1, 12)": 0.8413303460453818, "(1, 13)": 0.8014762017226968, "(2, 0)": 0.8769989453214927, "(2, 1)": 0.8404169579169476, "(2, 3)": 0.7610895313324246, "(2, 4)": 0.7610895313324246, "(2, 5)": 0.891501233991085, "(2, 6)": 0.7393200216421039, "(2, 7)": 0.7591797196638188, "(2, 8)": 0.7772243342661895, "(2, 9)": 0.7612932652962989, "(2, 10)": 0.9943004738242432, "(2, 11)": 0.8007544776355799, "(2, 12)": 0.7612932652962989, "(2, 13)": 0.7587489917028812, "(3, 0)": 0.8066136287627599, "(3, 1)": 0.8335676579014928, "(3, 2)": 0.7735109374837286, "(3, 4)": 0.9999400012990808, "(3, 5)": 0.7983116120631115, "(3, 6)": 0.7562403112740613, "(3, 7)": 0.7624299434347034, "(3, 8)": 0.872705138389958, "(3, 9)": 0.9951165318514933, "(3, 10)": 0.7735705081842256, "(3, 11)": 0.8887255962387696, "(3, 12)": 0.9951165318514933, "(3, 13)": 0.8059481965434263, "(4, 0)": 0.8066136287627599, "(4, 1)": 0.8335676579014928, "(4, 2)": 0.7735109374837286, "(4, 3)": 0.9999400012990808, "(4, 5)": 0.7983116120631115, "(4, 6)": 0.7562403112740613, "(4, 7)": 0.7624299434347034, "(4, 8)": 0.872705138389958, "(4, 9)": 0.9951165318514933, "(4, 10)": 0.7735705081842256, "(4, 11)": 0.8887255962387696, "(4, 12)": 0.9951165318514933, "(4, 13)": 0.8059481965434263, "(5, 0)": 0.9616379742751577, "(5, 1)": 0.9096946664608224, "(5, 2)": 0.8617837205712355, "(5, 3)": 0.7529386707926082, "(5, 4)": 0.7527261823435079, "(5, 6)": 0.6767363531208378, "(5, 7)": 0.7063262042757795, "(5, 8)": 0.7851967288694996, "(5, 9)": 0.7549590355270657, "(5, 10)": 0.8590757200079874, "(5, 11)": 0.8369372163721553, "(5, 12)": 0.7547713696139282, "(5, 13)": 0.7282780932361508, "(6, 0)": 0.7488555919282007, "(6, 1)": 0.7545858940361845, "(6, 2)": 0.743078625709304, "(6, 3)": 0.7812813159880768, "(6, 4)": 0.7813139031342631, "(6, 5)": 0.7462195121565802, "(6, 7)": 0.7447414893509299, "(6, 8)": 0.7705944335199004, "(6, 9)": 0.7815889111614134, "(6, 10)": 0.7437814818250958, "(6, 11)": 0.7674637846665782, "(6, 12)": 0.7815883471604722, "(6, 13)": 0.7570609299440668, "(7, 0)": 0.766626649968861, "(7, 1)": 0.7613811196799387, "(7, 2)": 0.7608995267557909, "(7, 3)": 0.7588753933888119, "(7, 4)": 0.7588133942911961, "(7, 5)": 0.7610793622355323, "(7, 6)": 0.7476281747954976, "(7, 8)": 0.8080769177360183, "(7, 9)": 0.7599877435179182, "(7, 10)": 0.7603123145325352, "(7, 11)": 0.7626203203568203, "(7, 12)": 0.7598042512117448, "(7, 13)": 0.7873435615930849, "(8, 0)": 0.8446928969623683, "(8, 1)": 0.8523177992887048, "(8, 2)": 0.7837969375697463, "(8, 3)": 0.8747892883707034, "(8, 4)": 0.8748544242631391, "(8, 5)": 0.8302093045771537, "(8, 6)": 0.7548027375904695, "(8, 7)": 0.813792939577505, "(8, 9)": 0.8765097331453598, "(8, 10)": 0.782929329820614, "(8, 11)": 0.8758831423084358, "(8, 12)": 0.8765029075339706, "(8, 13)": 0.8151378706079992, "(9, 0)": 0.8098151892452649, "(9, 1)": 0.836530463550924, "(9, 2)": 0.7769949734419733, "(9, 3)": 0.9950856925153985, "(9, 4)": 0.9950856925153985, "(9, 5)": 0.8018735540749246, "(9, 6)": 0.7588187197285906, "(9, 7)": 0.766495856649245, "(9, 8)": 0.8749947974393674, "(9, 10)": 0.7772366268378849, "(9, 11)": 0.8913553684646699, "(9, 12)": 0.9999400022998884, "(9, 13)": 0.8073031358709002, "(10, 0)": 0.8735538757588982, "(10, 1)": 0.8377819536959632, "(10, 2)": 0.9942404326565035, "(10, 3)": 0.759493874767463, "(10, 4)": 0.7595451890827235, "(10, 5)": 0.8882705969101233, "(10, 6)": 0.7397095879151292, "(10, 7)": 0.7596236333964217, "(10, 8)": 0.7746606211560364, "(10, 9)": 0.7599835375109001, "(10, 11)": 0.7986244388607007, "(10, 12)": 0.7595279615507305, "(10, 13)": 0.7571407923515804, "(11, 0)": 0.887721916455289, "(11, 1)": 0.928590866971595, "(11, 2)": 0.7937850397173194, "(11, 3)": 0.8917620747421511, "(11, 4)": 0.8918095538637449, "(11, 5)": 0.8743209449799102, "(11, 6)": 0.747527089020859, "(11, 7)": 0.7661231125379016, "(11, 8)": 0.8779603528251039, "(11, 9)": 0.8930409439291749, "(11, 10)": 0.7920853324642596, "(11, 12)": 0.893068498375152, "(11, 13)": 0.8144206089405187, "(12, 0)": 0.8098151892452649, "(12, 1)": 0.836530463550924, "(12, 2)": 0.7769949734419733, "(12, 3)": 0.9950856925153985, "(12, 4)": 0.9950856925153985, "(12, 5)": 0.8018735540749246, "(12, 6)": 0.7588187197285906, "(12, 7)": 0.766495856649245, "(12, 8)": 0.8749947974393674, "(12, 9)": 0.9999400022998884, "(12, 10)": 0.7772366268378849, "(12, 11)": 0.8913553684646699, "(12, 13)": 0.8073031358709002, "(13, 0)": 0.790247951138599, "(13, 1)": 0.8001716849791, "(13, 2)": 0.7545693419640107, "(13, 3)": 0.8012421526251124, "(13, 4)": 0.8011705895432903, "(13, 5)": 0.7835432511248851, "(13, 6)": 0.742753215573384, "(13, 7)": 0.7907995059090643, "(13, 8)": 0.8078183905013785, "(13, 9)": 0.8044795013564261, "(13, 10)": 0.752963708041944, "(13, 11)": 0.8117620727755762, "(13, 12)": 0.8045860495342114}