{"(0, 1)": 0.08279070617235895, "(0, 2)": 0.07905719600792693, "(0, 3)": 0.06781260958336288, "(0, 4)": 0.09758469200484998, "(1, 0)": 0.19313931139624463, "(1, 2)": 0.22716736938525595, "(1, 3)": 0.21374089606415103, "(1, 4)": 0.24329212955018487, "(2, 0)": 0.17568182877080696, "(2, 1)": 0.2094564681901412, "(2, 3)": 0.3484092698612743, "(2, 4)": 0.3454456445582311, "(3, 0)": 0.15092124317671407, "(3, 1)": 0.1331994085456789, "(3, 2)": 0.32099444530623744, "(3, 4)": 0.26319055986562745, "(4, 0)": 0.30951387159897703, "(4, 1)": 0.29171937817839355, "(4, 2)": 0.4211520142104753, "(4, 3)": 0.3786414463797747}