{"(0, 1)": 0.08140262590666414, "(0, 2)": 0.07919569885311672, "(0, 3)": 0.06781625783823664, "(0, 4)": 0.10417481966654496, "(1, 0)": 0.20381036986688605, "(1, 2)": 0.2311758915050065, "(1, 3)": 0.21482465991935173, "(1, 4)": 0.24578517213561324, "(2, 0)": 0.17512832817829327, "(2, 1)": 0.20431622987102416, "(2, 3)": 0.3474571447000351, "(2, 4)": 0.34280969160947494, "(3, 0)": 0.14857567578026232, "(3, 1)": 0.12620477301342747, "(3, 2)": 0.3197374040587, "(3, 4)": 0.25723025200160576, "(4, 0)": 0.3047518471838342, "(4, 1)": 0.28537081834020483, "(4, 2)": 0.41716790236932666, "(4, 3)": 0.37830482223962036}