{"(0, 1)": 0.08129295703614492, "(0, 2)": 0.07993861928235901, "(0, 3)": 0.06543777575732257, "(0, 4)": 0.10162076039795065, "(1, 0)": 0.1926766119947525, "(1, 2)": 0.23213960125346889, "(1, 3)": 0.21558619294045356, "(1, 4)": 0.2466138577164415, "(2, 0)": 0.17657628569609884, "(2, 1)": 0.20523070111095487, "(2, 3)": 0.34842716932270534, "(2, 4)": 0.34150351024330605, "(3, 0)": 0.14665251227963738, "(3, 1)": 0.1268749748509873, "(3, 2)": 0.3258939856851616, "(3, 4)": 0.2588969455872556, "(4, 0)": 0.3098820306294483, "(4, 1)": 0.2878166466531388, "(4, 2)": 0.42050123500346503, "(4, 3)": 0.3829546314201673}