{"(0, 1)": 0.07451967033637508, "(0, 2)": 0.07255725383020883, "(0, 3)": 0.06997435947570141, "(0, 4)": 0.09858888835905866, "(1, 0)": 0.19739298042935094, "(1, 2)": 0.22742715900289767, "(1, 3)": 0.21023435299006776, "(1, 4)": 0.24171820686083223, "(2, 0)": 0.17664073518338597, "(2, 1)": 0.2042644296903855, "(2, 3)": 0.351104494765746, "(2, 4)": 0.34234987218986734, "(3, 0)": 0.15098109492994616, "(3, 1)": 0.12957787356663386, "(3, 2)": 0.3262898939673802, "(3, 4)": 0.2637948112638939, "(4, 0)": 0.3093490112838162, "(4, 1)": 0.28801745384592736, "(4, 2)": 0.4223440581579463, "(4, 3)": 0.3836843160572351}