{"(0, 1)": 0.07690356230289608, "(0, 2)": 0.07614646728502306, "(0, 3)": 0.07363821319912922, "(0, 4)": 0.10167588831012853, "(1, 0)": 0.20062291685925993, "(1, 2)": 0.22806397504036968, "(1, 3)": 0.2134055417012516, "(1, 4)": 0.24881571899798194, "(2, 0)": 0.18056935385607065, "(2, 1)": 0.20385341475992813, "(2, 3)": 0.3518656247466352, "(2, 4)": 0.3434432884372516, "(3, 0)": 0.14807137571350226, "(3, 1)": 0.12508058248547704, "(3, 2)": 0.3184577991679186, "(3, 4)": 0.2586536757096811, "(4, 0)": 0.3045452468954085, "(4, 1)": 0.28004049504715667, "(4, 2)": 0.4183258116316413, "(4, 3)": 0.37875767357898604}