{"(0, 1)": 0.2169175541947781, "(0, 2)": 0.3941638959197693, "(0, 3)": 0.21462595913457438, "(0, 4)": 0.12218521779672975, "(0, 5)": 0.0917484361879839, "(0, 6)": 0.12302957280927962, "(0, 7)": 0.09536829640920796, "(0, 8)": 0.1286118489873469, "(0, 9)": 0.22764213794822696, "(0, 10)": 0.287633900475585, "(0, 11)": 0.4257928546341816, "(0, 12)": 0.3564454959950082, "(0, 13)": 0.6218933210401254, "(1, 0)": 0.1999165700781197, "(1, 2)": 0.17376746893424255, "(1, 3)": 0.3277549739529215, "(1, 4)": 0.16147173302132678, "(1, 5)": 0.08730990715573494, "(1, 6)": 0.06745761322391453, "(1, 7)": 0.047828913056149, "(1, 8)": 0.05247897746589891, "(1, 9)": 0.04702995957831069, "(1, 10)": 0.0774125830366067, "(1, 11)": 0.10500468716206912, "(1, 12)": 0.11010009004063859, "(1, 13)": 0.12877699190750214, "(2, 0)": 0.39323318887097236, "(2, 1)": 0.16660548752282656, "(2, 3)": 0.2904790552733608, "(2, 4)": 0.1327994834908044, "(2, 5)": 0.1108817898281873, "(2, 6)": 0.09198467033739943, "(2, 7)": 0.11443342256512412, "(2, 8)": 0.11975545769014007, "(2, 9)": 0.1706340235984951, "(2, 10)": 0.23452003049783987, "(2, 11)": 0.39851613481011994, "(2, 12)": 0.23645970931276616, "(2, 13)": 0.3376969880212226, "(3, 0)": 0.2128467703153819, "(3, 1)": 0.32591042598287623, "(3, 2)": 0.2854513663049071, "(3, 4)": 0.1750889415176915, "(3, 5)": 0.09272004224476693, "(3, 6)": 0.08010954197017484, "(3, 7)": 0.06906000707710969, "(3, 8)": 0.06733251138687857, "(3, 9)": 0.07020132006749558, "(3, 10)": 0.09790626981600226, "(3, 11)": 0.16489511038595317, "(3, 12)": 0.12863382273688473, "(3, 13)": 0.1414765873843311, "(4, 0)": 0.11200041397684923, "(4, 1)": 0.16005178071641202, "(4, 2)": 0.1412485790376793, "(4, 3)": 0.18697537100605843, "(4, 5)": 0.3186514261784613, "(4, 6)": 0.18543960544196547, "(4, 7)": 0.14433333186660446, "(4, 8)": 0.12878121270177156, "(4, 9)": 0.1428999392456296, "(4, 10)": 0.1498333016928033, "(4, 11)": 0.11275079104568653, "(4, 12)": 0.13685723949269957, "(4, 13)": 0.09870126496645892, "(5, 0)": 0.09954575211507477, "(5, 1)": 0.10238585024385027, "(5, 2)": 0.13004956231398546, "(5, 3)": 0.135294602055532, "(5, 4)": 0.3296911463307166, "(5, 6)": 0.2549635958742711, "(5, 7)": 0.20403443152454925, "(5, 8)": 0.2152189938725303, "(5, 9)": 0.16938251096321066, "(5, 10)": 0.13236595337016488, "(5, 11)": 0.12341898623801795, "(5, 12)": 0.11035955620661042, "(5, 13)": 0.09228817776780485, "(6, 0)": 0.1106887343002404, "(6, 1)": 0.07912934292671736, "(6, 2)": 0.09219244100908275, "(6, 3)": 0.07315950585045039, "(6, 4)": 0.16485979275150398, "(6, 5)": 0.22556120315018768, "(6, 7)": 0.17587968479372607, "(6, 8)": 0.19069769528392122, "(6, 9)": 0.128119176877318, "(6, 10)": 0.12511640499029686, "(6, 11)": 0.1669135817066496, "(6, 12)": 0.10674428791235735, "(6, 13)": 0.11513191840385151, "(7, 0)": 0.08025905006370848, "(7, 1)": 0.08034790313765483, "(7, 2)": 0.12131817976034642, "(7, 3)": 0.10332069617098127, "(7, 4)": 0.13249513375799937, "(7, 5)": 0.19924957130128718, "(7, 6)": 0.18206863806118956, "(7, 8)": 0.4347639155981794, "(7, 9)": 0.24382523398064715, "(7, 10)": 0.1734269345601589, "(7, 11)": 0.1692264926760022, "(7, 12)": 0.11340040800690965, "(7, 13)": 0.1009245636974061, "(8, 0)": 0.10251271194482214, "(8, 1)": 0.06086076661886841, "(8, 2)": 0.11120178888525956, "(8, 3)": 0.0668599018565127, "(8, 4)": 0.12169347777119455, "(8, 5)": 0.2005737104563209, "(8, 6)": 0.18710402927349046, "(8, 7)": 0.4359937701265162, "(8, 9)": 0.3604953690479392, "(8, 10)": 0.2265769863713033, "(8, 11)": 0.20585040448341152, "(8, 12)": 0.17601071888868014, "(8, 13)": 0.12424563553135637, "(9, 0)": 0.2123396279673595, "(9, 1)": 0.07416381013213269, "(9, 2)": 0.16874070861400203, "(9, 3)": 0.08240672076494338, "(9, 4)": 0.14497222695295453, "(9, 5)": 0.16406686856313013, "(9, 6)": 0.14560908174943343, "(9, 7)": 0.23597714710403273, "(9, 8)": 0.3622274488999023, "(9, 10)": 0.35334856552438254, "(9, 11)": 0.29736709207666134, "(9, 12)": 0.31151160967774594, "(9, 13)": 0.25978162929016535, "(10, 0)": 0.26779960555153115, "(10, 1)": 0.0810316326737689, "(10, 2)": 0.22149910807182227, "(10, 3)": 0.10549598082686784, "(10, 4)": 0.15015106914302656, "(10, 5)": 0.12332599296096836, "(10, 6)": 0.13441735331724736, "(10, 7)": 0.17498913483096268, "(10, 8)": 0.23177344693109647, "(10, 9)": 0.34032164453413716, "(10, 11)": 0.3985485640596895, "(10, 12)": 0.41774997374406087, "(10, 13)": 0.33322110922381865, "(11, 0)": 0.423231738030895, "(11, 1)": 0.09942098510595454, "(11, 2)": 0.39830797511893046, "(11, 3)": 0.15165539310951204, "(11, 4)": 0.09255400919237955, "(11, 5)": 0.09394077103401743, "(11, 6)": 0.16217935625320223, "(11, 7)": 0.15149906709940286, "(11, 8)": 0.20521563155540312, "(11, 9)": 0.2917445651745818, "(11, 10)": 0.3948975289749247, "(11, 12)": 0.40386131489418997, "(11, 13)": 0.47681543491977596, "(12, 0)": 0.3457010414073457, "(12, 1)": 0.11670754990186105, "(12, 2)": 0.23578631389274074, "(12, 3)": 0.13824488545189495, "(12, 4)": 0.14052723859336602, "(12, 5)": 0.11232746311251518, "(12, 6)": 0.11867645970225316, "(12, 7)": 0.12217122620518894, "(12, 8)": 0.18090594209448574, "(12, 9)": 0.30908097156145253, "(12, 10)": 0.42867076151133887, "(12, 11)": 0.4059564018001074, "(12, 13)": 0.41650040023912505, "(13, 0)": 0.621665776605612, "(13, 1)": 0.15224251218483076, "(13, 2)": 0.33938147230166127, "(13, 3)": 0.15721565342387267, "(13, 4)": 0.09766197154228917, "(13, 5)": 0.09213733578763439, "(13, 6)": 0.13063394937192652, "(13, 7)": 0.11365025314946353, "(13, 8)": 0.14097508175588436, "(13, 9)": 0.2699049999858838, "(13, 10)": 0.34694386709693104, "(13, 11)": 0.4823730622683563, "(13, 12)": 0.4169393592171041}