{"(0, 1)": 0.20732466854547194, "(0, 2)": 0.3846085873763623, "(0, 3)": 0.21837719061860505, "(0, 4)": 0.11547619914691365, "(0, 5)": 0.08725680097431587, "(0, 6)": 0.1176556569335312, "(0, 7)": 0.09489844453596274, "(0, 8)": 0.12423149374252285, "(0, 9)": 0.2231665548997731, "(0, 10)": 0.28332816416197537, "(0, 11)": 0.42327556810585, "(0, 12)": 0.3594757143153121, "(0, 13)": 0.6214419553452863, "(1, 0)": 0.19697998930198068, "(1, 2)": 0.17891014534269234, "(1, 3)": 0.32490919122514605, "(1, 4)": 0.16529217515610928, "(1, 5)": 0.09308424971856555, "(1, 6)": 0.06617526065359647, "(1, 7)": 0.05065687684068232, "(1, 8)": 0.05705826849783213, "(1, 9)": 0.05134324279674296, "(1, 10)": 0.07291632329637432, "(1, 11)": 0.11069965234271595, "(1, 12)": 0.10195863154234741, "(1, 13)": 0.12887186358744174, "(2, 0)": 0.3881856414981849, "(2, 1)": 0.17371450752218476, "(2, 3)": 0.289655808172826, "(2, 4)": 0.13559545519403093, "(2, 5)": 0.11013408998982721, "(2, 6)": 0.09078983321155432, "(2, 7)": 0.10265545077653682, "(2, 8)": 0.11623441673785839, "(2, 9)": 0.1660709514033113, "(2, 10)": 0.22621962565541376, "(2, 11)": 0.39734796819157736, "(2, 12)": 0.23518751237912616, "(2, 13)": 0.3362031097891066, "(3, 0)": 0.20860754516396174, "(3, 1)": 0.31887480291456527, "(3, 2)": 0.2863733031922956, "(3, 4)": 0.1739075086473295, "(3, 5)": 0.09214483682509078, "(3, 6)": 0.07479793839929194, "(3, 7)": 0.06493416714761047, "(3, 8)": 0.06279560715205479, "(3, 9)": 0.06756709282602702, "(3, 10)": 0.09120195811288956, "(3, 11)": 0.1604964190350262, "(3, 12)": 0.12023334085404869, "(3, 13)": 0.13933875254410033, "(4, 0)": 0.1166994050024871, "(4, 1)": 0.16527308740694135, "(4, 2)": 0.14507409081009914, "(4, 3)": 0.18227447165023336, "(4, 5)": 0.3202640357321396, "(4, 6)": 0.18138149012274285, "(4, 7)": 0.13138973130486375, "(4, 8)": 0.13101309954284068, "(4, 9)": 0.13246866823163528, "(4, 10)": 0.14877530069469425, "(4, 11)": 0.11213852213294873, "(4, 12)": 0.1290686083717114, "(4, 13)": 0.09778615313989436, "(5, 0)": 0.09870364192762571, "(5, 1)": 0.10298414349097607, "(5, 2)": 0.12961344481029835, "(5, 3)": 0.13134987209028604, "(5, 4)": 0.32870448680582653, "(5, 6)": 0.2655053060421836, "(5, 7)": 0.1999833696073644, "(5, 8)": 0.21154647770200852, "(5, 9)": 0.16432858414962837, "(5, 10)": 0.12222578043353471, "(5, 11)": 0.12329570739879236, "(5, 12)": 0.1076505952039144, "(5, 13)": 0.09156132643674442, "(6, 0)": 0.10951945899660342, "(6, 1)": 0.0773765907064069, "(6, 2)": 0.0890818183762776, "(6, 3)": 0.07470423667618353, "(6, 4)": 0.1681348524840265, "(6, 5)": 0.23329360083739237, "(6, 7)": 0.17335518101967795, "(6, 8)": 0.19142118872487068, "(6, 9)": 0.12919969998546188, "(6, 10)": 0.11977041621820872, "(6, 11)": 0.165385782073044, "(6, 12)": 0.10638272087312772, "(6, 13)": 0.11372038064759737, "(7, 0)": 0.07704483360843994, "(7, 1)": 0.0840691934230362, "(7, 2)": 0.11579105387964972, "(7, 3)": 0.10496567768478449, "(7, 4)": 0.13271731587895552, "(7, 5)": 0.19146479937591976, "(7, 6)": 0.17945024153972267, "(7, 8)": 0.4349176556921469, "(7, 9)": 0.24429056481231404, "(7, 10)": 0.17152291703157652, "(7, 11)": 0.16856324330951866, "(7, 12)": 0.10863576472583658, "(7, 13)": 0.09529120050148288, "(8, 0)": 0.10667774201831548, "(8, 1)": 0.06327560531878318, "(8, 2)": 0.11131629041471314, "(8, 3)": 0.06742687326541352, "(8, 4)": 0.12074075218368985, "(8, 5)": 0.20194202998609168, "(8, 6)": 0.19002979645225604, "(8, 7)": 0.4359630343631592, "(8, 9)": 0.3610861024033929, "(8, 10)": 0.23036473482074393, "(8, 11)": 0.20744269127475923, "(8, 12)": 0.1724695927352573, "(8, 13)": 0.12587761898853778, "(9, 0)": 0.20570334872916574, "(9, 1)": 0.06850634815278889, "(9, 2)": 0.1621049590731276, "(9, 3)": 0.08264267130983294, "(9, 4)": 0.1399695576490112, "(9, 5)": 0.1603671115921077, "(9, 6)": 0.14447731541746622, "(9, 7)": 0.23916538306520052, "(9, 8)": 0.3598663983260397, "(9, 10)": 0.3529270373312857, "(9, 11)": 0.29817238661127365, "(9, 12)": 0.30508666310469235, "(9, 13)": 0.26644915617172416, "(10, 0)": 0.2616852663789896, "(10, 1)": 0.08526863257994977, "(10, 2)": 0.2238893877608571, "(10, 3)": 0.10125384560184669, "(10, 4)": 0.1470119859716439, "(10, 5)": 0.11486993755830788, "(10, 6)": 0.13404743172301148, "(10, 7)": 0.1731798095871403, "(10, 8)": 0.22857943377342926, "(10, 9)": 0.345416142110332, "(10, 11)": 0.39414374877676395, "(10, 12)": 0.4154620457743582, "(10, 13)": 0.33400507327615714, "(11, 0)": 0.4207398032453038, "(11, 1)": 0.10690780084796803, "(11, 2)": 0.39521151021826906, "(11, 3)": 0.1545857657861054, "(11, 4)": 0.09272271552818268, "(11, 5)": 0.09312408309018005, "(11, 6)": 0.15714791699292208, "(11, 7)": 0.1514823052350901, "(11, 8)": 0.20429318433376542, "(11, 9)": 0.28854831064504305, "(11, 10)": 0.39112105920799667, "(11, 12)": 0.40385190440080077, "(11, 13)": 0.47489960148438504, "(12, 0)": 0.3451827798350092, "(12, 1)": 0.12678820313581918, "(12, 2)": 0.2409297163456764, "(12, 3)": 0.13413622346191534, "(12, 4)": 0.1426063176179021, "(12, 5)": 0.10790159101696228, "(12, 6)": 0.11206461916594601, "(12, 7)": 0.11646118176530429, "(12, 8)": 0.1801623023426956, "(12, 9)": 0.30217428889928966, "(12, 10)": 0.42118194032226697, "(12, 11)": 0.4009155541697098, "(12, 13)": 0.4172402451528068, "(13, 0)": 0.6179560628370406, "(13, 1)": 0.1519228948762934, "(13, 2)": 0.3282255251471786, "(13, 3)": 0.16198044182396565, "(13, 4)": 0.09953947764458104, "(13, 5)": 0.08929621119920916, "(13, 6)": 0.12921148485383105, "(13, 7)": 0.10900168443274827, "(13, 8)": 0.13779104953954846, "(13, 9)": 0.2711918093880703, "(13, 10)": 0.3388403889738141, "(13, 11)": 0.4811545899628257, "(13, 12)": 0.41809626382707277}