{"(0, 1)": 0.2161678983402765, "(0, 2)": 0.3895075972927501, "(0, 3)": 0.21898014090369733, "(0, 4)": 0.1260939267635326, "(0, 5)": 0.09273726758881151, "(0, 6)": 0.1224912790688849, "(0, 7)": 0.0936151148652663, "(0, 8)": 0.1280537651312712, "(0, 9)": 0.2290447872289868, "(0, 10)": 0.2800441998780715, "(0, 11)": 0.4309743175447066, "(0, 12)": 0.3589904413436299, "(0, 13)": 0.6237000325105868, "(1, 0)": 0.2044396839165703, "(1, 2)": 0.18434536497523668, "(1, 3)": 0.3286886304942853, "(1, 4)": 0.16996037548676168, "(1, 5)": 0.09096476675325793, "(1, 6)": 0.06262130689250689, "(1, 7)": 0.044312378740656855, "(1, 8)": 0.05318844175071902, "(1, 9)": 0.055225524739492715, "(1, 10)": 0.07813977662336524, "(1, 11)": 0.10863561184513892, "(1, 12)": 0.11337278788742333, "(1, 13)": 0.1344691107469883, "(2, 0)": 0.39226578091316544, "(2, 1)": 0.17564089852260045, "(2, 3)": 0.29023350620648747, "(2, 4)": 0.1324591398896403, "(2, 5)": 0.10751635702195761, "(2, 6)": 0.09140500667247398, "(2, 7)": 0.10524773375958318, "(2, 8)": 0.11369354933304299, "(2, 9)": 0.16756256766330646, "(2, 10)": 0.2259392459900701, "(2, 11)": 0.4038844864933171, "(2, 12)": 0.23990944314720797, "(2, 13)": 0.3353320103568824, "(3, 0)": 0.2084095161943108, "(3, 1)": 0.32305787470375014, "(3, 2)": 0.2950475338598748, "(3, 4)": 0.1747839994247109, "(3, 5)": 0.09862631606199102, "(3, 6)": 0.07799160330172017, "(3, 7)": 0.07329499883608648, "(3, 8)": 0.07070660598154443, "(3, 9)": 0.07787388390345962, "(3, 10)": 0.10170893170570461, "(3, 11)": 0.16730132746947035, "(3, 12)": 0.13075162275293373, "(3, 13)": 0.14549811698568893, "(4, 0)": 0.10980309773223629, "(4, 1)": 0.16802542715609492, "(4, 2)": 0.14221740084238088, "(4, 3)": 0.19104291832228715, "(4, 5)": 0.314742152678829, "(4, 6)": 0.18035047518074288, "(4, 7)": 0.13678484788315326, "(4, 8)": 0.12388120153917903, "(4, 9)": 0.13540926696843558, "(4, 10)": 0.1463864944216906, "(4, 11)": 0.11383302094417735, "(4, 12)": 0.12712446616366901, "(4, 13)": 0.10006497154215388, "(5, 0)": 0.10300306534064518, "(5, 1)": 0.1041931429448073, "(5, 2)": 0.13296181503601112, "(5, 3)": 0.12834348095324377, "(5, 4)": 0.32419144463297045, "(5, 6)": 0.2529901137157067, "(5, 7)": 0.20046271889712497, "(5, 8)": 0.2090124834752174, "(5, 9)": 0.1722820141022926, "(5, 10)": 0.1290085644370066, "(5, 11)": 0.1150646670583747, "(5, 12)": 0.10627656297638743, "(5, 13)": 0.09804381247973015, "(6, 0)": 0.11840111883003379, "(6, 1)": 0.07607520225907294, "(6, 2)": 0.08927473559132004, "(6, 3)": 0.07714150880671189, "(6, 4)": 0.16850641753317674, "(6, 5)": 0.2198530632038178, "(6, 7)": 0.16928596027704956, "(6, 8)": 0.18917749431508035, "(6, 9)": 0.1284506801315891, "(6, 10)": 0.11659846505670368, "(6, 11)": 0.1674459314935034, "(6, 12)": 0.10438787888224665, "(6, 13)": 0.11327809855319249, "(7, 0)": 0.08589204098271963, "(7, 1)": 0.08910915968512834, "(7, 2)": 0.10992074870703039, "(7, 3)": 0.10165334993102171, "(7, 4)": 0.12843219571058795, "(7, 5)": 0.19332716321417753, "(7, 6)": 0.18147898507986138, "(7, 8)": 0.43248424176444955, "(7, 9)": 0.24008866069128665, "(7, 10)": 0.1702970915454728, "(7, 11)": 0.1609481753336529, "(7, 12)": 0.11226585533257527, "(7, 13)": 0.09421638459875448, "(8, 0)": 0.10467178220951068, "(8, 1)": 0.058263466797596974, "(8, 2)": 0.1134908109223507, "(8, 3)": 0.06004230731735005, "(8, 4)": 0.11097808227430361, "(8, 5)": 0.19495492198302555, "(8, 6)": 0.18636466280763297, "(8, 7)": 0.43720236800250645, "(8, 9)": 0.3568170644412285, "(8, 10)": 0.22771244372849953, "(8, 11)": 0.20579136340387516, "(8, 12)": 0.17055071462691618, "(8, 13)": 0.124928536999795, "(9, 0)": 0.21136896410029615, "(9, 1)": 0.06903068480653463, "(9, 2)": 0.1704159895618268, "(9, 3)": 0.0828728466711488, "(9, 4)": 0.14004841334261853, "(9, 5)": 0.16479672657149147, "(9, 6)": 0.1446872994570545, "(9, 7)": 0.23720618021570317, "(9, 8)": 0.3581670376010133, "(9, 10)": 0.3476718816116059, "(9, 11)": 0.2936288945027675, "(9, 12)": 0.3026894996053856, "(9, 13)": 0.26342238053863287, "(10, 0)": 0.26558202769631256, "(10, 1)": 0.0860734391816973, "(10, 2)": 0.2214204594047322, "(10, 3)": 0.10667465836780277, "(10, 4)": 0.14497941777223466, "(10, 5)": 0.116157527387448, "(10, 6)": 0.13359673029808838, "(10, 7)": 0.17031687116910288, "(10, 8)": 0.22485046822159804, "(10, 9)": 0.339563752620451, "(10, 11)": 0.39724102513236537, "(10, 12)": 0.41720211896516257, "(10, 13)": 0.3301342246637917, "(11, 0)": 0.4229104511835663, "(11, 1)": 0.10747592878140644, "(11, 2)": 0.3966871213718396, "(11, 3)": 0.15199413328021427, "(11, 4)": 0.09434161360031668, "(11, 5)": 0.08814109465516995, "(11, 6)": 0.15864683163946414, "(11, 7)": 0.14979773011669684, "(11, 8)": 0.2036459709058286, "(11, 9)": 0.28905824299728455, "(11, 10)": 0.3914244386765492, "(11, 12)": 0.40346427590455913, "(11, 13)": 0.4781152195451074, "(12, 0)": 0.35239568399201604, "(12, 1)": 0.12474213663332567, "(12, 2)": 0.23860326601692383, "(12, 3)": 0.14010150236917673, "(12, 4)": 0.1393107670947612, "(12, 5)": 0.10797307485908592, "(12, 6)": 0.11867901860258034, "(12, 7)": 0.11999006350031727, "(12, 8)": 0.17617593968975487, "(12, 9)": 0.30594300722712653, "(12, 10)": 0.42145349704126456, "(12, 11)": 0.4040359392135925, "(12, 13)": 0.417287693877028, "(13, 0)": 0.6234634738192909, "(13, 1)": 0.15380314808196527, "(13, 2)": 0.33441988787824384, "(13, 3)": 0.16444962830005438, "(13, 4)": 0.0971624206827123, "(13, 5)": 0.0894698113964496, "(13, 6)": 0.13002649435369973, "(13, 7)": 0.10652460515041762, "(13, 8)": 0.14486505423914886, "(13, 9)": 0.2704395076075162, "(13, 10)": 0.3396767011733183, "(13, 11)": 0.48375455069369455, "(13, 12)": 0.4202232368988563}