{"(0, 1)": 0.21447509847788182, "(0, 2)": 0.38860609039548233, "(0, 3)": 0.22274761327170667, "(0, 4)": 0.11202792068885092, "(0, 5)": 0.08967333020947532, "(0, 6)": 0.12370742033931814, "(0, 7)": 0.09718923731775198, "(0, 8)": 0.1256658561149816, "(0, 9)": 0.2289705784404802, "(0, 10)": 0.28558704664275447, "(0, 11)": 0.4288251430508164, "(0, 12)": 0.361798287221167, "(0, 13)": 0.6232332952926404, "(1, 0)": 0.19529147031620386, "(1, 2)": 0.17624353574857643, "(1, 3)": 0.3275042193209091, "(1, 4)": 0.16215869173088981, "(1, 5)": 0.08853197939350987, "(1, 6)": 0.06377424148154798, "(1, 7)": 0.051354367778460364, "(1, 8)": 0.05372440492002484, "(1, 9)": 0.05573034760726814, "(1, 10)": 0.07761326776946142, "(1, 11)": 0.10701932371845424, "(1, 12)": 0.10946654493644892, "(1, 13)": 0.13544605173293023, "(2, 0)": 0.3912237968076586, "(2, 1)": 0.1769780125606698, "(2, 3)": 0.2912117624736942, "(2, 4)": 0.1342145117797997, "(2, 5)": 0.11405592527363939, "(2, 6)": 0.09644923768304814, "(2, 7)": 0.10367635561878286, "(2, 8)": 0.11781755109490644, "(2, 9)": 0.17275436115826248, "(2, 10)": 0.23506393269543624, "(2, 11)": 0.3992986111516297, "(2, 12)": 0.24118630684175024, "(2, 13)": 0.3346403552196646, "(3, 0)": 0.20721013772702257, "(3, 1)": 0.32449596713397244, "(3, 2)": 0.29056584617425607, "(3, 4)": 0.17990693108232936, "(3, 5)": 0.09660960005314201, "(3, 6)": 0.08208142404801544, "(3, 7)": 0.06416111332996677, "(3, 8)": 0.06395437799199355, "(3, 9)": 0.07734576644459401, "(3, 10)": 0.09940842441641518, "(3, 11)": 0.1638173404789992, "(3, 12)": 0.1277847079827955, "(3, 13)": 0.1439421507348727, "(4, 0)": 0.11351382390349718, "(4, 1)": 0.17056032260585052, "(4, 2)": 0.14881327714962433, "(4, 3)": 0.1871702871646016, "(4, 5)": 0.3233798175352246, "(4, 6)": 0.18804649667722995, "(4, 7)": 0.1432228045157753, "(4, 8)": 0.13187177976095643, "(4, 9)": 0.14198990736870942, "(4, 10)": 0.14935287293633015, "(4, 11)": 0.11201203202075505, "(4, 12)": 0.12895533695830752, "(4, 13)": 0.10095051776924713, "(5, 0)": 0.09962855860724129, "(5, 1)": 0.10681629611329413, "(5, 2)": 0.13106373568129404, "(5, 3)": 0.1357965143371319, "(5, 4)": 0.3370131532585241, "(5, 6)": 0.2565332608579549, "(5, 7)": 0.19833521679462984, "(5, 8)": 0.2082352088440662, "(5, 9)": 0.16885487257597587, "(5, 10)": 0.13437374933835566, "(5, 11)": 0.11454317789820467, "(5, 12)": 0.10773746217727376, "(5, 13)": 0.09194089168730502, "(6, 0)": 0.11526996411652268, "(6, 1)": 0.08000372612569784, "(6, 2)": 0.09264188945155694, "(6, 3)": 0.07758052957573192, "(6, 4)": 0.17243303718861658, "(6, 5)": 0.22840835615443822, "(6, 7)": 0.17462545380432692, "(6, 8)": 0.19524707672026698, "(6, 9)": 0.13557252211287707, "(6, 10)": 0.12387879712156291, "(6, 11)": 0.16819148605546186, "(6, 12)": 0.10960182372483152, "(6, 13)": 0.116147356321599, "(7, 0)": 0.08632034206700967, "(7, 1)": 0.0867228845916076, "(7, 2)": 0.11869472491269106, "(7, 3)": 0.09892684152187803, "(7, 4)": 0.13026851149281304, "(7, 5)": 0.19530869220550073, "(7, 6)": 0.18374793784586074, "(7, 8)": 0.43793033697535433, "(7, 9)": 0.24383079483596504, "(7, 10)": 0.17248195027754065, "(7, 11)": 0.16520758847908357, "(7, 12)": 0.10753615823125406, "(7, 13)": 0.09810578243197154, "(8, 0)": 0.106441256403495, "(8, 1)": 0.05836543132614769, "(8, 2)": 0.116605038435044, "(8, 3)": 0.07193100611106729, "(8, 4)": 0.12130189430720273, "(8, 5)": 0.2030724277216185, "(8, 6)": 0.1895399647127456, "(8, 7)": 0.43546899736728983, "(8, 9)": 0.36475808601332027, "(8, 10)": 0.22962261996229316, "(8, 11)": 0.21126144310818606, "(8, 12)": 0.1738662744594467, "(8, 13)": 0.12079977048214197, "(9, 0)": 0.21757627721374695, "(9, 1)": 0.07278401027498127, "(9, 2)": 0.17136259994165215, "(9, 3)": 0.08474126849629926, "(9, 4)": 0.1383944819857107, "(9, 5)": 0.1613998053067388, "(9, 6)": 0.14739459600827842, "(9, 7)": 0.24532530541980968, "(9, 8)": 0.3590646335405282, "(9, 10)": 0.3558583553163951, "(9, 11)": 0.30344678243511736, "(9, 12)": 0.31006394418032945, "(9, 13)": 0.2683343094440549, "(10, 0)": 0.27151998006547573, "(10, 1)": 0.0847436178334211, "(10, 2)": 0.22596884262716121, "(10, 3)": 0.11080835965563973, "(10, 4)": 0.14413225506672178, "(10, 5)": 0.11737049615047035, "(10, 6)": 0.13556842940639569, "(10, 7)": 0.17245503005856533, "(10, 8)": 0.2310533070701568, "(10, 9)": 0.34609783683510054, "(10, 11)": 0.40137079093320394, "(10, 12)": 0.41754137655760937, "(10, 13)": 0.3375069892587005, "(11, 0)": 0.4249952257114391, "(11, 1)": 0.10492037908335883, "(11, 2)": 0.39556223222606957, "(11, 3)": 0.15049749626578135, "(11, 4)": 0.09592055111120057, "(11, 5)": 0.08978496278992776, "(11, 6)": 0.16253313550660264, "(11, 7)": 0.1534132616517636, "(11, 8)": 0.21146347463415704, "(11, 9)": 0.29383440102806213, "(11, 10)": 0.3969763712350548, "(11, 12)": 0.4049608359821979, "(11, 13)": 0.47742606900961926, "(12, 0)": 0.3517355469960002, "(12, 1)": 0.12782986508330518, "(12, 2)": 0.23915133208016215, "(12, 3)": 0.13946424353217723, "(12, 4)": 0.13741400777900636, "(12, 5)": 0.11162812063418803, "(12, 6)": 0.11920365565666613, "(12, 7)": 0.11553672991452213, "(12, 8)": 0.17719972033226505, "(12, 9)": 0.31041112767132417, "(12, 10)": 0.4232589615519433, "(12, 11)": 0.4038540298093899, "(12, 13)": 0.42282221379304274, "(13, 0)": 0.6227537956827818, "(13, 1)": 0.1487293687515977, "(13, 2)": 0.3324457697641716, "(13, 3)": 0.15967266508742373, "(13, 4)": 0.10217591903582524, "(13, 5)": 0.08963422990588366, "(13, 6)": 0.13695717405219932, "(13, 7)": 0.11036690047175313, "(13, 8)": 0.14352571550601145, "(13, 9)": 0.27549502886131316, "(13, 10)": 0.3456110644870375, "(13, 11)": 0.48505634285046484, "(13, 12)": 0.4240473311888532}