{"(0, 1)": 0.2139342693509807, "(0, 2)": 0.3843990696492098, "(0, 3)": 0.2214326523005351, "(0, 4)": 0.11236851117426527, "(0, 5)": 0.08720446484367561, "(0, 6)": 0.1194988230852394, "(0, 7)": 0.09177251983649903, "(0, 8)": 0.12186995465782602, "(0, 9)": 0.22263875669192879, "(0, 10)": 0.27725924954720815, "(0, 11)": 0.42747590862306617, "(0, 12)": 0.35668039214173897, "(0, 13)": 0.6177003129078558, "(1, 0)": 0.20206780509289646, "(1, 2)": 0.18287821859739772, "(1, 3)": 0.3271597829090436, "(1, 4)": 0.16556769316666053, "(1, 5)": 0.09435209278291623, "(1, 6)": 0.06839858607216709, "(1, 7)": 0.04872521063046642, "(1, 8)": 0.057893288171266266, "(1, 9)": 0.05657630682826109, "(1, 10)": 0.0787636255240255, "(1, 11)": 0.11032099048265553, "(1, 12)": 0.11048062136836034, "(1, 13)": 0.13169410113502478, "(2, 0)": 0.3848826106507143, "(2, 1)": 0.17403954541990163, "(2, 3)": 0.2870224881051756, "(2, 4)": 0.13760124541659657, "(2, 5)": 0.1122136078145125, "(2, 6)": 0.09549215430484936, "(2, 7)": 0.1110358640008724, "(2, 8)": 0.11391742895829049, "(2, 9)": 0.16399560684574133, "(2, 10)": 0.22647542365051399, "(2, 11)": 0.3886893082520885, "(2, 12)": 0.23381178230418187, "(2, 13)": 0.3317573280555569, "(3, 0)": 0.20551725492657325, "(3, 1)": 0.3183019555564025, "(3, 2)": 0.28790311859012696, "(3, 4)": 0.17352001947610451, "(3, 5)": 0.09547751468386745, "(3, 6)": 0.0708520340029476, "(3, 7)": 0.06578651041205319, "(3, 8)": 0.06537069568830711, "(3, 9)": 0.07523803134053175, "(3, 10)": 0.09758526072278217, "(3, 11)": 0.16166942602531553, "(3, 12)": 0.12515825150510462, "(3, 13)": 0.14346751477882858, "(4, 0)": 0.11228331509953726, "(4, 1)": 0.16028561502352046, "(4, 2)": 0.14421077444621022, "(4, 3)": 0.18999016086325426, "(4, 5)": 0.31810789482781643, "(4, 6)": 0.1824990780628769, "(4, 7)": 0.14321120125543318, "(4, 8)": 0.13587542724861912, "(4, 9)": 0.13391024003424423, "(4, 10)": 0.1511251024420115, "(4, 11)": 0.11106564295854682, "(4, 12)": 0.12331369473168119, "(4, 13)": 0.09581298269089922, "(5, 0)": 0.09885574016656806, "(5, 1)": 0.1059531699093087, "(5, 2)": 0.13169579611040205, "(5, 3)": 0.13198227556232445, "(5, 4)": 0.32816506564215653, "(5, 6)": 0.25597647699408455, "(5, 7)": 0.19914905134430771, "(5, 8)": 0.20585135486106354, "(5, 9)": 0.17130267438798086, "(5, 10)": 0.12665661141447138, "(5, 11)": 0.12186014374556886, "(5, 12)": 0.11236301070733934, "(5, 13)": 0.09482483145373799, "(6, 0)": 0.11765915914657565, "(6, 1)": 0.08123078985781063, "(6, 2)": 0.09191883397358203, "(6, 3)": 0.07587953155158045, "(6, 4)": 0.16651500191943924, "(6, 5)": 0.2221981383059939, "(6, 7)": 0.17102585779977286, "(6, 8)": 0.19262582534974004, "(6, 9)": 0.13257410970787886, "(6, 10)": 0.12137846369954064, "(6, 11)": 0.1632392888642723, "(6, 12)": 0.10229317998387999, "(6, 13)": 0.11881731477984436, "(7, 0)": 0.08066386967596706, "(7, 1)": 0.09349726953679027, "(7, 2)": 0.11677568538629868, "(7, 3)": 0.10361603221548199, "(7, 4)": 0.13258451346920874, "(7, 5)": 0.19492721077934305, "(7, 6)": 0.17948413921716644, "(7, 8)": 0.44103097072166075, "(7, 9)": 0.24076356649610842, "(7, 10)": 0.17087904813793964, "(7, 11)": 0.16676306220400028, "(7, 12)": 0.10955222212463966, "(7, 13)": 0.09262369627237044, "(8, 0)": 0.1016477082247762, "(8, 1)": 0.05753447391215305, "(8, 2)": 0.10882170578344119, "(8, 3)": 0.06728623328045691, "(8, 4)": 0.12090735401056885, "(8, 5)": 0.1935519217197177, "(8, 6)": 0.1849553712750821, "(8, 7)": 0.4393205207593671, "(8, 9)": 0.3644935599061804, "(8, 10)": 0.22973946498949438, "(8, 11)": 0.20062738113316725, "(8, 12)": 0.17339045099431383, "(8, 13)": 0.1256773672340169, "(9, 0)": 0.2091535110245697, "(9, 1)": 0.06416329693232015, "(9, 2)": 0.16306928192865577, "(9, 3)": 0.08460973228847646, "(9, 4)": 0.13367135597829438, "(9, 5)": 0.15590745179459042, "(9, 6)": 0.14446015954554703, "(9, 7)": 0.24013977215808924, "(9, 8)": 0.3553863522974994, "(9, 10)": 0.35352260075701114, "(9, 11)": 0.287379926000233, "(9, 12)": 0.30416195082870556, "(9, 13)": 0.2609862794824408, "(10, 0)": 0.2675116427582278, "(10, 1)": 0.0875544483790901, "(10, 2)": 0.2190368547161149, "(10, 3)": 0.10447749771961712, "(10, 4)": 0.14459107794301795, "(10, 5)": 0.11575725839959783, "(10, 6)": 0.13283629502360317, "(10, 7)": 0.17437077583108052, "(10, 8)": 0.2270374553672303, "(10, 9)": 0.3429861923666627, "(10, 11)": 0.39285512802473266, "(10, 12)": 0.41524123155064474, "(10, 13)": 0.3324922288141299, "(11, 0)": 0.4212211637818649, "(11, 1)": 0.09949411184057233, "(11, 2)": 0.38772589994578555, "(11, 3)": 0.147253114369558, "(11, 4)": 0.09183438038918812, "(11, 5)": 0.09159753806495141, "(11, 6)": 0.14809579905945314, "(11, 7)": 0.15247453531945832, "(11, 8)": 0.2043354402780465, "(11, 9)": 0.28054582915912085, "(11, 10)": 0.384746535900681, "(11, 12)": 0.401676885131265, "(11, 13)": 0.4765923292212304, "(12, 0)": 0.34935607298934657, "(12, 1)": 0.12100710227262301, "(12, 2)": 0.23055880878136714, "(12, 3)": 0.14194685239596638, "(12, 4)": 0.1346728276815966, "(12, 5)": 0.10841289037208368, "(12, 6)": 0.11425521233872926, "(12, 7)": 0.11597457874721129, "(12, 8)": 0.17564199068389108, "(12, 9)": 0.30628742687043875, "(12, 10)": 0.4198246850358558, "(12, 11)": 0.40353896722052607, "(12, 13)": 0.41722960314653046, "(13, 0)": 0.6161688493673128, "(13, 1)": 0.1551307984190673, "(13, 2)": 0.3264051442381741, "(13, 3)": 0.15891946148525593, "(13, 4)": 0.10148623478392349, "(13, 5)": 0.08542506130045557, "(13, 6)": 0.13278152034975188, "(13, 7)": 0.10700479987622302, "(13, 8)": 0.13631636494113286, "(13, 9)": 0.2666084403702955, "(13, 10)": 0.3384572377046633, "(13, 11)": 0.4816351113109918, "(13, 12)": 0.4204759167433402}