{"(0, 1)": 0.21865962859314325, "(0, 2)": 0.21646326664885607, "(1, 0)": 0.02323072306054319, "(1, 2)": -0.0010144487104180033, "(2, 0)": -0.0011710030529967774, "(2, 1)": 0.0040512942522115125}