{"(0, 1)": 0.1957486673189952, "(0, 2)": 0.16388878568276288, "(1, 0)": 0.023086156030872607, "(1, 2)": 0.048489862792238214, "(2, 0)": 0.00034898772647096177, "(2, 1)": -0.004070828715328378}