{"(0, 1)": 0.19174024677490586, "(0, 2)": 0.2955177390805114, "(1, 0)": 0.021433454239065397, "(1, 2)": 0.009788421308734252, "(2, 0)": 0.002326490923390989, "(2, 1)": 0.000586926064681248}