{"(0, 1)": 0.2066044580923062, "(0, 2)": 0.23992460510862956, "(1, 0)": 0.028361034692347742, "(1, 2)": -0.0009350383102262327, "(2, 0)": -0.0032946889986982253, "(2, 1)": -0.0022140799189740434}