{"(0, 1)": 0.20799778685718961, "(0, 2)": 0.36997593729586686, "(1, 0)": 0.023813381637391884, "(1, 2)": -0.0010772613165015432, "(2, 0)": -0.0008088229894613885, "(2, 1)": -0.003765315837158223}