{"(0, 1)": 0.06052844275083391, "(0, 2)": 0.09001671564364178, "(0, 3)": 0.048956920906609636, "(0, 4)": 0.11548491166088393, "(0, 5)": 0.08896542116204331, "(0, 6)": 0.11232349359072957, "(0, 7)": 0.15096464763828066, "(0, 8)": 0.07651049908260699, "(0, 9)": 0.07010993689341449, "(0, 10)": 0.04177384456313282, "(1, 0)": 0.06913675627242, "(1, 2)": 0.14784192912991823, "(1, 3)": 0.07561587093294897, "(1, 4)": 0.17640012221760415, "(1, 5)": 0.13780069858109723, "(1, 6)": 0.16437028044558144, "(1, 7)": 0.08948095895610153, "(1, 8)": 0.08315499182629238, "(1, 9)": 0.087563406093353, "(1, 10)": 0.043002679780124065, "(2, 0)": 0.07482944821242121, "(2, 1)": 0.18000162615875404, "(2, 3)": 0.051101354920116915, "(2, 4)": 0.10487553442099262, "(2, 5)": 0.07194473418385083, "(2, 6)": 0.10258572588993653, "(2, 7)": 0.07040958132934738, "(2, 8)": 0.09926167254371032, "(2, 9)": 0.04761785051023004, "(2, 10)": 0.052641647957109905, "(3, 0)": 0.11649173377401345, "(3, 1)": 0.16415533859886966, "(3, 2)": 0.09016511722353615, "(3, 4)": 0.17306773337283865, "(3, 5)": 0.20443638816601306, "(3, 6)": 0.2806685382089249, "(3, 7)": 0.33650218819792876, "(3, 8)": 0.1358622271699983, "(3, 9)": 0.1608198943269067, "(3, 10)": 0.1855458893951446, "(4, 0)": 0.1273697107914059, "(4, 1)": 0.2178727335997238, "(4, 2)": 0.07568228551630574, "(4, 3)": 0.11619392878625878, "(4, 5)": 0.16758477470329392, "(4, 6)": 0.2553066937045325, "(4, 7)": 0.26175939556965455, "(4, 8)": 0.08697361629386435, "(4, 9)": 0.14335920733394292, "(4, 10)": 0.18079310668154314, "(5, 0)": 0.08295424184072575, "(5, 1)": 0.1235206792903929, "(5, 2)": 0.054147803939117445, "(5, 3)": 0.13650143931496173, "(5, 4)": 0.10608418315760337, "(5, 6)": 0.38595467837160713, "(5, 7)": 0.0708790734631598, "(5, 8)": 0.054615349026238214, "(5, 9)": 0.06224930660603045, "(5, 10)": 0.06179389634824517, "(6, 0)": 0.1263091840477083, "(6, 1)": 0.1920559927553842, "(6, 2)": 0.10568465730652032, "(6, 3)": 0.21645040234207769, "(6, 4)": 0.2530082607205163, "(6, 5)": 0.4177984340750901, "(6, 7)": 0.21425674402769446, "(6, 8)": 0.1139036442658874, "(6, 9)": 0.15650514338767796, "(6, 10)": 0.14544246174253972, "(7, 0)": 0.3039818952053909, "(7, 1)": 0.26935187068357924, "(7, 2)": 0.23959463749600163, "(7, 3)": 0.3597952119661768, "(7, 4)": 0.38843707420019, "(7, 5)": 0.21424193169845318, "(7, 6)": 0.25390745434606465, "(7, 8)": 0.2118649069413917, "(7, 9)": 0.24839599273508028, "(7, 10)": 0.48075634051525595, "(8, 0)": 0.06891871598294852, "(8, 1)": 0.059249831469251224, "(8, 2)": 0.07072514779869832, "(8, 3)": 0.06419866897377136, "(8, 4)": 0.046683755163010154, "(8, 5)": 0.04628399685300777, "(8, 6)": 0.06523973324213428, "(8, 7)": 0.026026328999459225, "(8, 9)": 0.07194431370550858, "(8, 10)": 0.04146840507780303, "(9, 0)": 0.051629401691126175, "(9, 1)": 0.06797499802762164, "(9, 2)": 0.03744426659055644, "(9, 3)": 0.04727399481394989, "(9, 4)": 0.10872969492378137, "(9, 5)": 0.05938774267055491, "(9, 6)": 0.09339464375881523, "(9, 7)": 0.06899875414665779, "(9, 8)": 0.06823190846740379, "(9, 10)": 0.0550010864866719, "(10, 0)": 0.042453963182259136, "(10, 1)": 0.04437733996696591, "(10, 2)": 0.04312393592121044, "(10, 3)": 0.12757216120828907, "(10, 4)": 0.14233565835541584, "(10, 5)": 0.056524310774145214, "(10, 6)": 0.09531883145711695, "(10, 7)": 0.3405377123978175, "(10, 8)": 0.05785148303931986, "(10, 9)": 0.053461662954980005}