{"(0, 1)": 0.0629603286345064, "(0, 2)": 0.09047197302234977, "(0, 3)": 0.05037219329990572, "(0, 4)": 0.12320530136773056, "(0, 5)": 0.09484748157563516, "(0, 6)": 0.1118170060636885, "(0, 7)": 0.15029045513526562, "(0, 8)": 0.07867308530196326, "(0, 9)": 0.07476397520270706, "(0, 10)": 0.041709475348241876, "(1, 0)": 0.07696987360780227, "(1, 2)": 0.15190865267610898, "(1, 3)": 0.07782014332948606, "(1, 4)": 0.18057657691366202, "(1, 5)": 0.13913739189943053, "(1, 6)": 0.1650356331888001, "(1, 7)": 0.0918048283552757, "(1, 8)": 0.08851844413397347, "(1, 9)": 0.08776772880662731, "(1, 10)": 0.04490891002180686, "(2, 0)": 0.07536973315152284, "(2, 1)": 0.18698530804065583, "(2, 3)": 0.056077301449390826, "(2, 4)": 0.10349121159818497, "(2, 5)": 0.07015771534241322, "(2, 6)": 0.10675736603455965, "(2, 7)": 0.07229914421520223, "(2, 8)": 0.09919370388623605, "(2, 9)": 0.047193325675490394, "(2, 10)": 0.05215894435461521, "(3, 0)": 0.1172395956691763, "(3, 1)": 0.16421929369060284, "(3, 2)": 0.0931753138989081, "(3, 4)": 0.1715717235990738, "(3, 5)": 0.2124397235447636, "(3, 6)": 0.28528737925157477, "(3, 7)": 0.333124846779993, "(3, 8)": 0.13541662657928477, "(3, 9)": 0.15709915784397033, "(3, 10)": 0.18772416549772664, "(4, 0)": 0.13765049499275261, "(4, 1)": 0.22141547503386205, "(4, 2)": 0.08470363860249175, "(4, 3)": 0.11090525142411267, "(4, 5)": 0.17034079860407103, "(4, 6)": 0.25835477624898806, "(4, 7)": 0.2643875956923496, "(4, 8)": 0.07798040246722515, "(4, 9)": 0.15048060091570103, "(4, 10)": 0.18729489330876647, "(5, 0)": 0.0868281081486515, "(5, 1)": 0.11708279230137864, "(5, 2)": 0.05974562049415111, "(5, 3)": 0.1453464521155281, "(5, 4)": 0.10531476597709266, "(5, 6)": 0.3882087574704095, "(5, 7)": 0.0744497865679592, "(5, 8)": 0.05350261898741426, "(5, 9)": 0.06925154780734366, "(5, 10)": 0.06434000643951199, "(6, 0)": 0.12814107398204255, "(6, 1)": 0.2029889207042075, "(6, 2)": 0.10760785212423041, "(6, 3)": 0.2171346380919147, "(6, 4)": 0.25373189370393123, "(6, 5)": 0.4240295395905286, "(6, 7)": 0.21824080406762492, "(6, 8)": 0.1086461930320064, "(6, 9)": 0.15552056543311943, "(6, 10)": 0.15053460000157703, "(7, 0)": 0.30514420517853813, "(7, 1)": 0.26987899686319305, "(7, 2)": 0.24405406244697114, "(7, 3)": 0.35486679940372634, "(7, 4)": 0.38789772839371983, "(7, 5)": 0.20979192168721483, "(7, 6)": 0.25099687576392926, "(7, 8)": 0.2119619288980722, "(7, 9)": 0.2548695334849199, "(7, 10)": 0.48340242088764707, "(8, 0)": 0.06896328117333728, "(8, 1)": 0.056373966942974585, "(8, 2)": 0.07247933616263014, "(8, 3)": 0.07061174326157149, "(8, 4)": 0.045472855550744096, "(8, 5)": 0.041927211379849116, "(8, 6)": 0.07124056800392642, "(8, 7)": 0.028632120202478295, "(8, 9)": 0.07139467702837632, "(8, 10)": 0.04276021265501084, "(9, 0)": 0.0607823438477072, "(9, 1)": 0.07084767621939747, "(9, 2)": 0.03514656010078021, "(9, 3)": 0.055799764787865525, "(9, 4)": 0.1084184604293833, "(9, 5)": 0.06787667545017906, "(9, 6)": 0.09847926454448508, "(9, 7)": 0.06930669534701328, "(9, 8)": 0.06684946407699455, "(9, 10)": 0.05572244081481725, "(10, 0)": 0.04381082440197215, "(10, 1)": 0.04388986973965969, "(10, 2)": 0.04180352390132891, "(10, 3)": 0.12420624556310533, "(10, 4)": 0.14007404742724316, "(10, 5)": 0.061435722350193456, "(10, 6)": 0.09656132314304389, "(10, 7)": 0.3369359087607934, "(10, 8)": 0.0584789442821817, "(10, 9)": 0.04690720865890341}