{"(0, 1)": 0.061987521675635815, "(0, 2)": 0.0837238284002122, "(0, 3)": 0.04619036569690649, "(0, 4)": 0.11304358741331033, "(0, 5)": 0.09089241238911516, "(0, 6)": 0.10643199299359007, "(0, 7)": 0.15482732678523325, "(0, 8)": 0.07297405475579821, "(0, 9)": 0.07074687289194082, "(0, 10)": 0.04359004875525907, "(1, 0)": 0.0699689064219956, "(1, 2)": 0.1488090127333238, "(1, 3)": 0.07737446989020735, "(1, 4)": 0.18243640881247192, "(1, 5)": 0.13280259164957597, "(1, 6)": 0.16729574630967503, "(1, 7)": 0.09685891896350118, "(1, 8)": 0.08420206766566973, "(1, 9)": 0.0920141260625329, "(1, 10)": 0.04138397557262152, "(2, 0)": 0.07613388464067716, "(2, 1)": 0.1849954426909015, "(2, 3)": 0.0515863215705773, "(2, 4)": 0.10628406567955284, "(2, 5)": 0.07010904245334626, "(2, 6)": 0.10178299100135524, "(2, 7)": 0.07477191260640181, "(2, 8)": 0.10116639496017277, "(2, 9)": 0.04894028661712635, "(2, 10)": 0.05265289108566851, "(3, 0)": 0.11329535738073959, "(3, 1)": 0.1626379728945685, "(3, 2)": 0.0909282229362719, "(3, 4)": 0.17126886014511866, "(3, 5)": 0.21005263561068976, "(3, 6)": 0.27982170649507, "(3, 7)": 0.33588841811231596, "(3, 8)": 0.13893320814372678, "(3, 9)": 0.16363306655012655, "(3, 10)": 0.18411136394511285, "(4, 0)": 0.136533920399443, "(4, 1)": 0.22529595358529964, "(4, 2)": 0.0812433583298251, "(4, 3)": 0.11198895314598123, "(4, 5)": 0.16044491210845813, "(4, 6)": 0.2557159071967041, "(4, 7)": 0.26615802543188316, "(4, 8)": 0.08722958877906961, "(4, 9)": 0.151847546887934, "(4, 10)": 0.1859565441627805, "(5, 0)": 0.0822220836811679, "(5, 1)": 0.12101211307669046, "(5, 2)": 0.05119781347695851, "(5, 3)": 0.13809040087168456, "(5, 4)": 0.10238307966457172, "(5, 6)": 0.3858863474922547, "(5, 7)": 0.06909974263613639, "(5, 8)": 0.04784708865627019, "(5, 9)": 0.06015597604350287, "(5, 10)": 0.06673686277215873, "(6, 0)": 0.13101729496908632, "(6, 1)": 0.19700576698151873, "(6, 2)": 0.10936208982840989, "(6, 3)": 0.212139356741754, "(6, 4)": 0.2520597377233763, "(6, 5)": 0.4218351193865535, "(6, 7)": 0.21502999022242775, "(6, 8)": 0.11873860532703928, "(6, 9)": 0.1494566825860597, "(6, 10)": 0.1521249435845976, "(7, 0)": 0.30848848443576704, "(7, 1)": 0.2694957040090509, "(7, 2)": 0.24367821123787337, "(7, 3)": 0.35412682404780493, "(7, 4)": 0.3936944398932479, "(7, 5)": 0.21290816009094538, "(7, 6)": 0.2565750522417529, "(7, 8)": 0.22127354222956563, "(7, 9)": 0.25355753494524136, "(7, 10)": 0.48061212938554976, "(8, 0)": 0.07060285128972732, "(8, 1)": 0.05303922544567663, "(8, 2)": 0.07618346463174896, "(8, 3)": 0.06594026979586898, "(8, 4)": 0.04150521728414214, "(8, 5)": 0.04358015754299094, "(8, 6)": 0.06425527541942821, "(8, 7)": 0.02955971812536584, "(8, 9)": 0.06766894181061567, "(8, 10)": 0.043647497018184045, "(9, 0)": 0.05747755944380717, "(9, 1)": 0.07352860988918697, "(9, 2)": 0.032593494834182724, "(9, 3)": 0.04926205960352148, "(9, 4)": 0.10656144118606936, "(9, 5)": 0.0645004207294515, "(9, 6)": 0.0954470352865826, "(9, 7)": 0.06896041537458264, "(9, 8)": 0.07238249063557134, "(9, 10)": 0.054598210477242115, "(10, 0)": 0.04632432747330639, "(10, 1)": 0.044795348887226805, "(10, 2)": 0.04084907865085785, "(10, 3)": 0.12138860504815807, "(10, 4)": 0.15103179409901257, "(10, 5)": 0.06049588381450344, "(10, 6)": 0.09871918985313555, "(10, 7)": 0.340312239987133, "(10, 8)": 0.05377861933290873, "(10, 9)": 0.04583216447641558}