{"(0, 1)": 0.0631994145101008, "(0, 2)": 0.08769652038967035, "(0, 3)": 0.04734288187897617, "(0, 4)": 0.1215683891076379, "(0, 5)": 0.0956386245016686, "(0, 6)": 0.11517276987355451, "(0, 7)": 0.15322467325251732, "(0, 8)": 0.0750338820277946, "(0, 9)": 0.07442384418450121, "(0, 10)": 0.04571370338908354, "(1, 0)": 0.07364014404560026, "(1, 2)": 0.13938752096485163, "(1, 3)": 0.07641945247255, "(1, 4)": 0.17868133689302312, "(1, 5)": 0.13514788352869023, "(1, 6)": 0.16391876279889117, "(1, 7)": 0.09981318031568087, "(1, 8)": 0.08411258509513952, "(1, 9)": 0.0871329347537102, "(1, 10)": 0.04538770676038717, "(2, 0)": 0.08140142075651602, "(2, 1)": 0.17847670138294092, "(2, 3)": 0.05437135060987197, "(2, 4)": 0.10507821320879085, "(2, 5)": 0.07150315592847212, "(2, 6)": 0.10609921651445642, "(2, 7)": 0.07640675765911986, "(2, 8)": 0.09919012964327578, "(2, 9)": 0.0527949630223542, "(2, 10)": 0.05346956933820168, "(3, 0)": 0.11719333600835313, "(3, 1)": 0.15789209213354838, "(3, 2)": 0.08872131347251344, "(3, 4)": 0.16853858561241164, "(3, 5)": 0.20840079074998985, "(3, 6)": 0.2783125946056746, "(3, 7)": 0.32857912306459347, "(3, 8)": 0.13488402886676487, "(3, 9)": 0.16175721100337082, "(3, 10)": 0.18852036824798069, "(4, 0)": 0.13288633436170383, "(4, 1)": 0.22034199932657694, "(4, 2)": 0.08342731782150192, "(4, 3)": 0.10790895773892806, "(4, 5)": 0.16087558275588332, "(4, 6)": 0.2597146024643102, "(4, 7)": 0.27194106621408065, "(4, 8)": 0.08259947613896246, "(4, 9)": 0.14600754736476662, "(4, 10)": 0.18046430050590911, "(5, 0)": 0.08565772934617111, "(5, 1)": 0.12378974922986108, "(5, 2)": 0.05195032758580176, "(5, 3)": 0.14459279673673997, "(5, 4)": 0.10760616957796931, "(5, 6)": 0.3931838720665014, "(5, 7)": 0.06975601435109136, "(5, 8)": 0.05119161083138679, "(5, 9)": 0.061552191176158955, "(5, 10)": 0.06614930966121624, "(6, 0)": 0.13595982397388984, "(6, 1)": 0.18961437187862562, "(6, 2)": 0.10555108296067273, "(6, 3)": 0.20974666715193602, "(6, 4)": 0.2544937465482243, "(6, 5)": 0.42375806277679917, "(6, 7)": 0.21405301262986698, "(6, 8)": 0.11117118950285687, "(6, 9)": 0.15823578591284615, "(6, 10)": 0.1459511924455582, "(7, 0)": 0.3092816772805217, "(7, 1)": 0.2697886363511437, "(7, 2)": 0.2439611010373932, "(7, 3)": 0.3577074167202611, "(7, 4)": 0.39500949316650924, "(7, 5)": 0.20986848122772994, "(7, 6)": 0.2534327394036464, "(7, 8)": 0.21221574854887992, "(7, 9)": 0.25944568988192995, "(7, 10)": 0.48274702860545715, "(8, 0)": 0.06666178606010553, "(8, 1)": 0.053830277769931545, "(8, 2)": 0.07218799869786463, "(8, 3)": 0.06987990561704505, "(8, 4)": 0.043329006017186145, "(8, 5)": 0.04434611089407148, "(8, 6)": 0.06333046492548855, "(8, 7)": 0.029208700615386718, "(8, 9)": 0.0689777804383298, "(8, 10)": 0.03912483163987135, "(9, 0)": 0.06499192297501144, "(9, 1)": 0.06972389815974245, "(9, 2)": 0.028304471055246472, "(9, 3)": 0.049519724027414114, "(9, 4)": 0.1087390478236242, "(9, 5)": 0.060706828899351084, "(9, 6)": 0.09623560850469848, "(9, 7)": 0.07210054431323143, "(9, 8)": 0.07174537259740077, "(9, 10)": 0.051801305314818746, "(10, 0)": 0.04868651392360368, "(10, 1)": 0.04684733853809475, "(10, 2)": 0.03939535959634255, "(10, 3)": 0.1275073161312753, "(10, 4)": 0.1421059073449603, "(10, 5)": 0.06733105217452773, "(10, 6)": 0.09480432170985353, "(10, 7)": 0.33990579388810127, "(10, 8)": 0.05878980744653095, "(10, 9)": 0.05045997064025254}