{"(0, 1)": 0.06114921266342266, "(0, 2)": 0.08997744320100443, "(0, 3)": 0.05052518318872301, "(0, 4)": 0.11785982179748211, "(0, 5)": 0.09432355826280114, "(0, 6)": 0.11570455885293007, "(0, 7)": 0.15094098928811872, "(0, 8)": 0.07940110109147369, "(0, 9)": 0.06921539974656299, "(0, 10)": 0.045515828193033236, "(1, 0)": 0.07641662009551253, "(1, 2)": 0.14986625621934235, "(1, 3)": 0.08102890206944025, "(1, 4)": 0.17976897590490215, "(1, 5)": 0.14231343329559076, "(1, 6)": 0.17356597790926898, "(1, 7)": 0.088754455496734, "(1, 8)": 0.08829635373080014, "(1, 9)": 0.09168583134066921, "(1, 10)": 0.040920630498491595, "(2, 0)": 0.07285405308426063, "(2, 1)": 0.18529751727282884, "(2, 3)": 0.05231261369017848, "(2, 4)": 0.10105602050967566, "(2, 5)": 0.07470504107446319, "(2, 6)": 0.11015311076700485, "(2, 7)": 0.0736322497178803, "(2, 8)": 0.10024047018271298, "(2, 9)": 0.05030476973784026, "(2, 10)": 0.04925411316049444, "(3, 0)": 0.12179068285882733, "(3, 1)": 0.1634683712941466, "(3, 2)": 0.08563718655962438, "(3, 4)": 0.1691274850447413, "(3, 5)": 0.21013282244603126, "(3, 6)": 0.28153865458472993, "(3, 7)": 0.3366758492420292, "(3, 8)": 0.13420034109825807, "(3, 9)": 0.16167101304356102, "(3, 10)": 0.18459604823871167, "(4, 0)": 0.1305310515926803, "(4, 1)": 0.2232543472359536, "(4, 2)": 0.07993455672551686, "(4, 3)": 0.10764317171950755, "(4, 5)": 0.166814609487269, "(4, 6)": 0.2591479322255761, "(4, 7)": 0.26564421102539404, "(4, 8)": 0.08231743516599721, "(4, 9)": 0.1507814735858496, "(4, 10)": 0.183248527989039, "(5, 0)": 0.08288206364478157, "(5, 1)": 0.1306972661437028, "(5, 2)": 0.05770883547431682, "(5, 3)": 0.15107153697185882, "(5, 4)": 0.105032610040667, "(5, 6)": 0.39467362221793933, "(5, 7)": 0.07229577249454411, "(5, 8)": 0.04880625315246545, "(5, 9)": 0.06719536307270191, "(5, 10)": 0.06852247955981816, "(6, 0)": 0.12868123509424978, "(6, 1)": 0.20010641124710493, "(6, 2)": 0.09723626682177355, "(6, 3)": 0.21923969622494976, "(6, 4)": 0.2572214127266109, "(6, 5)": 0.42859195387854776, "(6, 7)": 0.2149996911862544, "(6, 8)": 0.11094045218238568, "(6, 9)": 0.15749311903562224, "(6, 10)": 0.14740107757122878, "(7, 0)": 0.304574038424857, "(7, 1)": 0.2712587268614055, "(7, 2)": 0.2421588231020223, "(7, 3)": 0.36183018477617024, "(7, 4)": 0.3907570332875455, "(7, 5)": 0.212635842045104, "(7, 6)": 0.25077019567712133, "(7, 8)": 0.21173487038363092, "(7, 9)": 0.25642949895519085, "(7, 10)": 0.4811874404767613, "(8, 0)": 0.06377061488483893, "(8, 1)": 0.059676117082980484, "(8, 2)": 0.07208904264416816, "(8, 3)": 0.07420183001872693, "(8, 4)": 0.050783552989303815, "(8, 5)": 0.04095563666678925, "(8, 6)": 0.06460292053147754, "(8, 7)": 0.032517396007847754, "(8, 9)": 0.06546575867773419, "(8, 10)": 0.044442842373273894, "(9, 0)": 0.05100268308374756, "(9, 1)": 0.07484558909538241, "(9, 2)": 0.037497122178604236, "(9, 3)": 0.05919324606359411, "(9, 4)": 0.11290357057047617, "(9, 5)": 0.06339278858743058, "(9, 6)": 0.09797259790759938, "(9, 7)": 0.06573695110084232, "(9, 8)": 0.07168710699341285, "(9, 10)": 0.06074773404034628, "(10, 0)": 0.04847575404249982, "(10, 1)": 0.04631447161724034, "(10, 2)": 0.04166940706341704, "(10, 3)": 0.12674644350616038, "(10, 4)": 0.14264265060017212, "(10, 5)": 0.06335466086029329, "(10, 6)": 0.1009051854247639, "(10, 7)": 0.34202625113647733, "(10, 8)": 0.0588470337775816, "(10, 9)": 0.05150132972139654}