{"(0, 1)": 0.6566276791575281, "(0, 2)": 0.5902606161786577, "(1, 0)": 0.09166640386651059, "(1, 2)": -0.0006680307148250186, "(2, 0)": 0.026905317134603757, "(2, 1)": 0.0009647172414605221}