{"(0, 1)": 0.6516314973567978, "(0, 2)": 0.5781033070424558, "(1, 0)": 0.0974401967872881, "(1, 2)": -0.0023229702665841234, "(2, 0)": 0.027024438416679786, "(2, 1)": 0.0010035129161563017}