{"(0, 1)": 0.6534761011302295, "(0, 2)": 0.5872293230018655, "(1, 0)": 0.09794453808375336, "(1, 2)": -0.001620690461074048, "(2, 0)": 0.030159002543978963, "(2, 1)": 0.0015123449106126952}