{"(0, 1)": 0.6565809100906976, "(0, 2)": 0.592283564808518, "(1, 0)": 0.08947275474362537, "(1, 2)": -0.0034391068050065865, "(2, 0)": 0.030046216183792662, "(2, 1)": 0.006392384368208992}