{"(0, 1)": 0.653715253621705, "(0, 2)": 0.5902934648922543, "(1, 0)": 0.09455419684078137, "(1, 2)": -0.001029129706960008, "(2, 0)": 0.01964575775935684, "(2, 1)": 0.006094433406987232}