{"(0, 1)": 0.9884494507352125, "(0, 2)": 0.987095469052651, "(0, 3)": 0.983279699221913, "(0, 4)": 0.9965524809748552, "(1, 0)": 0.9887082751425833, "(1, 2)": 0.9826942323097653, "(1, 3)": 0.9821366030802048, "(1, 4)": 0.9910788726985744, "(2, 0)": 0.9865812801998408, "(2, 1)": 0.9815320450366655, "(2, 3)": 0.9831153636565081, "(2, 4)": 0.9845799149259659, "(3, 0)": 0.9826886090937393, "(3, 1)": 0.9824204299330339, "(3, 2)": 0.9840108661866049, "(3, 4)": 0.982542284008459, "(4, 0)": 0.9964887981390557, "(4, 1)": 0.9908349048530536, "(4, 2)": 0.9848828177262018, "(4, 3)": 0.9826857843013256}