{"(0, 1)": 0.9884040549423304, "(0, 2)": 0.9871270227340029, "(0, 3)": 0.9832850061187591, "(0, 4)": 0.9965270565440818, "(1, 0)": 0.9886502314974872, "(1, 2)": 0.9827500658621343, "(1, 3)": 0.9821416487338901, "(1, 4)": 0.991021386401888, "(2, 0)": 0.9865053688544579, "(2, 1)": 0.9814516234258941, "(2, 3)": 0.9831211240416046, "(2, 4)": 0.984476519304354, "(3, 0)": 0.982593202504062, "(3, 1)": 0.9823376527093847, "(3, 2)": 0.9840543383565514, "(3, 4)": 0.9824206506057113, "(4, 0)": 0.9964690285904254, "(4, 1)": 0.9907971744874546, "(4, 2)": 0.9849219625341364, "(4, 3)": 0.9826937910555469}