{"(0, 1)": 0.9884184471218559, "(0, 2)": 0.9870940820073144, "(0, 3)": 0.983270976146085, "(0, 4)": 0.9965414178300357, "(1, 0)": 0.9886921712439167, "(1, 2)": 0.9826995826277847, "(1, 3)": 0.9821241769379787, "(1, 4)": 0.9910602080821612, "(2, 0)": 0.9865652529874821, "(2, 1)": 0.9814748592721032, "(2, 3)": 0.98310239891011, "(2, 4)": 0.9845482870995104, "(3, 0)": 0.9826676636545401, "(3, 1)": 0.9823605842268478, "(3, 2)": 0.9840141397415115, "(3, 4)": 0.9825018058652524, "(4, 0)": 0.9964834163011888, "(4, 1)": 0.990809454136537, "(4, 2)": 0.9848810979999734, "(4, 3)": 0.9826822074293485}