{"(0, 1)": 0.9884508358588129, "(0, 2)": 0.9870675115943313, "(0, 3)": 0.9832550271110955, "(0, 4)": 0.996531512428929, "(1, 0)": 0.9886449007961694, "(1, 2)": 0.9826625518124317, "(1, 3)": 0.9821118373458654, "(1, 4)": 0.9910289791583404, "(2, 0)": 0.9865020243013856, "(2, 1)": 0.9815299757411785, "(2, 3)": 0.9830840924246771, "(2, 4)": 0.984488983880236, "(3, 0)": 0.9825896185341111, "(3, 1)": 0.9824130773539479, "(3, 2)": 0.9839685769098203, "(3, 4)": 0.9824430748891532, "(4, 0)": 0.9964662707010143, "(4, 1)": 0.9908376800667507, "(4, 2)": 0.9848447431496297, "(4, 3)": 0.9826602344981791}