{"(0, 1)": 0.9884530865763183, "(0, 2)": 0.9870488589289756, "(0, 3)": 0.983218287871457, "(0, 4)": 0.9965407406469796, "(1, 0)": 0.9886709947930793, "(1, 2)": 0.9826305074040367, "(1, 3)": 0.9820734725342856, "(1, 4)": 0.9910652858177911, "(2, 0)": 0.986541619219435, "(2, 1)": 0.9815363367369735, "(2, 3)": 0.9830492339558627, "(2, 4)": 0.9845396489274824, "(3, 0)": 0.9826326635791136, "(3, 1)": 0.9824204951983825, "(3, 2)": 0.9839464687273479, "(3, 4)": 0.9825051821110646, "(4, 0)": 0.9964721600015776, "(4, 1)": 0.9908352311619772, "(4, 2)": 0.9848268402550886, "(4, 3)": 0.982624755963436}