{"(0, 1)": 0.5990234595372972, "(0, 2)": 0.00819734820519502, "(1, 0)": 0.5661880000334347, "(1, 2)": 0.011183745240766152, "(2, 0)": 0.05667795647471008, "(2, 1)": 0.05760381856008978}