{"(0, 1)": 0.5974627297252952, "(0, 2)": 0.007642664678640276, "(1, 0)": 0.5643544524079692, "(1, 2)": 0.0056730635672263, "(2, 0)": 0.05669426823230839, "(2, 1)": 0.06050450120515827}