{"(0, 1)": 0.5976190122097103, "(0, 2)": 0.007155948483074326, "(1, 0)": 0.5628150459699952, "(1, 2)": 0.009989752764229531, "(2, 0)": 0.0540979413478051, "(2, 1)": 0.05320464163362015}