{"(0, 1)": 0.595776920495708, "(0, 2)": 0.004364256765536756, "(1, 0)": 0.5623039428336227, "(1, 2)": 0.014715504601303775, "(2, 0)": 0.05695514259117773, "(2, 1)": 0.055349259866866785}