{"(0, 1)": 0.5958276110271352, "(0, 2)": 0.004555084094291173, "(1, 0)": 0.5657945266407224, "(1, 2)": 0.005902954316998055, "(2, 0)": 0.05614764476808631, "(2, 1)": 0.055450011008286615}